ts_utc,bucket,cycle,status,symbol,address,decimals,usd_in,amount_out,price_usd,price_impact_pct,multiplier,multiplier_raw,routes,reason
2026-09-17T15:14:16+00:00,2026-09-17T15:10+00:00,35238885546,ok,NVDAx,0xc845b2894dbddd03858fd2d643b4ef725fe0849d,18,5.0,0.022793126913575261,219.3643732586,NA,1.001701196801074056,1001701196801074000,Uniswap V4 100%|Uniswap V3 100%|xStocks wrap V2 100%,
2026-09-17T15:14:19+00:00,2026-09-17T15:10+00:00,35238885546,ok,MSTRx,0xae2f842ef90c0d5213259ab82639d5bbf649b08e,18,5.0,0.038978104778925611,128.2771450372,NA,1.,1000000000000000000,Uniswap V4 100%|Uniswap V3 100%|xStocks wrap V2 100%,
2026-09-17T15:14:21+00:00,2026-09-17T15:10+00:00,35238885546,ok,SPYx,0x90a2a4c76b5d8c0bc892a69ea28aa775a8f2dd48,18,5.0,0.006563902520343131,761.7419644036,NA,1.005714560286254056,1005714560286254000,Uniswap V4 100%|Uniswap V3 100%|xStocks wrap V2 100%,
2026-09-17T15:14:22+00:00,2026-09-17T15:10+00:00,35238885546,ok,QQQx,0xa753a7395cae905cd615da0b82a53e0560f250af,18,5.0,0.006985504110453748,715.7679561762,NA,1.002725029655105127,1002725029655105100,Uniswap V3 100%|xStocks wrap V2 100%,
2026-09-17T15:14:24+00:00,2026-09-17T15:10+00:00,35238885546,ok,GOOGLx,0xe92f673ca36c5e2efd2de7628f815f84807e803f,18,5.0,0.014428278412367285,346.5416910526,NA,1.002377250060348723,1002377250060348700,Uniswap V3 100%|xStocks wrap V2 100%,
2026-09-17T15:14:25+00:00,2026-09-17T15:10+00:00,35238885546,ok,BRK.Bx,0x12992613fdd35abe95dec5a4964331b1ee23b50d,18,5.0,0.009790193919282,510.7151136355,NA,1.,1000000000000000000,Uniswap V4 100%|Uniswap V3 100%|xStocks wrap V2 100%,
2026-09-17T15:14:27+00:00,2026-09-17T15:10+00:00,35238885546,ok,TSLAx,0x8ad3c73f833d3f9a523ab01476625f269aeb7cf0,18,5.0,0.013690470923865487,365.2175318005,NA,1.,1000000000000000000,Uniswap V3 100%|xStocks wrap V2 100%,
2026-09-17T15:14:29+00:00,2026-09-17T15:10+00:00,35238885546,ok,AAPLx,0x9d275685dc284c8eb1c79f6aba7a63dc75ec890a,18,5.0,0.015026345622378307,332.7489015395,NA,1.003269012539818705,1003269012539818700,Uniswap V4 100%|Uniswap V3 100%|xStocks wrap V2 100%,
2026-09-17T15:14:30+00:00,2026-09-17T15:10+00:00,35238885546,ok,COINx,0x364f210f430ec2448fc68a49203040f6124096f0,18,5.0,0.029799613055520605,167.7874135709,NA,1.,1000000000000000000,Uniswap V3 100%|xStocks wrap V2 100%,
2026-09-17T15:14:32+00:00,2026-09-17T15:10+00:00,35238885546,ok,TSMx,0x9e3bf4ecfc44eedd624f26656b6736a3f093b073,18,5.0,0.01176296949843442,425.0627361284,NA,1.006187447932033185,1006187447932033200,Uniswap V3 100%|xStocks wrap V2 100%,
2026-09-17T15:14:33+00:00,2026-09-17T15:10+00:00,35238885546,ok,AVGOx,0x38bac69cbbd28156796e4163b2b6dcb81e336565,18,5.0,0.014291926780556678,349.8478600382,NA,1.004883768486276807,1004883768486276800,Uniswap V3 100%|xStocks wrap V2 100%,
2026-09-17T15:14:35+00:00,2026-09-17T15:10+00:00,35238885546,ok,IWMx,0xdadfb355c6110eda0908740d52c834d6c2bcddc7,18,5.0,0.01740608991924222,287.2557836480,NA,1.004730320498842033,1004730320498842000,Uniswap V3 100%|xStocks wrap V2 100%,
2026-09-17T15:14:36+00:00,2026-09-17T15:10+00:00,35238885546,ok,HOODx,0xe1385fdd5ffb10081cd52c56584f25efa9084015,18,5.0,0.047057462199449722,106.2530737167,NA,1.,1000000000000000000,Uniswap V3 100%|xStocks wrap V2 100%,
2026-09-17T15:14:38+00:00,2026-09-17T15:10+00:00,35238885546,ok,ASMLx,0xc0b417e7f83db438631eb5e096684dd742e5294f,18,5.0,0.003072106825220275,1627.5475705964,NA,1.002866334414662441,1002866334414662400,Uniswap V3 100%|xStocks wrap V2 100%,
2026-09-17T19:05:14+00:00,2026-09-17T19:05+00:00,35262759426,ok,NVDAx,0xc845b2894dbddd03858fd2d643b4ef725fe0849d,18,5.0,0.022783639292098506,219.4557215332,NA,1.001701196801074056,1001701196801074000,Uniswap V4 100%|Uniswap V3 100%|xStocks wrap V2 100%,
2026-09-17T19:05:17+00:00,2026-09-17T19:05+00:00,35262759426,ok,MSTRx,0xae2f842ef90c0d5213259ab82639d5bbf649b08e,18,5.0,0.037869120838164599,132.0336963028,NA,1.,1000000000000000000,Uniswap V4 100%|Uniswap V3 100%|xStocks wrap V2 100%,
2026-09-17T19:05:18+00:00,2026-09-17T19:05+00:00,35262759426,ok,SPYx,0x90a2a4c76b5d8c0bc892a69ea28aa775a8f2dd48,18,5.0,0.006551163233609716,763.2232355848,NA,1.005714560286254056,1005714560286254000,Uniswap V4 100%|Uniswap V3 100%|xStocks wrap V2 100%,
2026-09-17T19:05:20+00:00,2026-09-17T19:05+00:00,35262759426,ok,QQQx,0xa753a7395cae905cd615da0b82a53e0560f250af,18,5.0,0.00697760936112956,716.5778049791,NA,1.002725029655105127,1002725029655105100,Uniswap V3 100%|xStocks wrap V2 100%,
2026-09-17T19:05:22+00:00,2026-09-17T19:05+00:00,35262759426,ok,GOOGLx,0xe92f673ca36c5e2efd2de7628f815f84807e803f,18,5.0,0.014444463898935587,346.1533799374,NA,1.002377250060348723,1002377250060348700,Uniswap V3 100%|xStocks wrap V2 100%,
2026-09-17T19:05:23+00:00,2026-09-17T19:05+00:00,35262759426,ok,BRK.Bx,0x12992613fdd35abe95dec5a4964331b1ee23b50d,18,5.0,0.009790216531510102,510.7139340491,NA,1.,1000000000000000000,Uniswap V4 100%|Uniswap V3 100%|xStocks wrap V2 100%,
2026-09-17T19:05:25+00:00,2026-09-17T19:05+00:00,35262759426,ok,TSLAx,0x8ad3c73f833d3f9a523ab01476625f269aeb7cf0,18,5.0,0.013623091384563354,367.0238904560,NA,1.,1000000000000000000,Uniswap V3 100%|xStocks wrap V2 100%,
2026-09-17T19:05:26+00:00,2026-09-17T19:05+00:00,35262759426,ok,AAPLx,0x9d275685dc284c8eb1c79f6aba7a63dc75ec890a,18,5.0,0.014860663903590744,336.4587230044,NA,1.003269012539818705,1003269012539818700,Uniswap V4 100%|Uniswap V3 100%|xStocks wrap V2 100%,
2026-09-17T19:05:28+00:00,2026-09-17T19:05+00:00,35262759426,ok,COINx,0x364f210f430ec2448fc68a49203040f6124096f0,18,5.0,0.029001832745343483,172.4028975653,NA,1.,1000000000000000000,Uniswap V3 100%|xStocks wrap V2 100%,
2026-09-17T19:05:30+00:00,2026-09-17T19:05+00:00,35262759426,ok,TSMx,0x9e3bf4ecfc44eedd624f26656b6736a3f093b073,18,5.0,0.011635047280662418,429.7361136048,NA,1.006187447932033185,1006187447932033200,Uniswap V3 100%|xStocks wrap V2 100%,
2026-09-17T19:05:31+00:00,2026-09-17T19:05+00:00,35262759426,ok,AVGOx,0x38bac69cbbd28156796e4163b2b6dcb81e336565,18,5.0,0.014343935792638211,348.5793628947,NA,1.004883768486276807,1004883768486276800,Uniswap V3 100%|xStocks wrap V2 100%,
2026-09-17T19:05:33+00:00,2026-09-17T19:05+00:00,35262759426,ok,IWMx,0xdadfb355c6110eda0908740d52c834d6c2bcddc7,18,5.0,0.017440498624233008,286.6890510259,NA,1.004730320498842033,1004730320498842000,Uniswap V3 100%|xStocks wrap V2 100%,
2026-09-17T19:05:34+00:00,2026-09-17T19:05+00:00,35262759426,ok,HOODx,0xe1385fdd5ffb10081cd52c56584f25efa9084015,18,5.0,0.046541186327720634,107.4317264883,NA,1.,1000000000000000000,Uniswap V3 100%|xStocks wrap V2 100%,
2026-09-17T19:05:36+00:00,2026-09-17T19:05+00:00,35262759426,ok,ASMLx,0xc0b417e7f83db438631eb5e096684dd742e5294f,18,5.0,0.003072913601268357,1627.1202672071,NA,1.002866334414662441,1002866334414662400,Uniswap V3 100%|xStocks wrap V2 100%,
2026-09-17T22:07:11+00:00,2026-09-17T22:05+00:00,35280376027,ok,NVDAx,0xc845b2894dbddd03858fd2d643b4ef725fe0849d,18,5.0,0.022811563558165097,219.1870797129,NA,1.001701196801074056,1001701196801074000,Uniswap V4 100%|Uniswap V3 100%|xStocks wrap V2 100%,
2026-09-17T22:07:13+00:00,2026-09-17T22:05+00:00,35280376027,ok,MSTRx,0xae2f842ef90c0d5213259ab82639d5bbf649b08e,18,5.0,0.037943606859495951,131.7745046884,NA,1.,1000000000000000000,Uniswap V4 100%|Uniswap V3 100%|xStocks wrap V2 100%,
2026-09-17T22:07:14+00:00,2026-09-17T22:05+00:00,35280376027,ok,SPYx,0x90a2a4c76b5d8c0bc892a69ea28aa775a8f2dd48,18,5.0,0.006550615696198655,763.2870300881,NA,1.005714560286254056,1005714560286254000,Uniswap V4 100%|Uniswap V3 100%|xStocks wrap V2 100%,
2026-09-17T22:07:16+00:00,2026-09-17T22:05+00:00,35280376027,ok,QQQx,0xa753a7395cae905cd615da0b82a53e0560f250af,18,5.0,0.00697323952096069,717.0268545875,NA,1.002725029655105127,1002725029655105100,Uniswap V3 100%|xStocks wrap V2 100%,
2026-09-17T22:07:17+00:00,2026-09-17T22:05+00:00,35280376027,ok,GOOGLx,0xe92f673ca36c5e2efd2de7628f815f84807e803f,18,5.0,0.014409887402408009,346.9839742928,NA,1.002377250060348723,1002377250060348700,Uniswap V3 100%|xStocks wrap V2 100%,
2026-09-17T22:07:18+00:00,2026-09-17T22:05+00:00,35280376027,ok,BRK.Bx,0x12992613fdd35abe95dec5a4964331b1ee23b50d,18,5.0,0.009789415363606249,510.7557309896,NA,1.,1000000000000000000,Uniswap V4 100%|Uniswap V3 100%|xStocks wrap V2 100%,
2026-09-17T22:07:20+00:00,2026-09-17T22:05+00:00,35280376027,ok,TSLAx,0x8ad3c73f833d3f9a523ab01476625f269aeb7cf0,18,5.0,0.013646435812135854,366.3960369457,NA,1.,1000000000000000000,Uniswap V3 100%|xStocks wrap V2 100%,
2026-09-17T22:07:21+00:00,2026-09-17T22:05+00:00,35280376027,ok,AAPLx,0x9d275685dc284c8eb1c79f6aba7a63dc75ec890a,18,5.0,0.014837540977019226,336.9830626075,NA,1.003269012539818705,1003269012539818700,Uniswap V4 100%|Uniswap V3 100%|xStocks wrap V2 100%,
2026-09-17T22:07:23+00:00,2026-09-17T22:05+00:00,35280376027,ok,COINx,0x364f210f430ec2448fc68a49203040f6124096f0,18,5.0,0.028955695568194231,172.6775994113,NA,1.,1000000000000000000,Uniswap V3 100%|xStocks wrap V2 100%,
2026-09-17T22:07:24+00:00,2026-09-17T22:05+00:00,35280376027,ok,TSMx,0x9e3bf4ecfc44eedd624f26656b6736a3f093b073,18,5.0,0.011633613794563661,429.7890654009,NA,1.006187447932033185,1006187447932033200,Uniswap V3 100%|xStocks wrap V2 100%,
2026-09-17T22:07:26+00:00,2026-09-17T22:05+00:00,35280376027,ok,AVGOx,0x38bac69cbbd28156796e4163b2b6dcb81e336565,18,5.0,0.014357655385585489,348.2462745986,NA,1.004883768486276807,1004883768486276800,Uniswap V3 100%|xStocks wrap V2 100%,
2026-09-17T22:07:27+00:00,2026-09-17T22:05+00:00,35280376027,ok,IWMx,0xdadfb355c6110eda0908740d52c834d6c2bcddc7,18,5.0,0.017446228799095045,286.5948886478,NA,1.004730320498842033,1004730320498842000,Uniswap V3 100%|xStocks wrap V2 100%,
2026-09-17T22:07:29+00:00,2026-09-17T22:05+00:00,35280376027,ok,HOODx,0xe1385fdd5ffb10081cd52c56584f25efa9084015,18,5.0,0.045763972233372141,109.2562501896,NA,1.,1000000000000000000,Uniswap V3 100%|xStocks wrap V2 100%,
2026-09-17T22:07:30+00:00,2026-09-17T22:05+00:00,35280376027,ok,ASMLx,0xc0b417e7f83db438631eb5e096684dd742e5294f,18,5.0,0.003067733986106765,1629.8675252301,NA,1.002866334414662441,1002866334414662400,Uniswap V3 100%|xStocks wrap V2 100%,
2026-09-18T00:15:03+00:00,2026-09-18T00:15+00:00,35290371008,ok,NVDAx,0xc845b2894dbddd03858fd2d643b4ef725fe0849d,18,5.0,0.022812724423517231,219.1759259953,NA,1.001701196801074056,1001701196801074000,Uniswap V4 100%|Uniswap V3 100%|xStocks wrap V2 100%,
2026-09-18T00:15:05+00:00,2026-09-18T00:15+00:00,35290371008,ok,MSTRx,0xae2f842ef90c0d5213259ab82639d5bbf649b08e,18,5.0,0.037964396856178598,131.7023425643,NA,1.,1000000000000000000,Uniswap V4 100%|Uniswap V3 100%|xStocks wrap V2 100%,
2026-09-18T00:15:07+00:00,2026-09-18T00:15+00:00,35290371008,ok,SPYx,0x90a2a4c76b5d8c0bc892a69ea28aa775a8f2dd48,18,5.0,0.006557967415579797,762.4313576370,NA,1.005714560286254056,1005714560286254000,Uniswap V4 100%|Uniswap V3 100%|xStocks wrap V2 100%,
2026-09-18T00:15:08+00:00,2026-09-18T00:15+00:00,35290371008,ok,QQQx,0xa753a7395cae905cd615da0b82a53e0560f250af,18,5.0,0.006979235668047086,716.4108274623,NA,1.002725029655105127,1002725029655105100,Uniswap V3 100%|xStocks wrap V2 100%,
2026-09-18T00:15:10+00:00,2026-09-18T00:15+00:00,35290371008,ok,GOOGLx,0xe92f673ca36c5e2efd2de7628f815f84807e803f,18,5.0,0.014415770970246209,346.8423582977,NA,1.002377250060348723,1002377250060348700,Uniswap V3 100%|xStocks wrap V2 100%,
2026-09-18T00:15:11+00:00,2026-09-18T00:15+00:00,35290371008,ok,BRK.Bx,0x12992613fdd35abe95dec5a4964331b1ee23b50d,18,5.0,0.009789258471142761,510.7639168727,NA,1.,1000000000000000000,Uniswap V4 100%|Uniswap V3 100%|xStocks wrap V2 100%,
2026-09-18T00:15:13+00:00,2026-09-18T00:15+00:00,35290371008,ok,TSLAx,0x8ad3c73f833d3f9a523ab01476625f269aeb7cf0,18,5.0,0.013662811490940507,365.9568898623,NA,1.,1000000000000000000,Uniswap V3 100%|xStocks wrap V2 100%,
2026-09-18T00:15:15+00:00,2026-09-18T00:15+00:00,35290371008,ok,AAPLx,0x9d275685dc284c8eb1c79f6aba7a63dc75ec890a,18,5.0,0.014851074878599884,336.6759672867,NA,1.003269012539818705,1003269012539818700,Uniswap V4 100%|Uniswap V3 100%|xStocks wrap V2 100%,
2026-09-18T00:15:16+00:00,2026-09-18T00:15+00:00,35290371008,ok,COINx,0x364f210f430ec2448fc68a49203040f6124096f0,18,5.0,0.028932026890586639,172.8188632932,NA,1.,1000000000000000000,Uniswap V3 100%|xStocks wrap V2 100%,
2026-09-18T00:15:18+00:00,2026-09-18T00:15+00:00,35290371008,ok,TSMx,0x9e3bf4ecfc44eedd624f26656b6736a3f093b073,18,5.0,0.011633613794563661,429.7890654009,NA,1.006187447932033185,1006187447932033200,Uniswap V3 100%|xStocks wrap V2 100%,
2026-09-18T00:15:19+00:00,2026-09-18T00:15+00:00,35290371008,ok,AVGOx,0x38bac69cbbd28156796e4163b2b6dcb81e336565,18,5.0,0.014369123495086416,347.9683365314,NA,1.004883768486276807,1004883768486276800,Uniswap V3 100%|xStocks wrap V2 100%,
2026-09-18T00:15:21+00:00,2026-09-18T00:15+00:00,35290371008,ok,IWMx,0xdadfb355c6110eda0908740d52c834d6c2bcddc7,18,5.0,0.017446228775248724,286.5948890395,NA,1.004730320498842033,1004730320498842000,Uniswap V3 100%|xStocks wrap V2 100%,
2026-09-18T00:15:22+00:00,2026-09-18T00:15+00:00,35290371008,ok,HOODx,0xe1385fdd5ffb10081cd52c56584f25efa9084015,18,5.0,0.045725903485891679,109.3472106361,NA,1.,1000000000000000000,Uniswap V3 100%|xStocks wrap V2 100%,
2026-09-18T00:15:24+00:00,2026-09-18T00:15+00:00,35290371008,ok,ASMLx,0xc0b417e7f83db438631eb5e096684dd742e5294f,18,5.0,0.003070520537471437,1628.3883917994,NA,1.002866334414662441,1002866334414662400,Uniswap V3 100%|xStocks wrap V2 100%,
2026-09-18T04:52:38+00:00,2026-09-18T04:50+00:00,35308623494,ok,NVDAx,0xc845b2894dbddd03858fd2d643b4ef725fe0849d,18,5.0,0.0226878607031883,220.3821711272,NA,1.001701196801074056,1001701196801074000,Uniswap V3 100%|xStocks wrap V2 100%,
2026-09-18T04:52:40+00:00,2026-09-18T04:50+00:00,35308623494,ok,MSTRx,0xae2f842ef90c0d5213259ab82639d5bbf649b08e,18,5.0,0.037025152135692664,135.0433343711,NA,1.,1000000000000000000,Uniswap V3 100%|xStocks wrap V2 100%,
2026-09-18T04:52:42+00:00,2026-09-18T04:50+00:00,35308623494,ok,SPYx,0x90a2a4c76b5d8c0bc892a69ea28aa775a8f2dd48,18,5.0,0.006550076582700987,763.3498535277,NA,1.005714560286254056,1005714560286254000,Uniswap V3 100%|xStocks wrap V2 100%,
2026-09-18T04:52:43+00:00,2026-09-18T04:50+00:00,35308623494,ok,QQQx,0xa753a7395cae905cd615da0b82a53e0560f250af,18,5.0,0.006966030008201482,717.7689435896,NA,1.002725029655105127,1002725029655105100,Uniswap V3 100%|xStocks wrap V2 100%,
2026-09-18T04:52:45+00:00,2026-09-18T04:50+00:00,35308623494,ok,GOOGLx,0xe92f673ca36c5e2efd2de7628f815f84807e803f,18,5.0,0.014154941070206744,353.2335440466,NA,1.002377250060348723,1002377250060348700,Uniswap V3 100%|xStocks wrap V2 100%,
2026-09-18T04:52:46+00:00,2026-09-18T04:50+00:00,35308623494,ok,BRK.Bx,0x12992613fdd35abe95dec5a4964331b1ee23b50d,18,5.0,0.009788617424206328,510.7973662997,NA,1.,1000000000000000000,Uniswap V3 100%|xStocks wrap V2 100%,
2026-09-18T04:52:48+00:00,2026-09-18T04:50+00:00,35308623494,ok,TSLAx,0x8ad3c73f833d3f9a523ab01476625f269aeb7cf0,18,5.0,0.013621005050367299,367.0801076360,NA,1.,1000000000000000000,Uniswap V3 100%|xStocks wrap V2 100%,
2026-09-18T04:52:49+00:00,2026-09-18T04:50+00:00,35308623494,ok,AAPLx,0x9d275685dc284c8eb1c79f6aba7a63dc75ec890a,18,5.0,0.014858167725861173,336.5152481956,NA,1.003269012539818705,1003269012539818700,Uniswap V3 100%|xStocks wrap V2 100%,
2026-09-18T04:52:50+00:00,2026-09-18T04:50+00:00,35308623494,ok,COINx,0x364f210f430ec2448fc68a49203040f6124096f0,18,5.0,0.0284114597498566,175.9853257813,NA,1.,1000000000000000000,Uniswap V3 100%|xStocks wrap V2 100%,
2026-09-18T04:52:52+00:00,2026-09-18T04:50+00:00,35308623494,ok,TSMx,0x9e3bf4ecfc44eedd624f26656b6736a3f093b073,18,5.0,0.011652285126758387,429.1003820802,NA,1.006187447932033185,1006187447932033200,Uniswap V3 100%|xStocks wrap V2 100%,
2026-09-18T04:52:53+00:00,2026-09-18T04:50+00:00,35308623494,ok,AVGOx,0x38bac69cbbd28156796e4163b2b6dcb81e336565,18,5.0,0.014318258017293826,349.2044907950,NA,1.004883768486276807,1004883768486276800,Uniswap V3 100%|xStocks wrap V2 100%,
2026-09-18T04:52:55+00:00,2026-09-18T04:50+00:00,35308623494,ok,IWMx,0xdadfb355c6110eda0908740d52c834d6c2bcddc7,18,5.0,0.017483485203013988,285.9841697431,NA,1.004730320498842033,1004730320498842000,Uniswap V3 100%|xStocks wrap V2 100%,
2026-09-18T04:52:56+00:00,2026-09-18T04:50+00:00,35308623494,ok,HOODx,0xe1385fdd5ffb10081cd52c56584f25efa9084015,18,5.0,0.044718023562568529,111.8117394657,NA,1.,1000000000000000000,Uniswap V3 100%|xStocks wrap V2 100%,
2026-09-18T04:52:58+00:00,2026-09-18T04:50+00:00,35308623494,ok,ASMLx,0xc0b417e7f83db438631eb5e096684dd742e5294f,18,5.0,0.003066290945145872,1630.6345645104,NA,1.002866334414662441,1002866334414662400,Uniswap V3 100%|xStocks wrap V2 100%,
2026-09-18T09:20:18+00:00,2026-09-18T09:20+00:00,35328991418,ok,NVDAx,0xc845b2894dbddd03858fd2d643b4ef725fe0849d,18,5.0,0.022582698982041096,221.4084332425,NA,1.001701196801074056,1001701196801074000,Uniswap V4 100%|Uniswap V3 100%|xStocks wrap V2 100%,
2026-09-18T09:20:20+00:00,2026-09-18T09:20+00:00,35328991418,ok,MSTRx,0xae2f842ef90c0d5213259ab82639d5bbf649b08e,18,5.0,0.036227473267248109,138.0168018651,NA,1.,1000000000000000000,Uniswap V4 100%|Uniswap V3 100%|xStocks wrap V2 100%,
2026-09-18T09:20:21+00:00,2026-09-18T09:20+00:00,35328991418,ok,SPYx,0x90a2a4c76b5d8c0bc892a69ea28aa775a8f2dd48,18,5.0,0.006540724244915742,764.4413390286,NA,1.005714560286254056,1005714560286254000,Uniswap V4 100%|Uniswap V3 100%|xStocks wrap V2 100%,
2026-09-18T09:20:23+00:00,2026-09-18T09:20+00:00,35328991418,ok,QQQx,0xa753a7395cae905cd615da0b82a53e0560f250af,18,5.0,0.006933912800092929,721.0935793616,NA,1.002725029655105127,1002725029655105100,Uniswap V3 100%|xStocks wrap V2 100%,
2026-09-18T09:20:24+00:00,2026-09-18T09:20+00:00,35328991418,ok,GOOGLx,0xe92f673ca36c5e2efd2de7628f815f84807e803f,18,5.0,0.014071097835426523,355.3383011389,NA,1.002377250060348723,1002377250060348700,Uniswap V3 100%|xStocks wrap V2 100%,
2026-09-18T09:20:27+00:00,2026-09-18T09:20+00:00,35328991418,ok,BRK.Bx,0x12992613fdd35abe95dec5a4964331b1ee23b50d,18,5.0,0.009787965764844335,510.8313739673,NA,1.,1000000000000000000,Uniswap V4 100%|Uniswap V3 100%|xStocks wrap V2 100%,
2026-09-18T09:20:29+00:00,2026-09-18T09:20+00:00,35328991418,ok,TSLAx,0x8ad3c73f833d3f9a523ab01476625f269aeb7cf0,18,5.0,0.013551511439121556,368.9625339920,NA,1.,1000000000000000000,Uniswap V3 100%|xStocks wrap V2 100%,
2026-09-18T09:20:30+00:00,2026-09-18T09:20+00:00,35328991418,ok,AAPLx,0x9d275685dc284c8eb1c79f6aba7a63dc75ec890a,18,5.0,0.014845774905364272,336.7961613235,NA,1.003269012539818705,1003269012539818700,Uniswap V4 100%|Uniswap V3 100%|xStocks wrap V2 100%,
2026-09-18T09:20:32+00:00,2026-09-18T09:20+00:00,35328991418,ok,COINx,0x364f210f430ec2448fc68a49203040f6124096f0,18,5.0,0.027688601071128718,180.5797261897,NA,1.,1000000000000000000,Uniswap V3 100%|xStocks wrap V2 100%,
2026-09-18T09:20:33+00:00,2026-09-18T09:20+00:00,35328991418,ok,TSMx,0x9e3bf4ecfc44eedd624f26656b6736a3f093b073,18,5.0,0.011575903639829443,431.9317226170,NA,1.006187447932033185,1006187447932033200,Uniswap V3 100%|xStocks wrap V2 100%,
2026-09-18T09:20:35+00:00,2026-09-18T09:20+00:00,35328991418,ok,AVGOx,0x38bac69cbbd28156796e4163b2b6dcb81e336565,18,5.0,0.014239055548706043,351.1468849108,NA,1.004883768486276807,1004883768486276800,Uniswap V3 100%|xStocks wrap V2 100%,
2026-09-18T09:20:37+00:00,2026-09-18T09:20+00:00,35328991418,ok,IWMx,0xdadfb355c6110eda0908740d52c834d6c2bcddc7,18,5.0,0.017482595789471214,285.9987189666,NA,1.004730320498842033,1004730320498842000,Uniswap V3 100%|xStocks wrap V2 100%,
2026-09-18T09:20:38+00:00,2026-09-18T09:20+00:00,35328991418,ok,HOODx,0xe1385fdd5ffb10081cd52c56584f25efa9084015,18,5.0,0.043934330393880214,113.8062183986,NA,1.,1000000000000000000,Uniswap V3 100%|xStocks wrap V2 100%,
2026-09-18T09:20:40+00:00,2026-09-18T09:20+00:00,35328991418,ok,ASMLx,0xc0b417e7f83db438631eb5e096684dd742e5294f,18,5.0,0.003025697475583385,1652.5115416689,NA,1.002866334414662441,1002866334414662400,Uniswap V3 100%|xStocks wrap V2 100%,
2026-09-18T13:41:36+00:00,2026-09-18T13:40+00:00,35351695677,ok,NVDAx,0xc845b2894dbddd03858fd2d643b4ef725fe0849d,18,5.0,0.022769939810291864,219.5877565623,NA,1.001701196801074056,1001701196801074000,Uniswap V4 100%|Uniswap V3 100%|xStocks wrap V2 100%,
2026-09-18T13:41:38+00:00,2026-09-18T13:40+00:00,35351695677,ok,MSTRx,0xae2f842ef90c0d5213259ab82639d5bbf649b08e,18,5.0,0.035495985211898458,140.8610007625,NA,1.,1000000000000000000,Uniswap V4 100%|Uniswap V3 100%|xStocks wrap V2 100%,
2026-09-18T13:41:40+00:00,2026-09-18T13:40+00:00,35351695677,ok,SPYx,0x90a2a4c76b5d8c0bc892a69ea28aa775a8f2dd48,18,5.0,0.006563948885972548,761.7365837027,NA,1.005714560286254056,1005714560286254000,Uniswap V4 100%|Uniswap V3 100%|xStocks wrap V2 100%,
2026-09-18T13:41:42+00:00,2026-09-18T13:40+00:00,35351695677,ok,QQQx,0xa753a7395cae905cd615da0b82a53e0560f250af,18,5.0,0.006953786513116837,719.0327155671,NA,1.002725029655105127,1002725029655105100,Uniswap V3 100%|xStocks wrap V2 100%,
2026-09-18T13:41:44+00:00,2026-09-18T13:40+00:00,35351695677,ok,GOOGLx,0xe92f673ca36c5e2efd2de7628f815f84807e803f,18,5.0,0.013942235273480506,358.6225524045,NA,1.002377250060348723,1002377250060348700,Uniswap V3 100%|xStocks wrap V2 100%,
2026-09-18T13:41:45+00:00,2026-09-18T13:40+00:00,35351695677,ok,BRK.Bx,0x12992613fdd35abe95dec5a4964331b1ee23b50d,18,5.0,0.0098412192633899,508.0671272716,NA,1.,1000000000000000000,Uniswap V4 100%|Uniswap V3 100%|xStocks wrap V2 100%,
2026-09-18T13:41:47+00:00,2026-09-18T13:40+00:00,35351695677,ok,TSLAx,0x8ad3c73f833d3f9a523ab01476625f269aeb7cf0,18,5.0,0.01355215856400498,368.9449157775,NA,1.,1000000000000000000,Uniswap V3 100%|xStocks wrap V2 100%,
2026-09-18T13:41:48+00:00,2026-09-18T13:40+00:00,35351695677,ok,AAPLx,0x9d275685dc284c8eb1c79f6aba7a63dc75ec890a,18,5.0,0.01484597366408413,336.7916522778,NA,1.003269012539818705,1003269012539818700,Uniswap V4 100%|Uniswap V3 100%|xStocks wrap V2 100%,
2026-09-18T13:41:50+00:00,2026-09-18T13:40+00:00,35351695677,ok,COINx,0x364f210f430ec2448fc68a49203040f6124096f0,18,5.0,0.027461231576197436,182.0748638358,NA,1.,1000000000000000000,Uniswap V4 100%|ElfomoFi 100%|Uniswap V3 100%|xStocks wrap V2 100%,
2026-09-18T13:41:52+00:00,2026-09-18T13:40+00:00,35351695677,ok,TSMx,0x9e3bf4ecfc44eedd624f26656b6736a3f093b073,18,5.0,0.011542403599564469,433.1853376006,NA,1.006187447932033185,1006187447932033200,Uniswap V3 100%|xStocks wrap V2 100%,
2026-09-18T13:41:54+00:00,2026-09-18T13:40+00:00,35351695677,ok,AVGOx,0x38bac69cbbd28156796e4163b2b6dcb81e336565,18,5.0,0.013869772923391335,360.4961687273,NA,1.004883768486276807,1004883768486276800,Uniswap V3 100%|xStocks wrap V2 100%,
2026-09-18T13:41:55+00:00,2026-09-18T13:40+00:00,35351695677,ok,IWMx,0xdadfb355c6110eda0908740d52c834d6c2bcddc7,18,5.0,0.017580969225634655,284.3984274035,NA,1.004730320498842033,1004730320498842000,Uniswap V3 100%|xStocks wrap V2 100%,
2026-09-18T13:41:57+00:00,2026-09-18T13:40+00:00,35351695677,ok,HOODx,0xe1385fdd5ffb10081cd52c56584f25efa9084015,18,5.0,0.044530159274252988,112.2834519680,NA,1.,1000000000000000000,Uniswap V3 100%|xStocks wrap V2 100%,
2026-09-18T13:41:58+00:00,2026-09-18T13:40+00:00,35351695677,ok,ASMLx,0xc0b417e7f83db438631eb5e096684dd742e5294f,18,5.0,0.003043470786793725,1642.8611773427,NA,1.002866334414662441,1002866334414662400,Uniswap V3 100%|xStocks wrap V2 100%,
2026-09-18T13:45:00+00:00,2026-09-18T13:45+00:00,35351695677,ok,NVDAx,0xc845b2894dbddd03858fd2d643b4ef725fe0849d,18,5.0,0.02272500509300953,220.0219528900,NA,1.001701196801074056,1001701196801074000,Uniswap V4 100%|Uniswap V3 100%|xStocks wrap V2 100%,
2026-09-18T13:45:01+00:00,2026-09-18T13:45+00:00,35351695677,ok,MSTRx,0xae2f842ef90c0d5213259ab82639d5bbf649b08e,18,5.0,0.035366923544061048,141.3750334764,NA,1.,1000000000000000000,Uniswap V4 100%|Uniswap V3 100%|xStocks wrap V2 100%,
2026-09-18T13:45:03+00:00,2026-09-18T13:45+00:00,35351695677,ok,SPYx,0x90a2a4c76b5d8c0bc892a69ea28aa775a8f2dd48,18,5.0,0.006564122242366821,761.7164664802,NA,1.005714560286254056,1005714560286254000,Uniswap V4 100%|Uniswap V3 100%|xStocks wrap V2 100%,
2026-09-18T13:45:04+00:00,2026-09-18T13:45+00:00,35351695677,ok,QQQx,0xa753a7395cae905cd615da0b82a53e0560f250af,18,5.0,0.006953791568893508,719.0321927920,NA,1.002725029655105127,1002725029655105100,Uniswap V3 100%|xStocks wrap V2 100%,
2026-09-18T13:45:06+00:00,2026-09-18T13:45+00:00,35351695677,ok,GOOGLx,0xe92f673ca36c5e2efd2de7628f815f84807e803f,18,5.0,0.01400515119250874,357.0114975035,NA,1.002377250060348723,1002377250060348700,Uniswap V3 100%|xStocks wrap V2 100%,
2026-09-18T13:45:08+00:00,2026-09-18T13:45+00:00,35351695677,ok,BRK.Bx,0x12992613fdd35abe95dec5a4964331b1ee23b50d,18,5.0,0.009841408288772167,508.0573687512,NA,1.,1000000000000000000,Uniswap V4 100%|Uniswap V3 100%|xStocks wrap V2 100%,
2026-09-18T13:45:09+00:00,2026-09-18T13:45+00:00,35351695677,ok,TSLAx,0x8ad3c73f833d3f9a523ab01476625f269aeb7cf0,18,5.0,0.01353997599849216,369.2768732054,NA,1.,1000000000000000000,Uniswap V3 100%|xStocks wrap V2 100%,
2026-09-18T13:45:11+00:00,2026-09-18T13:45+00:00,35351695677,ok,AAPLx,0x9d275685dc284c8eb1c79f6aba7a63dc75ec890a,18,5.0,0.014876960256030306,336.0901631752,NA,1.003269012539818705,1003269012539818700,Uniswap V4 100%|Uniswap V3 100%|xStocks wrap V2 100%,
2026-09-18T13:45:12+00:00,2026-09-18T13:45+00:00,35351695677,ok,COINx,0x364f210f430ec2448fc68a49203040f6124096f0,18,5.0,0.027444547997859847,182.1855473951,NA,1.,1000000000000000000,Uniswap V3 100%|xStocks wrap V2 100%,
2026-09-18T13:45:14+00:00,2026-09-18T13:45+00:00,35351695677,ok,TSMx,0x9e3bf4ecfc44eedd624f26656b6736a3f093b073,18,5.0,0.011519371257811556,434.0514675755,NA,1.006187447932033185,1006187447932033200,Uniswap V3 100%|xStocks wrap V2 100%,
2026-09-18T13:45:16+00:00,2026-09-18T13:45+00:00,35351695677,ok,AVGOx,0x38bac69cbbd28156796e4163b2b6dcb81e336565,18,5.0,0.01386881097229895,360.5211730109,NA,1.004883768486276807,1004883768486276800,Uniswap V3 100%|xStocks wrap V2 100%,
2026-09-18T13:45:18+00:00,2026-09-18T13:45+00:00,35351695677,ok,IWMx,0xdadfb355c6110eda0908740d52c834d6c2bcddc7,18,5.0,0.017580969225634655,284.3984274035,NA,1.004730320498842033,1004730320498842000,Uniswap V3 100%|xStocks wrap V2 100%,
2026-09-18T13:45:19+00:00,2026-09-18T13:45+00:00,35351695677,ok,HOODx,0xe1385fdd5ffb10081cd52c56584f25efa9084015,18,5.0,0.044146652586820864,113.2588703111,NA,1.,1000000000000000000,Uniswap V3 100%|xStocks wrap V2 100%,
2026-09-18T13:45:21+00:00,2026-09-18T13:45+00:00,35351695677,ok,ASMLx,0xc0b417e7f83db438631eb5e096684dd742e5294f,18,5.0,0.003040339784827621,1644.5530282345,NA,1.002866334414662441,1002866334414662400,Uniswap V3 100%|xStocks wrap V2 100%,
2026-09-18T13:50:00+00:00,2026-09-18T13:50+00:00,35351695677,ok,NVDAx,0xc845b2894dbddd03858fd2d643b4ef725fe0849d,18,5.0,0.022729549810958306,219.9779600381,NA,1.001701196801074056,1001701196801074000,Uniswap V4 100%|Caliber propAMM 100%|xStocks wrap V2 100%,
2026-09-18T13:50:01+00:00,2026-09-18T13:50+00:00,35351695677,ok,MSTRx,0xae2f842ef90c0d5213259ab82639d5bbf649b08e,18,5.0,0.035027270763777547,142.7459202779,NA,1.,1000000000000000000,Uniswap V3 100%|xStocks wrap V2 100%,
2026-09-18T13:50:03+00:00,2026-09-18T13:50+00:00,35351695677,ok,SPYx,0x90a2a4c76b5d8c0bc892a69ea28aa775a8f2dd48,18,5.0,0.006563965958950772,761.7346024139,NA,1.005714560286254056,1005714560286254000,Uniswap V4 100%|Uniswap V3 100%|xStocks wrap V2 100%,
2026-09-18T13:50:05+00:00,2026-09-18T13:50+00:00,35351695677,ok,QQQx,0xa753a7395cae905cd615da0b82a53e0560f250af,18,5.0,0.006953791568893508,719.0321927920,NA,1.002725029655105127,1002725029655105100,Uniswap V3 100%|xStocks wrap V2 100%,
2026-09-18T13:50:07+00:00,2026-09-18T13:50+00:00,35351695677,ok,GOOGLx,0xe92f673ca36c5e2efd2de7628f815f84807e803f,18,5.0,0.014054909420162945,355.7475790507,NA,1.002377250060348723,1002377250060348700,Uniswap V3 100%|xStocks wrap V2 100%,
2026-09-18T13:50:08+00:00,2026-09-18T13:50+00:00,35351695677,ok,BRK.Bx,0x12992613fdd35abe95dec5a4964331b1ee23b50d,18,5.0,0.009841136564785155,508.0713967421,NA,1.,1000000000000000000,Uniswap V3 100%|xStocks wrap V2 100%,
2026-09-18T13:50:10+00:00,2026-09-18T13:50+00:00,35351695677,ok,TSLAx,0x8ad3c73f833d3f9a523ab01476625f269aeb7cf0,18,5.0,0.013540673341733464,369.2578554856,NA,1.,1000000000000000000,Uniswap V3 100%|xStocks wrap V2 100%,
2026-09-18T13:50:12+00:00,2026-09-18T13:50+00:00,35351695677,ok,AAPLx,0x9d275685dc284c8eb1c79f6aba7a63dc75ec890a,18,5.0,0.014888356920618644,335.8328945671,NA,1.003269012539818705,1003269012539818700,Uniswap V4 100%|Caliber propAMM 100%|xStocks wrap V2 100%,
2026-09-18T13:50:14+00:00,2026-09-18T13:50+00:00,35351695677,ok,COINx,0x364f210f430ec2448fc68a49203040f6124096f0,18,5.0,0.027180088811813143,183.9581921391,NA,1.,1000000000000000000,Uniswap V3 100%|xStocks wrap V2 100%,
2026-09-18T13:50:15+00:00,2026-09-18T13:50+00:00,35351695677,ok,TSMx,0x9e3bf4ecfc44eedd624f26656b6736a3f093b073,18,5.0,0.011535613626620764,433.4403146497,NA,1.006187447932033185,1006187447932033200,Uniswap V3 100%|xStocks wrap V2 100%,
2026-09-18T13:50:17+00:00,2026-09-18T13:50+00:00,35351695677,ok,AVGOx,0x38bac69cbbd28156796e4163b2b6dcb81e336565,18,5.0,0.01383797381309995,361.3245745029,NA,1.004883768486276807,1004883768486276800,Uniswap V3 100%|xStocks wrap V2 100%,
2026-09-18T13:50:18+00:00,2026-09-18T13:50+00:00,35351695677,ok,IWMx,0xdadfb355c6110eda0908740d52c834d6c2bcddc7,18,5.0,0.017580969225634655,284.3984274035,NA,1.004730320498842033,1004730320498842000,Uniswap V3 100%|xStocks wrap V2 100%,
2026-09-18T13:50:20+00:00,2026-09-18T13:50+00:00,35351695677,ok,HOODx,0xe1385fdd5ffb10081cd52c56584f25efa9084015,18,5.0,0.043854208079521589,114.0141441144,NA,1.,1000000000000000000,Uniswap V3 100%|xStocks wrap V2 100%,
2026-09-18T13:50:21+00:00,2026-09-18T13:50+00:00,35351695677,ok,ASMLx,0xc0b417e7f83db438631eb5e096684dd742e5294f,18,5.0,0.003037720633237212,1645.9709774798,NA,1.002866334414662441,1002866334414662400,Uniswap V3 100%|xStocks wrap V2 100%,
2026-09-18T13:55:00+00:00,2026-09-18T13:55+00:00,35351695677,ok,NVDAx,0xc845b2894dbddd03858fd2d643b4ef725fe0849d,18,5.0,0.022746717509830702,219.8119354073,NA,1.001701196801074056,1001701196801074000,Uniswap V4 100%|Uniswap V3 100%|xStocks wrap V2 100%,
2026-09-18T13:55:01+00:00,2026-09-18T13:55+00:00,35351695677,ok,MSTRx,0xae2f842ef90c0d5213259ab82639d5bbf649b08e,18,5.0,0.034755292916058757,143.8629797216,NA,1.,1000000000000000000,Uniswap V4 100%|Uniswap V3 100%|xStocks wrap V2 100%,
2026-09-18T13:55:03+00:00,2026-09-18T13:55+00:00,35351695677,ok,SPYx,0x90a2a4c76b5d8c0bc892a69ea28aa775a8f2dd48,18,5.0,0.006566072633307425,761.4902056728,NA,1.005714560286254056,1005714560286254000,Uniswap V4 100%|Uniswap V3 100%|xStocks wrap V2 100%,
2026-09-18T13:55:05+00:00,2026-09-18T13:55+00:00,35351695677,ok,QQQx,0xa753a7395cae905cd615da0b82a53e0560f250af,18,5.0,0.006953789086628574,719.0324494619,NA,1.002725029655105127,1002725029655105100,Uniswap V3 100%|xStocks wrap V2 100%,
2026-09-18T13:55:06+00:00,2026-09-18T13:55+00:00,35351695677,ok,GOOGLx,0xe92f673ca36c5e2efd2de7628f815f84807e803f,18,5.0,0.014065720087645605,355.4741576574,NA,1.002377250060348723,1002377250060348700,Uniswap V3 100%|xStocks wrap V2 100%,
2026-09-18T13:55:08+00:00,2026-09-18T13:55+00:00,35351695677,ok,BRK.Bx,0x12992613fdd35abe95dec5a4964331b1ee23b50d,18,5.0,0.009841292116922652,508.0633661308,NA,1.,1000000000000000000,Uniswap V4 100%|Uniswap V3 100%|xStocks wrap V2 100%,
2026-09-18T13:55:09+00:00,2026-09-18T13:55+00:00,35351695677,ok,TSLAx,0x8ad3c73f833d3f9a523ab01476625f269aeb7cf0,18,5.0,0.013618955607128034,367.1353475433,NA,1.,1000000000000000000,Uniswap V3 100%|xStocks wrap V2 100%,
2026-09-18T13:55:11+00:00,2026-09-18T13:55+00:00,35351695677,ok,AAPLx,0x9d275685dc284c8eb1c79f6aba7a63dc75ec890a,18,5.0,0.014917064884111974,335.1865825378,NA,1.003269012539818705,1003269012539818700,Uniswap V4 100%|Uniswap V3 100%|xStocks wrap V2 100%,
2026-09-18T13:55:13+00:00,2026-09-18T13:55+00:00,35351695677,ok,COINx,0x364f210f430ec2448fc68a49203040f6124096f0,18,5.0,0.027037942417346791,184.9253143165,NA,1.,1000000000000000000,Uniswap V4 100%|ElfomoFi 100%|Uniswap V3 100%|xStocks wrap V2 100%,
2026-09-18T13:55:14+00:00,2026-09-18T13:55+00:00,35351695677,ok,TSMx,0x9e3bf4ecfc44eedd624f26656b6736a3f093b073,18,5.0,0.011542666642999595,433.1754658298,NA,1.006187447932033185,1006187447932033200,Uniswap V3 100%|xStocks wrap V2 100%,
2026-09-18T13:55:16+00:00,2026-09-18T13:55+00:00,35351695677,ok,AVGOx,0x38bac69cbbd28156796e4163b2b6dcb81e336565,18,5.0,0.013804199852609143,362.2086070461,NA,1.004883768486276807,1004883768486276800,Uniswap V3 100%|xStocks wrap V2 100%,
2026-09-18T13:55:17+00:00,2026-09-18T13:55+00:00,35351695677,ok,IWMx,0xdadfb355c6110eda0908740d52c834d6c2bcddc7,18,5.0,0.017589113882068252,284.2667364328,NA,1.004730320498842033,1004730320498842000,Uniswap V3 100%|xStocks wrap V2 100%,
2026-09-18T13:55:19+00:00,2026-09-18T13:55+00:00,35351695677,ok,HOODx,0xe1385fdd5ffb10081cd52c56584f25efa9084015,18,5.0,0.043595341721019434,114.6911528300,NA,1.,1000000000000000000,Uniswap V3 100%|xStocks wrap V2 100%,
2026-09-18T13:55:21+00:00,2026-09-18T13:55+00:00,35351695677,ok,ASMLx,0xc0b417e7f83db438631eb5e096684dd742e5294f,18,5.0,0.003044573936955679,1642.2659142250,NA,1.002866334414662441,1002866334414662400,Uniswap V3 100%|xStocks wrap V2 100%,
2026-09-18T14:00:00+00:00,2026-09-18T14:00+00:00,35351695677,ok,NVDAx,0xc845b2894dbddd03858fd2d643b4ef725fe0849d,18,5.0,0.022756829368852274,219.7142633079,NA,1.001701196801074056,1001701196801074000,Uniswap V4 100%|Caliber propAMM 100%|xStocks wrap V2 100%,
2026-09-18T14:00:02+00:00,2026-09-18T14:00+00:00,35351695677,ok,MSTRx,0xae2f842ef90c0d5213259ab82639d5bbf649b08e,18,5.0,0.034723198077257579,143.9959530477,NA,1.,1000000000000000000,Uniswap V4 100%|Uniswap V3 100%|xStocks wrap V2 100%,
2026-09-18T14:00:03+00:00,2026-09-18T14:00+00:00,35351695677,ok,SPYx,0x90a2a4c76b5d8c0bc892a69ea28aa775a8f2dd48,18,5.0,0.006567795236358866,761.2904818226,NA,1.005714560286254056,1005714560286254000,Uniswap V4 100%|Uniswap V3 100%|xStocks wrap V2 100%,
2026-09-18T14:00:05+00:00,2026-09-18T14:00+00:00,35351695677,ok,QQQx,0xa753a7395cae905cd615da0b82a53e0560f250af,18,5.0,0.006954010132916913,719.0095936634,NA,1.002725029655105127,1002725029655105100,Uniswap V3 100%|xStocks wrap V2 100%,
2026-09-18T14:00:06+00:00,2026-09-18T14:00+00:00,35351695677,ok,GOOGLx,0xe92f673ca36c5e2efd2de7628f815f84807e803f,18,5.0,0.014065720087645605,355.4741576574,NA,1.002377250060348723,1002377250060348700,Uniswap V3 100%|xStocks wrap V2 100%,
2026-09-18T14:00:08+00:00,2026-09-18T14:00+00:00,35351695677,ok,BRK.Bx,0x12992613fdd35abe95dec5a4964331b1ee23b50d,18,5.0,0.009841347249325812,508.0605198991,NA,1.,1000000000000000000,Uniswap V4 100%|Uniswap V3 100%|xStocks wrap V2 100%,
2026-09-18T14:00:10+00:00,2026-09-18T14:00+00:00,35351695677,ok,TSLAx,0x8ad3c73f833d3f9a523ab01476625f269aeb7cf0,18,5.0,0.013660151492324111,366.0281515040,NA,1.,1000000000000000000,Uniswap V3 100%|xStocks wrap V2 100%,
2026-09-18T14:00:11+00:00,2026-09-18T14:00+00:00,35351695677,ok,AAPLx,0x9d275685dc284c8eb1c79f6aba7a63dc75ec890a,18,5.0,0.014918784521335261,335.1479467278,NA,1.003269012539818705,1003269012539818700,Uniswap V4 100%|Uniswap V3 100%|xStocks wrap V2 100%,
2026-09-18T14:00:13+00:00,2026-09-18T14:00+00:00,35351695677,ok,COINx,0x364f210f430ec2448fc68a49203040f6124096f0,18,5.0,0.026973457734231158,185.3674100393,NA,1.,1000000000000000000,Uniswap V3 100%|xStocks wrap V2 100%,
2026-09-18T14:00:14+00:00,2026-09-18T14:00+00:00,35351695677,ok,TSMx,0x9e3bf4ecfc44eedd624f26656b6736a3f093b073,18,5.0,0.011550537151214275,432.8803011100,NA,1.006187447932033185,1006187447932033200,Uniswap V3 100%|xStocks wrap V2 100%,
2026-09-18T14:00:16+00:00,2026-09-18T14:00+00:00,35351695677,ok,AVGOx,0x38bac69cbbd28156796e4163b2b6dcb81e336565,18,5.0,0.013900760670948179,359.6925462108,NA,1.004883768486276807,1004883768486276800,Uniswap V3 100%|xStocks wrap V2 100%,
2026-09-18T14:00:17+00:00,2026-09-18T14:00+00:00,35351695677,ok,IWMx,0xdadfb355c6110eda0908740d52c834d6c2bcddc7,18,5.0,0.017589113882068252,284.2667364328,NA,1.004730320498842033,1004730320498842000,Uniswap V3 100%|xStocks wrap V2 100%,
2026-09-18T14:00:19+00:00,2026-09-18T14:00+00:00,35351695677,ok,HOODx,0xe1385fdd5ffb10081cd52c56584f25efa9084015,18,5.0,0.043350849026185273,115.3379948102,NA,1.,1000000000000000000,Uniswap V3 100%|xStocks wrap V2 100%,
2026-09-18T14:00:21+00:00,2026-09-18T14:00+00:00,35351695677,ok,ASMLx,0xc0b417e7f83db438631eb5e096684dd742e5294f,18,5.0,0.003053519151630528,1637.4549337050,NA,1.002866334414662441,1002866334414662400,Uniswap V3 100%|xStocks wrap V2 100%,
2026-09-18T14:05:00+00:00,2026-09-18T14:05+00:00,35351695677,ok,NVDAx,0xc845b2894dbddd03858fd2d643b4ef725fe0849d,18,5.0,0.022774473460002016,219.5440438516,NA,1.001701196801074056,1001701196801074000,Uniswap V4 100%|Uniswap V3 100%|xStocks wrap V2 100%,
2026-09-18T14:05:01+00:00,2026-09-18T14:05+00:00,35351695677,ok,MSTRx,0xae2f842ef90c0d5213259ab82639d5bbf649b08e,18,5.0,0.034695985963441457,144.1088892896,NA,1.,1000000000000000000,Uniswap V4 100%|Uniswap V3 100%|xStocks wrap V2 100%,
2026-09-18T14:05:03+00:00,2026-09-18T14:05+00:00,35351695677,ok,SPYx,0x90a2a4c76b5d8c0bc892a69ea28aa775a8f2dd48,18,5.0,0.006572392374449551,760.7579881319,NA,1.005714560286254056,1005714560286254000,Uniswap V4 100%|Uniswap V3 100%|xStocks wrap V2 100%,
2026-09-18T14:05:04+00:00,2026-09-18T14:05+00:00,35351695677,ok,QQQx,0xa753a7395cae905cd615da0b82a53e0560f250af,18,5.0,0.006959496779518334,718.4427492969,NA,1.002725029655105127,1002725029655105100,Uniswap V3 100%|xStocks wrap V2 100%,
2026-09-18T14:05:06+00:00,2026-09-18T14:05+00:00,35351695677,ok,GOOGLx,0xe92f673ca36c5e2efd2de7628f815f84807e803f,18,5.0,0.014076427415620294,355.2037638792,NA,1.002377250060348723,1002377250060348700,Uniswap V3 100%|xStocks wrap V2 100%,
2026-09-18T14:05:08+00:00,2026-09-18T14:05+00:00,35351695677,ok,BRK.Bx,0x12992613fdd35abe95dec5a4964331b1ee23b50d,18,5.0,0.009841341338221584,508.0608250606,NA,1.,1000000000000000000,Uniswap V4 100%|Uniswap V3 100%|xStocks wrap V2 100%,
2026-09-18T14:05:09+00:00,2026-09-18T14:05+00:00,35351695677,ok,TSLAx,0x8ad3c73f833d3f9a523ab01476625f269aeb7cf0,18,5.0,0.013699495213931304,364.9769514803,NA,1.,1000000000000000000,Uniswap V3 100%|xStocks wrap V2 100%,
2026-09-18T14:05:11+00:00,2026-09-18T14:05+00:00,35351695677,ok,AAPLx,0x9d275685dc284c8eb1c79f6aba7a63dc75ec890a,18,5.0,0.014931532315102018,334.8618142120,NA,1.003269012539818705,1003269012539818700,Uniswap V3 100%|xStocks wrap V2 100%,
2026-09-18T14:05:13+00:00,2026-09-18T14:05+00:00,35351695677,ok,COINx,0x364f210f430ec2448fc68a49203040f6124096f0,18,5.0,0.026983176687646868,185.3006433556,NA,1.,1000000000000000000,Uniswap V3 100%|xStocks wrap V2 100%,
2026-09-18T14:05:15+00:00,2026-09-18T14:05+00:00,35351695677,ok,TSMx,0x9e3bf4ecfc44eedd624f26656b6736a3f093b073,18,5.0,0.011578089490748364,431.8501773540,NA,1.006187447932033185,1006187447932033200,Uniswap V3 100%|xStocks wrap V2 100%,
2026-09-18T14:05:17+00:00,2026-09-18T14:05+00:00,35351695677,ok,AVGOx,0x38bac69cbbd28156796e4163b2b6dcb81e336565,18,5.0,0.013928295447328182,358.9814718469,NA,1.004883768486276807,1004883768486276800,Uniswap V3 100%|xStocks wrap V2 100%,
2026-09-18T14:05:18+00:00,2026-09-18T14:05+00:00,35351695677,ok,IWMx,0xdadfb355c6110eda0908740d52c834d6c2bcddc7,18,5.0,0.017589113865123563,284.2667367066,NA,1.004730320498842033,1004730320498842000,Uniswap V3 100%|xStocks wrap V2 100%,
2026-09-18T14:05:20+00:00,2026-09-18T14:05+00:00,35351695677,ok,HOODx,0xe1385fdd5ffb10081cd52c56584f25efa9084015,18,5.0,0.043441345705650287,115.0977235806,NA,1.,1000000000000000000,Uniswap V3 100%|xStocks wrap V2 100%,
2026-09-18T14:05:22+00:00,2026-09-18T14:05+00:00,35351695677,ok,ASMLx,0xc0b417e7f83db438631eb5e096684dd742e5294f,18,5.0,0.003053519151630528,1637.4549337050,NA,1.002866334414662441,1002866334414662400,Uniswap V3 100%|xStocks wrap V2 100%,
2026-09-18T14:10:00+00:00,2026-09-18T14:10+00:00,35351695677,ok,NVDAx,0xc845b2894dbddd03858fd2d643b4ef725fe0849d,18,5.0,0.022751402939372004,219.7666672831,NA,1.001701196801074056,1001701196801074000,Uniswap V4 100%|Uniswap V3 100%|xStocks wrap V2 100%,
2026-09-18T14:10:01+00:00,2026-09-18T14:10+00:00,35351695677,ok,MSTRx,0xae2f842ef90c0d5213259ab82639d5bbf649b08e,18,5.0,0.034595807880710122,144.5261812426,NA,1.,1000000000000000000,Uniswap V3 100%|xStocks wrap V2 100%,
2026-09-18T14:10:03+00:00,2026-09-18T14:10+00:00,35351695677,ok,SPYx,0x90a2a4c76b5d8c0bc892a69ea28aa775a8f2dd48,18,5.0,0.006574424824393857,760.5228036752,NA,1.005714560286254056,1005714560286254000,Uniswap V4 100%|Uniswap V3 100%|xStocks wrap V2 100%,
2026-09-18T14:10:04+00:00,2026-09-18T14:10+00:00,35351695677,ok,QQQx,0xa753a7395cae905cd615da0b82a53e0560f250af,18,5.0,0.006964200793194172,717.9574725769,NA,1.002725029655105127,1002725029655105100,Uniswap V3 100%|xStocks wrap V2 100%,
2026-09-18T14:10:06+00:00,2026-09-18T14:10+00:00,35351695677,ok,GOOGLx,0xe92f673ca36c5e2efd2de7628f815f84807e803f,18,5.0,0.014102913562003896,354.5366691796,NA,1.002377250060348723,1002377250060348700,Uniswap V3 100%|xStocks wrap V2 100%,
2026-09-18T14:10:08+00:00,2026-09-18T14:10+00:00,35351695677,ok,BRK.Bx,0x12992613fdd35abe95dec5a4964331b1ee23b50d,18,5.0,0.009849454559987127,507.6423236990,NA,1.,1000000000000000000,Uniswap V4 100%|Uniswap V3 100%|xStocks wrap V2 100%,
2026-09-18T14:10:09+00:00,2026-09-18T14:10+00:00,35351695677,ok,TSLAx,0x8ad3c73f833d3f9a523ab01476625f269aeb7cf0,18,5.0,0.013764601295492772,363.2506232954,NA,1.,1000000000000000000,Uniswap V3 100%|xStocks wrap V2 100%,
2026-09-18T14:10:11+00:00,2026-09-18T14:10+00:00,35351695677,ok,AAPLx,0x9d275685dc284c8eb1c79f6aba7a63dc75ec890a,18,5.0,0.01493564980115137,334.7694989216,NA,1.003269012539818705,1003269012539818700,Uniswap V4 100%|Uniswap V3 100%|xStocks wrap V2 100%,
2026-09-18T14:10:13+00:00,2026-09-18T14:10+00:00,35351695677,ok,COINx,0x364f210f430ec2448fc68a49203040f6124096f0,18,5.0,0.026978185770907576,185.3349236475,NA,1.,1000000000000000000,Uniswap V3 100%|xStocks wrap V2 100%,
2026-09-18T14:10:14+00:00,2026-09-18T14:10+00:00,35351695677,ok,TSMx,0x9e3bf4ecfc44eedd624f26656b6736a3f093b073,18,5.0,0.011575495897131329,431.9469372573,NA,1.006187447932033185,1006187447932033200,Uniswap V3 100%|xStocks wrap V2 100%,
2026-09-18T14:10:16+00:00,2026-09-18T14:10+00:00,35351695677,ok,AVGOx,0x38bac69cbbd28156796e4163b2b6dcb81e336565,18,5.0,0.013887864183258481,360.0265623297,NA,1.004883768486276807,1004883768486276800,Uniswap V3 100%|xStocks wrap V2 100%,
2026-09-18T14:10:17+00:00,2026-09-18T14:10+00:00,35351695677,ok,IWMx,0xdadfb355c6110eda0908740d52c834d6c2bcddc7,18,5.0,0.017589113865123563,284.2667367066,NA,1.004730320498842033,1004730320498842000,Uniswap V3 100%|xStocks wrap V2 100%,
2026-09-18T14:10:19+00:00,2026-09-18T14:10+00:00,35351695677,ok,HOODx,0xe1385fdd5ffb10081cd52c56584f25efa9084015,18,5.0,0.043139176484193797,115.9039278794,NA,1.,1000000000000000000,Uniswap V3 100%|xStocks wrap V2 100%,
2026-09-18T14:10:21+00:00,2026-09-18T14:10+00:00,35351695677,ok,ASMLx,0xc0b417e7f83db438631eb5e096684dd742e5294f,18,5.0,0.00305142551071369,1638.5784225913,NA,1.002866334414662441,1002866334414662400,Uniswap V3 100%|xStocks wrap V2 100%,
2026-09-18T14:15:00+00:00,2026-09-18T14:15+00:00,35351695677,ok,NVDAx,0xc845b2894dbddd03858fd2d643b4ef725fe0849d,18,5.0,0.022690371151411023,220.3577881840,NA,1.001701196801074056,1001701196801074000,Uniswap V4 100%|Uniswap V3 100%|xStocks wrap V2 100%,
2026-09-18T14:15:01+00:00,2026-09-18T14:15+00:00,35351695677,ok,MSTRx,0xae2f842ef90c0d5213259ab82639d5bbf649b08e,18,5.0,0.034523943131140718,144.8270257255,NA,1.,1000000000000000000,Uniswap V4 100%|Uniswap V3 100%|xStocks wrap V2 100%,
2026-09-18T14:15:03+00:00,2026-09-18T14:15+00:00,35351695677,ok,SPYx,0x90a2a4c76b5d8c0bc892a69ea28aa775a8f2dd48,18,5.0,0.006574177581343541,760.5514055764,NA,1.005714560286254056,1005714560286254000,Uniswap V4 100%|Uniswap V3 100%|xStocks wrap V2 100%,
2026-09-18T14:15:04+00:00,2026-09-18T14:15+00:00,35351695677,ok,QQQx,0xa753a7395cae905cd615da0b82a53e0560f250af,18,5.0,0.006964200793194172,717.9574725769,NA,1.002725029655105127,1002725029655105100,Uniswap V3 100%|xStocks wrap V2 100%,
2026-09-18T14:15:06+00:00,2026-09-18T14:15+00:00,35351695677,ok,GOOGLx,0xe92f673ca36c5e2efd2de7628f815f84807e803f,18,5.0,0.014170067432593265,352.8564718400,NA,1.002377250060348723,1002377250060348700,Uniswap V4 100%|Caliber propAMM 100%|xStocks wrap V2 100%,
2026-09-18T14:15:08+00:00,2026-09-18T14:15+00:00,35351695677,ok,BRK.Bx,0x12992613fdd35abe95dec5a4964331b1ee23b50d,18,5.0,0.009849133361743794,507.6588788432,NA,1.,1000000000000000000,Uniswap V4 100%|Uniswap V3 100%|xStocks wrap V2 100%,
2026-09-18T14:15:09+00:00,2026-09-18T14:15+00:00,35351695677,ok,TSLAx,0x8ad3c73f833d3f9a523ab01476625f269aeb7cf0,18,5.0,0.013824475332119404,361.6773786983,NA,1.,1000000000000000000,Uniswap V3 100%|xStocks wrap V2 100%,
2026-09-18T14:15:11+00:00,2026-09-18T14:15+00:00,35351695677,ok,AAPLx,0x9d275685dc284c8eb1c79f6aba7a63dc75ec890a,18,5.0,0.014965837655420266,334.0942294793,NA,1.003269012539818705,1003269012539818700,Uniswap V4 100%|Caliber propAMM 100%|xStocks wrap V2 100%,
2026-09-18T14:15:12+00:00,2026-09-18T14:15+00:00,35351695677,ok,COINx,0x364f210f430ec2448fc68a49203040f6124096f0,18,5.0,0.026752688089743092,186.8971066843,NA,1.,1000000000000000000,Uniswap V3 100%|xStocks wrap V2 100%,
2026-09-18T14:15:14+00:00,2026-09-18T14:15+00:00,35351695677,ok,TSMx,0x9e3bf4ecfc44eedd624f26656b6736a3f093b073,18,5.0,0.011573537363814166,432.0200335321,NA,1.006187447932033185,1006187447932033200,Uniswap V3 100%|xStocks wrap V2 100%,
2026-09-18T14:15:15+00:00,2026-09-18T14:15+00:00,35351695677,ok,AVGOx,0x38bac69cbbd28156796e4163b2b6dcb81e336565,18,5.0,0.013858150123953038,360.7985160557,NA,1.004883768486276807,1004883768486276800,Uniswap V3 100%|xStocks wrap V2 100%,
2026-09-18T14:15:17+00:00,2026-09-18T14:15+00:00,35351695677,ok,IWMx,0xdadfb355c6110eda0908740d52c834d6c2bcddc7,18,5.0,0.017589113865123563,284.2667367066,NA,1.004730320498842033,1004730320498842000,Uniswap V3 100%|xStocks wrap V2 100%,
2026-09-18T14:15:19+00:00,2026-09-18T14:15+00:00,35351695677,ok,HOODx,0xe1385fdd5ffb10081cd52c56584f25efa9084015,18,5.0,0.043007971775536696,116.2575167714,NA,1.,1000000000000000000,Uniswap V3 100%|xStocks wrap V2 100%,
2026-09-18T14:15:20+00:00,2026-09-18T14:15+00:00,35351695677,ok,ASMLx,0xc0b417e7f83db438631eb5e096684dd742e5294f,18,5.0,0.003047329115107697,1640.7810942414,NA,1.002866334414662441,1002866334414662400,Uniswap V3 100%|xStocks wrap V2 100%,
2026-09-18T14:20:00+00:00,2026-09-18T14:20+00:00,35351695677,ok,NVDAx,0xc845b2894dbddd03858fd2d643b4ef725fe0849d,18,5.0,0.022693461227518932,220.3277829623,NA,1.001701196801074056,1001701196801074000,Uniswap V4 100%|Uniswap V3 100%|xStocks wrap V2 100%,
2026-09-18T14:20:01+00:00,2026-09-18T14:20+00:00,35351695677,ok,MSTRx,0xae2f842ef90c0d5213259ab82639d5bbf649b08e,18,5.0,0.034431411739117318,145.2162356247,NA,1.,1000000000000000000,Uniswap V4 100%|Uniswap V3 100%|xStocks wrap V2 100%,
2026-09-18T14:20:03+00:00,2026-09-18T14:20+00:00,35351695677,ok,SPYx,0x90a2a4c76b5d8c0bc892a69ea28aa775a8f2dd48,18,5.0,0.006574195995752528,760.5492752620,NA,1.005714560286254056,1005714560286254000,Uniswap V4 100%|Uniswap V3 100%|xStocks wrap V2 100%,
2026-09-18T14:20:05+00:00,2026-09-18T14:20+00:00,35351695677,ok,QQQx,0xa753a7395cae905cd615da0b82a53e0560f250af,18,5.0,0.006969132299176677,717.4494306258,NA,1.002725029655105127,1002725029655105100,Uniswap V3 100%|xStocks wrap V2 100%,
2026-09-18T14:20:06+00:00,2026-09-18T14:20+00:00,35351695677,ok,GOOGLx,0xe92f673ca36c5e2efd2de7628f815f84807e803f,18,5.0,0.014234510566147777,351.2590037265,NA,1.002377250060348723,1002377250060348700,Uniswap V3 100%|xStocks wrap V2 100%,
2026-09-18T14:20:08+00:00,2026-09-18T14:20+00:00,35351695677,ok,BRK.Bx,0x12992613fdd35abe95dec5a4964331b1ee23b50d,18,5.0,0.009849222036105455,507.6543082967,NA,1.,1000000000000000000,Uniswap V4 100%|Uniswap V3 100%|xStocks wrap V2 100%,
2026-09-18T14:20:09+00:00,2026-09-18T14:20+00:00,35351695677,ok,TSLAx,0x8ad3c73f833d3f9a523ab01476625f269aeb7cf0,18,5.0,0.013810937229822065,362.0319111438,NA,1.,1000000000000000000,Uniswap V3 100%|xStocks wrap V2 100%,
2026-09-18T14:20:11+00:00,2026-09-18T14:20+00:00,35351695677,ok,AAPLx,0x9d275685dc284c8eb1c79f6aba7a63dc75ec890a,18,5.0,0.014980381265040074,333.7698761826,NA,1.003269012539818705,1003269012539818700,Uniswap V4 100%|Uniswap V3 100%|xStocks wrap V2 100%,
2026-09-18T14:20:13+00:00,2026-09-18T14:20+00:00,35351695677,ok,COINx,0x364f210f430ec2448fc68a49203040f6124096f0,18,5.0,0.026620112923473039,187.8279034493,NA,1.,1000000000000000000,Uniswap V4 100%|ElfomoFi 100%|Uniswap V3 100%|xStocks wrap V2 100%,
2026-09-18T14:20:14+00:00,2026-09-18T14:20+00:00,35351695677,ok,TSMx,0x9e3bf4ecfc44eedd624f26656b6736a3f093b073,18,5.0,0.011573537363814166,432.0200335321,NA,1.006187447932033185,1006187447932033200,Uniswap V3 100%|xStocks wrap V2 100%,
2026-09-18T14:20:16+00:00,2026-09-18T14:20+00:00,35351695677,ok,AVGOx,0x38bac69cbbd28156796e4163b2b6dcb81e336565,18,5.0,0.013892947230486286,359.8948385140,NA,1.004883768486276807,1004883768486276800,Uniswap V3 100%|xStocks wrap V2 100%,
2026-09-18T14:20:17+00:00,2026-09-18T14:20+00:00,35351695677,ok,IWMx,0xdadfb355c6110eda0908740d52c834d6c2bcddc7,18,5.0,0.017589113865123563,284.2667367066,NA,1.004730320498842033,1004730320498842000,Uniswap V3 100%|xStocks wrap V2 100%,
2026-09-18T14:20:19+00:00,2026-09-18T14:20+00:00,35351695677,ok,HOODx,0xe1385fdd5ffb10081cd52c56584f25efa9084015,18,5.0,0.04275057964045198,116.9574785196,NA,1.,1000000000000000000,Uniswap V3 100%|xStocks wrap V2 100%,
2026-09-18T14:20:20+00:00,2026-09-18T14:20+00:00,35351695677,ok,ASMLx,0xc0b417e7f83db438631eb5e096684dd742e5294f,18,5.0,0.003043240779122502,1642.9853445384,NA,1.002866334414662441,1002866334414662400,Uniswap V3 100%|xStocks wrap V2 100%,
2026-09-18T14:25:00+00:00,2026-09-18T14:25+00:00,35351695677,ok,NVDAx,0xc845b2894dbddd03858fd2d643b4ef725fe0849d,18,5.0,0.022695623016427306,220.3067964418,NA,1.001701196801074056,1001701196801074000,Uniswap V4 100%|Uniswap V3 100%|xStocks wrap V2 100%,
2026-09-18T14:25:01+00:00,2026-09-18T14:25+00:00,35351695677,ok,MSTRx,0xae2f842ef90c0d5213259ab82639d5bbf649b08e,18,5.0,0.034062125644107606,146.7906040933,NA,1.,1000000000000000000,Uniswap V4 100%|Uniswap V3 100%|xStocks wrap V2 100%,
2026-09-18T14:25:03+00:00,2026-09-18T14:25+00:00,35351695677,ok,SPYx,0x90a2a4c76b5d8c0bc892a69ea28aa775a8f2dd48,18,5.0,0.006574259130869054,760.5419714174,NA,1.005714560286254056,1005714560286254000,Uniswap V4 100%|Uniswap V3 100%|xStocks wrap V2 100%,
2026-09-18T14:25:04+00:00,2026-09-18T14:25+00:00,35351695677,ok,QQQx,0xa753a7395cae905cd615da0b82a53e0560f250af,18,5.0,0.006969101275635737,717.4526244123,NA,1.002725029655105127,1002725029655105100,Uniswap V3 100%|xStocks wrap V2 100%,
2026-09-18T14:25:06+00:00,2026-09-18T14:25+00:00,35351695677,ok,GOOGLx,0xe92f673ca36c5e2efd2de7628f815f84807e803f,18,5.0,0.01424466275476554,351.0086610037,NA,1.002377250060348723,1002377250060348700,Uniswap V3 100%|xStocks wrap V2 100%,
2026-09-18T14:25:08+00:00,2026-09-18T14:25+00:00,35351695677,ok,BRK.Bx,0x12992613fdd35abe95dec5a4964331b1ee23b50d,18,5.0,0.009849255535308748,507.6525816673,NA,1.,1000000000000000000,Uniswap V4 100%|Uniswap V3 100%|xStocks wrap V2 100%,
2026-09-18T14:25:10+00:00,2026-09-18T14:25+00:00,35351695677,ok,TSLAx,0x8ad3c73f833d3f9a523ab01476625f269aeb7cf0,18,5.0,0.013782456036699933,362.7800434615,NA,1.,1000000000000000000,Uniswap V3 100%|xStocks wrap V2 100%,
2026-09-18T14:25:11+00:00,2026-09-18T14:25+00:00,35351695677,ok,AAPLx,0x9d275685dc284c8eb1c79f6aba7a63dc75ec890a,18,5.0,0.014987799488737436,333.6046765075,NA,1.003269012539818705,1003269012539818700,Uniswap V4 100%|Uniswap V3 100%|xStocks wrap V2 100%,
2026-09-18T14:25:13+00:00,2026-09-18T14:25+00:00,35351695677,ok,COINx,0x364f210f430ec2448fc68a49203040f6124096f0,18,5.0,0.026365245528010114,189.6435970865,NA,1.,1000000000000000000,Uniswap V3 100%|xStocks wrap V2 100%,
2026-09-18T14:25:14+00:00,2026-09-18T14:25+00:00,35351695677,ok,TSMx,0x9e3bf4ecfc44eedd624f26656b6736a3f093b073,18,5.0,0.011573537363814166,432.0200335321,NA,1.006187447932033185,1006187447932033200,Uniswap V3 100%|xStocks wrap V2 100%,
2026-09-18T14:25:16+00:00,2026-09-18T14:25+00:00,35351695677,ok,AVGOx,0x38bac69cbbd28156796e4163b2b6dcb81e336565,18,5.0,0.013899832804218054,359.7165570569,NA,1.004883768486276807,1004883768486276800,Uniswap V3 100%|xStocks wrap V2 100%,
2026-09-18T14:25:18+00:00,2026-09-18T14:25+00:00,35351695677,ok,IWMx,0xdadfb355c6110eda0908740d52c834d6c2bcddc7,18,5.0,0.017589113865123563,284.2667367066,NA,1.004730320498842033,1004730320498842000,Uniswap V3 100%|xStocks wrap V2 100%,
2026-09-18T14:25:20+00:00,2026-09-18T14:25+00:00,35351695677,ok,HOODx,0xe1385fdd5ffb10081cd52c56584f25efa9084015,18,5.0,0.042436699922476756,117.8225453236,NA,1.,1000000000000000000,Uniswap V3 100%|xStocks wrap V2 100%,
2026-09-18T14:25:21+00:00,2026-09-18T14:25+00:00,35351695677,ok,ASMLx,0xc0b417e7f83db438631eb5e096684dd742e5294f,18,5.0,0.003035685640168329,1647.0743656193,NA,1.002866334414662441,1002866334414662400,Uniswap V3 100%|xStocks wrap V2 100%,
2026-09-18T14:30:00+00:00,2026-09-18T14:30+00:00,35351695677,ok,NVDAx,0xc845b2894dbddd03858fd2d643b4ef725fe0849d,18,5.0,0.02275813202161284,219.7016870827,NA,1.001701196801074056,1001701196801074000,Uniswap V4 100%|Uniswap V3 100%|xStocks wrap V2 100%,
2026-09-18T14:30:01+00:00,2026-09-18T14:30+00:00,35351695677,ok,MSTRx,0xae2f842ef90c0d5213259ab82639d5bbf649b08e,18,5.0,0.034257195858384826,145.9547366536,NA,1.,1000000000000000000,Uniswap V4 100%|Uniswap V3 100%|xStocks wrap V2 100%,
2026-09-18T14:30:03+00:00,2026-09-18T14:30+00:00,35351695677,ok,SPYx,0x90a2a4c76b5d8c0bc892a69ea28aa775a8f2dd48,18,5.0,0.006574219509020301,760.5465550914,NA,1.005714560286254056,1005714560286254000,Uniswap V4 100%|Uniswap V3 100%|xStocks wrap V2 100%,
2026-09-18T14:30:04+00:00,2026-09-18T14:30+00:00,35351695677,ok,QQQx,0xa753a7395cae905cd615da0b82a53e0560f250af,18,5.0,0.006969267704628462,717.4354913472,NA,1.002725029655105127,1002725029655105100,Uniswap V3 100%|xStocks wrap V2 100%,
2026-09-18T14:30:06+00:00,2026-09-18T14:30+00:00,35351695677,ok,GOOGLx,0xe92f673ca36c5e2efd2de7628f815f84807e803f,18,5.0,0.014248698664389143,350.9092386448,NA,1.002377250060348723,1002377250060348700,Uniswap V3 100%|xStocks wrap V2 100%,
2026-09-18T14:30:08+00:00,2026-09-18T14:30+00:00,35351695677,ok,BRK.Bx,0x12992613fdd35abe95dec5a4964331b1ee23b50d,18,5.0,0.009849196407865177,507.6556292458,NA,1.,1000000000000000000,Uniswap V4 100%|Uniswap V3 100%|xStocks wrap V2 100%,
2026-09-18T14:30:11+00:00,2026-09-18T14:30+00:00,35351695677,ok,TSLAx,0x8ad3c73f833d3f9a523ab01476625f269aeb7cf0,18,5.0,0.013703741064762598,364.8638701191,NA,1.,1000000000000000000,Uniswap V3 100%|xStocks wrap V2 100%,
2026-09-18T14:30:13+00:00,2026-09-18T14:30+00:00,35351695677,ok,AAPLx,0x9d275685dc284c8eb1c79f6aba7a63dc75ec890a,18,5.0,0.01498703666059556,333.6216567179,NA,1.003269012539818705,1003269012539818700,Uniswap V4 100%|Uniswap V3 100%|xStocks wrap V2 100%,
2026-09-18T14:30:14+00:00,2026-09-18T14:30+00:00,35351695677,ok,COINx,0x364f210f430ec2448fc68a49203040f6124096f0,18,5.0,0.02634746351785091,189.7715883205,NA,1.,1000000000000000000,Uniswap V4 100%|ElfomoFi 100%|Uniswap V3 100%|xStocks wrap V2 100%,
2026-09-18T14:30:16+00:00,2026-09-18T14:30+00:00,35351695677,ok,TSMx,0x9e3bf4ecfc44eedd624f26656b6736a3f093b073,18,5.0,0.011573537363814166,432.0200335321,NA,1.006187447932033185,1006187447932033200,Uniswap V3 100%|xStocks wrap V2 100%,
2026-09-18T14:30:18+00:00,2026-09-18T14:30+00:00,35351695677,ok,AVGOx,0x38bac69cbbd28156796e4163b2b6dcb81e336565,18,5.0,0.013918296668778522,359.2393608922,NA,1.004883768486276807,1004883768486276800,Uniswap V3 100%|xStocks wrap V2 100%,
2026-09-18T14:30:19+00:00,2026-09-18T14:30+00:00,35351695677,ok,IWMx,0xdadfb355c6110eda0908740d52c834d6c2bcddc7,18,5.0,0.017589113865123563,284.2667367066,NA,1.004730320498842033,1004730320498842000,Uniswap V3 100%|xStocks wrap V2 100%,
2026-09-18T14:30:21+00:00,2026-09-18T14:30+00:00,35351695677,ok,HOODx,0xe1385fdd5ffb10081cd52c56584f25efa9084015,18,5.0,0.042661719694526201,117.2010888403,NA,1.,1000000000000000000,Uniswap V3 100%|xStocks wrap V2 100%,
2026-09-18T14:30:22+00:00,2026-09-18T14:30+00:00,35351695677,ok,ASMLx,0xc0b417e7f83db438631eb5e096684dd742e5294f,18,5.0,0.003037659462118779,1646.0041233564,NA,1.002866334414662441,1002866334414662400,Uniswap V3 100%|xStocks wrap V2 100%,
2026-09-18T16:20:08+00:00,2026-09-18T16:20+00:00,35367835988,ok,NVDAx,0xc845b2894dbddd03858fd2d643b4ef725fe0849d,18,5.0,0.022763779083595601,219.6471851901,NA,1.001701196801074056,1001701196801074000,Uniswap V4 100%|Uniswap V3 100%|xStocks wrap V2 100%,
2026-09-18T16:20:10+00:00,2026-09-18T16:20+00:00,35367835988,ok,MSTRx,0xae2f842ef90c0d5213259ab82639d5bbf649b08e,18,5.0,0.033451467431632138,149.4702739190,NA,1.,1000000000000000000,Uniswap V4 100%|Uniswap V3 100%|xStocks wrap V2 100%,
2026-09-18T16:20:12+00:00,2026-09-18T16:20+00:00,35367835988,ok,SPYx,0x90a2a4c76b5d8c0bc892a69ea28aa775a8f2dd48,18,5.0,0.006576147148494836,760.3236191490,NA,1.005714560286254056,1005714560286254000,Uniswap V4 100%|Uniswap V3 100%|xStocks wrap V2 100%,
2026-09-18T16:20:13+00:00,2026-09-18T16:20+00:00,35367835988,ok,QQQx,0xa753a7395cae905cd615da0b82a53e0560f250af,18,5.0,0.006968937053792722,717.4695310641,NA,1.002725029655105127,1002725029655105100,Uniswap V3 100%|xStocks wrap V2 100%,
2026-09-18T16:20:15+00:00,2026-09-18T16:20+00:00,35367835988,ok,GOOGLx,0xe92f673ca36c5e2efd2de7628f815f84807e803f,18,5.0,0.014290396870785295,349.8853142576,NA,1.002377250060348723,1002377250060348700,Uniswap V3 100%|xStocks wrap V2 100%,
2026-09-18T16:20:17+00:00,2026-09-18T16:20+00:00,35367835988,ok,BRK.Bx,0x12992613fdd35abe95dec5a4964331b1ee23b50d,18,5.0,0.009849391350815464,507.6455815299,NA,1.,1000000000000000000,Uniswap V4 100%|Uniswap V3 100%|xStocks wrap V2 100%,
2026-09-18T16:20:18+00:00,2026-09-18T16:20+00:00,35367835988,ok,TSLAx,0x8ad3c73f833d3f9a523ab01476625f269aeb7cf0,18,5.0,0.013771704675457993,363.0632603464,NA,1.,1000000000000000000,Uniswap V3 100%|xStocks wrap V2 100%,
2026-09-18T16:20:19+00:00,2026-09-18T16:20+00:00,35367835988,ok,AAPLx,0x9d275685dc284c8eb1c79f6aba7a63dc75ec890a,18,5.0,0.014938212741681276,334.7120627121,NA,1.003269012539818705,1003269012539818700,Uniswap V4 100%|Uniswap V3 100%|xStocks wrap V2 100%,
2026-09-18T16:20:21+00:00,2026-09-18T16:20+00:00,35367835988,ok,COINx,0x364f210f430ec2448fc68a49203040f6124096f0,18,5.0,0.025783180636707571,193.9248718167,NA,1.,1000000000000000000,Uniswap V4 100%|ElfomoFi 100%|Uniswap V3 100%|xStocks wrap V2 100%,
2026-09-18T16:20:22+00:00,2026-09-18T16:20+00:00,35367835988,ok,TSMx,0x9e3bf4ecfc44eedd624f26656b6736a3f093b073,18,5.0,0.011607206858484521,430.7668555373,NA,1.006187447932033185,1006187447932033200,Uniswap V3 100%|xStocks wrap V2 100%,
2026-09-18T16:20:24+00:00,2026-09-18T16:20+00:00,35367835988,ok,AVGOx,0x38bac69cbbd28156796e4163b2b6dcb81e336565,18,5.0,0.014055897790362855,355.7225639068,NA,1.004883768486276807,1004883768486276800,Uniswap V3 100%|xStocks wrap V2 100%,
2026-09-18T16:20:25+00:00,2026-09-18T16:20+00:00,35367835988,ok,IWMx,0xdadfb355c6110eda0908740d52c834d6c2bcddc7,18,5.0,0.017589132552768224,284.2664346863,NA,1.004730320498842033,1004730320498842000,Uniswap V3 100%|xStocks wrap V2 100%,
2026-09-18T16:20:27+00:00,2026-09-18T16:20+00:00,35367835988,ok,HOODx,0xe1385fdd5ffb10081cd52c56584f25efa9084015,18,5.0,0.042283537559090985,118.2493303218,NA,1.,1000000000000000000,Uniswap V3 100%|xStocks wrap V2 100%,
2026-09-18T16:20:28+00:00,2026-09-18T16:20+00:00,35367835988,ok,ASMLx,0xc0b417e7f83db438631eb5e096684dd742e5294f,18,5.0,0.003027133005642626,1651.7278859832,NA,1.002866334414662441,1002866334414662400,Uniswap V3 100%|xStocks wrap V2 100%,
2026-09-18T16:25:00+00:00,2026-09-18T16:25+00:00,35367835988,ok,NVDAx,0xc845b2894dbddd03858fd2d643b4ef725fe0849d,18,5.0,0.022764374875779925,219.6414365553,NA,1.001701196801074056,1001701196801074000,Uniswap V4 100%|Uniswap V3 100%|xStocks wrap V2 100%,
2026-09-18T16:25:01+00:00,2026-09-18T16:25+00:00,35367835988,ok,MSTRx,0xae2f842ef90c0d5213259ab82639d5bbf649b08e,18,5.0,0.033447058074340313,149.4899787266,NA,1.,1000000000000000000,Uniswap V4 100%|Uniswap V3 100%|xStocks wrap V2 100%,
2026-09-18T16:25:02+00:00,2026-09-18T16:25+00:00,35367835988,ok,SPYx,0x90a2a4c76b5d8c0bc892a69ea28aa775a8f2dd48,18,5.0,0.006580289240535676,759.8450185440,NA,1.005714560286254056,1005714560286254000,Uniswap V4 100%|Uniswap V3 100%|xStocks wrap V2 100%,
2026-09-18T16:25:04+00:00,2026-09-18T16:25+00:00,35367835988,ok,QQQx,0xa753a7395cae905cd615da0b82a53e0560f250af,18,5.0,0.006973647046634005,716.9849530044,NA,1.002725029655105127,1002725029655105100,Uniswap V3 100%|xStocks wrap V2 100%,
2026-09-18T16:25:05+00:00,2026-09-18T16:25+00:00,35367835988,ok,GOOGLx,0xe92f673ca36c5e2efd2de7628f815f84807e803f,18,5.0,0.014304027987301196,349.5518887714,NA,1.002377250060348723,1002377250060348700,Uniswap V3 100%|xStocks wrap V2 100%,
2026-09-18T16:25:07+00:00,2026-09-18T16:25+00:00,35367835988,ok,BRK.Bx,0x12992613fdd35abe95dec5a4964331b1ee23b50d,18,5.0,0.009849986454529175,507.6149112572,NA,1.,1000000000000000000,Uniswap V4 100%|Uniswap V3 100%|xStocks wrap V2 100%,
2026-09-18T16:25:08+00:00,2026-09-18T16:25+00:00,35367835988,ok,TSLAx,0x8ad3c73f833d3f9a523ab01476625f269aeb7cf0,18,5.0,0.013806053479975912,362.1599762200,NA,1.,1000000000000000000,Uniswap V3 100%|xStocks wrap V2 100%,
2026-09-18T16:25:10+00:00,2026-09-18T16:25+00:00,35367835988,ok,AAPLx,0x9d275685dc284c8eb1c79f6aba7a63dc75ec890a,18,5.0,0.014945871222840365,334.5405513972,NA,1.003269012539818705,1003269012539818700,Uniswap V4 100%|Uniswap V3 100%|xStocks wrap V2 100%,
2026-09-18T16:25:11+00:00,2026-09-18T16:25+00:00,35367835988,ok,COINx,0x364f210f430ec2448fc68a49203040f6124096f0,18,5.0,0.025762690399490754,194.0791090708,NA,1.,1000000000000000000,Uniswap V3 100%|xStocks wrap V2 100%,
2026-09-18T16:25:13+00:00,2026-09-18T16:25+00:00,35367835988,ok,TSMx,0x9e3bf4ecfc44eedd624f26656b6736a3f093b073,18,5.0,0.011613081952169264,430.5489292673,NA,1.006187447932033185,1006187447932033200,Uniswap V3 100%|xStocks wrap V2 100%,
2026-09-18T16:25:14+00:00,2026-09-18T16:25+00:00,35367835988,ok,AVGOx,0x38bac69cbbd28156796e4163b2b6dcb81e336565,18,5.0,0.014076965773747251,355.1901795005,NA,1.004883768486276807,1004883768486276800,Uniswap V3 100%|xStocks wrap V2 100%,
2026-09-18T16:25:16+00:00,2026-09-18T16:25+00:00,35367835988,ok,IWMx,0xdadfb355c6110eda0908740d52c834d6c2bcddc7,18,5.0,0.017648788177573767,283.3055703141,NA,1.004730320498842033,1004730320498842000,Uniswap V3 100%|xStocks wrap V2 100%,
2026-09-18T16:25:17+00:00,2026-09-18T16:25+00:00,35367835988,ok,HOODx,0xe1385fdd5ffb10081cd52c56584f25efa9084015,18,5.0,0.042202494590956076,118.4764087636,NA,1.,1000000000000000000,Uniswap V3 100%|xStocks wrap V2 100%,
2026-09-18T16:25:19+00:00,2026-09-18T16:25+00:00,35367835988,ok,ASMLx,0xc0b417e7f83db438631eb5e096684dd742e5294f,18,5.0,0.003029860940708389,1650.2407529076,NA,1.002866334414662441,1002866334414662400,Uniswap V3 100%|xStocks wrap V2 100%,
2026-09-18T16:30:00+00:00,2026-09-18T16:30+00:00,35367835988,ok,NVDAx,0xc845b2894dbddd03858fd2d643b4ef725fe0849d,18,5.0,0.022771007854920776,219.5774570830,NA,1.001701196801074056,1001701196801074000,Uniswap V4 100%|Uniswap V3 100%|xStocks wrap V2 100%,
2026-09-18T16:30:01+00:00,2026-09-18T16:30+00:00,35367835988,ok,MSTRx,0xae2f842ef90c0d5213259ab82639d5bbf649b08e,18,5.0,0.033359936577996546,149.8803808667,NA,1.,1000000000000000000,Uniswap V4 100%|Uniswap V3 100%|xStocks wrap V2 100%,
2026-09-18T16:30:03+00:00,2026-09-18T16:30+00:00,35367835988,ok,SPYx,0x90a2a4c76b5d8c0bc892a69ea28aa775a8f2dd48,18,5.0,0.006581741921391421,759.6773103104,NA,1.005714560286254056,1005714560286254000,Uniswap V4 100%|Uniswap V3 100%|xStocks wrap V2 100%,
2026-09-18T16:30:04+00:00,2026-09-18T16:30+00:00,35367835988,ok,QQQx,0xa753a7395cae905cd615da0b82a53e0560f250af,18,5.0,0.006973673579227441,716.9822251064,NA,1.002725029655105127,1002725029655105100,Uniswap V3 100%|xStocks wrap V2 100%,
2026-09-18T16:30:06+00:00,2026-09-18T16:30+00:00,35367835988,ok,GOOGLx,0xe92f673ca36c5e2efd2de7628f815f84807e803f,18,5.0,0.014303915356673188,349.5546411820,NA,1.002377250060348723,1002377250060348700,Uniswap V3 100%|xStocks wrap V2 100%,
2026-09-18T16:30:07+00:00,2026-09-18T16:30+00:00,35367835988,ok,BRK.Bx,0x12992613fdd35abe95dec5a4964331b1ee23b50d,18,5.0,0.009849669197251353,507.6312615042,NA,1.,1000000000000000000,Uniswap V4 100%|Uniswap V3 100%|xStocks wrap V2 100%,
2026-09-18T16:30:09+00:00,2026-09-18T16:30+00:00,35367835988,ok,TSLAx,0x8ad3c73f833d3f9a523ab01476625f269aeb7cf0,18,5.0,0.013784906568061828,362.7155523552,NA,1.,1000000000000000000,Uniswap V3 100%|xStocks wrap V2 100%,
2026-09-18T16:30:10+00:00,2026-09-18T16:30+00:00,35367835988,ok,AAPLx,0x9d275685dc284c8eb1c79f6aba7a63dc75ec890a,18,5.0,0.01494576451623719,334.5429398789,NA,1.003269012539818705,1003269012539818700,Uniswap V4 100%|Uniswap V3 100%|xStocks wrap V2 100%,
2026-09-18T16:30:12+00:00,2026-09-18T16:30+00:00,35367835988,ok,COINx,0x364f210f430ec2448fc68a49203040f6124096f0,18,5.0,0.025665199403119888,194.8163316975,NA,1.,1000000000000000000,Uniswap V4 100%|ElfomoFi 100%|Uniswap V3 100%|xStocks wrap V2 100%,
2026-09-18T16:30:13+00:00,2026-09-18T16:30+00:00,35367835988,ok,TSMx,0x9e3bf4ecfc44eedd624f26656b6736a3f093b073,18,5.0,0.011613081952169264,430.5489292673,NA,1.006187447932033185,1006187447932033200,Uniswap V3 100%|xStocks wrap V2 100%,
2026-09-18T16:30:15+00:00,2026-09-18T16:30+00:00,35367835988,ok,AVGOx,0x38bac69cbbd28156796e4163b2b6dcb81e336565,18,5.0,0.014084000184889586,355.0127757996,NA,1.004883768486276807,1004883768486276800,Uniswap V3 100%|xStocks wrap V2 100%,
2026-09-18T16:30:16+00:00,2026-09-18T16:30+00:00,35367835988,ok,IWMx,0xdadfb355c6110eda0908740d52c834d6c2bcddc7,18,5.0,0.017655360449803741,283.2001087837,NA,1.004730320498842033,1004730320498842000,Uniswap V3 100%|xStocks wrap V2 100%,
2026-09-18T16:30:17+00:00,2026-09-18T16:30+00:00,35367835988,ok,HOODx,0xe1385fdd5ffb10081cd52c56584f25efa9084015,18,5.0,0.041976888734611258,119.1131632364,NA,1.,1000000000000000000,Uniswap V3 100%|xStocks wrap V2 100%,
2026-09-18T16:30:19+00:00,2026-09-18T16:30+00:00,35367835988,ok,ASMLx,0xc0b417e7f83db438631eb5e096684dd742e5294f,18,5.0,0.003031493636912515,1649.3519693125,NA,1.002866334414662441,1002866334414662400,Uniswap V3 100%|xStocks wrap V2 100%,
2026-09-18T16:35:00+00:00,2026-09-18T16:35+00:00,35367835988,ok,NVDAx,0xc845b2894dbddd03858fd2d643b4ef725fe0849d,18,5.0,0.022765476019910941,219.6308127107,NA,1.001701196801074056,1001701196801074000,Uniswap V4 100%|Uniswap V3 100%|xStocks wrap V2 100%,
2026-09-18T16:35:01+00:00,2026-09-18T16:35+00:00,35367835988,ok,MSTRx,0xae2f842ef90c0d5213259ab82639d5bbf649b08e,18,5.0,0.033171357122135495,150.7324521451,NA,1.,1000000000000000000,Uniswap V4 100%|Uniswap V3 100%|xStocks wrap V2 100%,
2026-09-18T16:35:02+00:00,2026-09-18T16:35+00:00,35367835988,ok,SPYx,0x90a2a4c76b5d8c0bc892a69ea28aa775a8f2dd48,18,5.0,0.006581709002467601,759.6811098949,NA,1.005714560286254056,1005714560286254000,Uniswap V4 100%|Uniswap V3 100%|xStocks wrap V2 100%,
2026-09-18T16:35:04+00:00,2026-09-18T16:35+00:00,35367835988,ok,QQQx,0xa753a7395cae905cd615da0b82a53e0560f250af,18,5.0,0.006973756189219717,716.9737318504,NA,1.002725029655105127,1002725029655105100,Uniswap V3 100%|xStocks wrap V2 100%,
2026-09-18T16:35:05+00:00,2026-09-18T16:35+00:00,35367835988,ok,GOOGLx,0xe92f673ca36c5e2efd2de7628f815f84807e803f,18,5.0,0.014303976493571997,349.5531471439,NA,1.002377250060348723,1002377250060348700,Uniswap V3 100%|xStocks wrap V2 100%,
2026-09-18T16:35:07+00:00,2026-09-18T16:35+00:00,35367835988,ok,BRK.Bx,0x12992613fdd35abe95dec5a4964331b1ee23b50d,18,5.0,0.009849761812729976,507.6264883419,NA,1.,1000000000000000000,Uniswap V4 100%|Uniswap V3 100%|xStocks wrap V2 100%,
2026-09-18T16:35:08+00:00,2026-09-18T16:35+00:00,35367835988,ok,TSLAx,0x8ad3c73f833d3f9a523ab01476625f269aeb7cf0,18,5.0,0.013784906568061828,362.7155523552,NA,1.,1000000000000000000,Uniswap V3 100%|xStocks wrap V2 100%,
2026-09-18T16:35:10+00:00,2026-09-18T16:35+00:00,35367835988,ok,AAPLx,0x9d275685dc284c8eb1c79f6aba7a63dc75ec890a,18,5.0,0.014946533838462214,334.5257204137,NA,1.003269012539818705,1003269012539818700,Uniswap V4 100%|Uniswap V3 100%|xStocks wrap V2 100%,
2026-09-18T16:35:11+00:00,2026-09-18T16:35+00:00,35367835988,ok,COINx,0x364f210f430ec2448fc68a49203040f6124096f0,18,5.0,0.025612109533713113,195.2201552714,NA,1.,1000000000000000000,Uniswap V3 100%|xStocks wrap V2 100%,
2026-09-18T16:35:13+00:00,2026-09-18T16:35+00:00,35367835988,ok,TSMx,0x9e3bf4ecfc44eedd624f26656b6736a3f093b073,18,5.0,0.011624846205172006,430.1132171345,NA,1.006187447932033185,1006187447932033200,Uniswap V3 100%|xStocks wrap V2 100%,
2026-09-18T16:35:14+00:00,2026-09-18T16:35+00:00,35367835988,ok,AVGOx,0x38bac69cbbd28156796e4163b2b6dcb81e336565,18,5.0,0.014084000184889586,355.0127757996,NA,1.004883768486276807,1004883768486276800,Uniswap V3 100%|xStocks wrap V2 100%,
2026-09-18T16:35:16+00:00,2026-09-18T16:35+00:00,35367835988,ok,IWMx,0xdadfb355c6110eda0908740d52c834d6c2bcddc7,18,5.0,0.017655360449803741,283.2001087837,NA,1.004730320498842033,1004730320498842000,Uniswap V3 100%|xStocks wrap V2 100%,
2026-09-18T16:35:17+00:00,2026-09-18T16:35+00:00,35367835988,ok,HOODx,0xe1385fdd5ffb10081cd52c56584f25efa9084015,18,5.0,0.041933130183261481,119.2374616001,NA,1.,1000000000000000000,Uniswap V3 100%|xStocks wrap V2 100%,
2026-09-18T16:35:19+00:00,2026-09-18T16:35+00:00,35367835988,ok,ASMLx,0xc0b417e7f83db438631eb5e096684dd742e5294f,18,5.0,0.003031493636912515,1649.3519693125,NA,1.002866334414662441,1002866334414662400,Uniswap V3 100%|xStocks wrap V2 100%,
2026-09-18T16:40:00+00:00,2026-09-18T16:40+00:00,35367835988,ok,NVDAx,0xc845b2894dbddd03858fd2d643b4ef725fe0849d,18,5.0,0.022765665785149942,219.6289819585,NA,1.001701196801074056,1001701196801074000,Uniswap V4 100%|Uniswap V3 100%|xStocks wrap V2 100%,
2026-09-18T16:40:01+00:00,2026-09-18T16:40+00:00,35367835988,ok,MSTRx,0xae2f842ef90c0d5213259ab82639d5bbf649b08e,18,5.0,0.033382426384673029,149.7794061577,NA,1.,1000000000000000000,Uniswap V4 100%|Uniswap V3 100%|xStocks wrap V2 100%,
2026-09-18T16:40:03+00:00,2026-09-18T16:40+00:00,35367835988,ok,SPYx,0x90a2a4c76b5d8c0bc892a69ea28aa775a8f2dd48,18,5.0,0.006582032924677983,759.6437236364,NA,1.005714560286254056,1005714560286254000,Uniswap V4 100%|Uniswap V3 100%|xStocks wrap V2 100%,
2026-09-18T16:40:04+00:00,2026-09-18T16:40+00:00,35367835988,ok,QQQx,0xa753a7395cae905cd615da0b82a53e0560f250af,18,5.0,0.006974301450738332,716.9176777512,NA,1.002725029655105127,1002725029655105100,Uniswap V3 100%|xStocks wrap V2 100%,
2026-09-18T16:40:05+00:00,2026-09-18T16:40+00:00,35367835988,ok,GOOGLx,0xe92f673ca36c5e2efd2de7628f815f84807e803f,18,5.0,0.014302174572876114,349.5971870937,NA,1.002377250060348723,1002377250060348700,Uniswap V3 100%|xStocks wrap V2 100%,
2026-09-18T16:40:07+00:00,2026-09-18T16:40+00:00,35367835988,ok,BRK.Bx,0x12992613fdd35abe95dec5a4964331b1ee23b50d,18,5.0,0.009850155921149611,507.6061780164,NA,1.,1000000000000000000,Uniswap V4 100%|Uniswap V3 100%|xStocks wrap V2 100%,
2026-09-18T16:40:08+00:00,2026-09-18T16:40+00:00,35367835988,ok,TSLAx,0x8ad3c73f833d3f9a523ab01476625f269aeb7cf0,18,5.0,0.01378491026709712,362.7154550244,NA,1.,1000000000000000000,Uniswap V3 100%|xStocks wrap V2 100%,
2026-09-18T16:40:10+00:00,2026-09-18T16:40+00:00,35367835988,ok,AAPLx,0x9d275685dc284c8eb1c79f6aba7a63dc75ec890a,18,5.0,0.014947097372951202,334.5131081469,NA,1.003269012539818705,1003269012539818700,Uniswap V4 100%|Uniswap V3 100%|xStocks wrap V2 100%,
2026-09-18T16:40:11+00:00,2026-09-18T16:40+00:00,35367835988,ok,COINx,0x364f210f430ec2448fc68a49203040f6124096f0,18,5.0,0.025733045660438037,194.3026902442,NA,1.,1000000000000000000,Uniswap V3 100%|xStocks wrap V2 100%,
2026-09-18T16:40:13+00:00,2026-09-18T16:40+00:00,35367835988,ok,TSMx,0x9e3bf4ecfc44eedd624f26656b6736a3f093b073,18,5.0,0.011624846205172006,430.1132171345,NA,1.006187447932033185,1006187447932033200,Uniswap V3 100%|xStocks wrap V2 100%,
2026-09-18T16:40:14+00:00,2026-09-18T16:40+00:00,35367835988,ok,AVGOx,0x38bac69cbbd28156796e4163b2b6dcb81e336565,18,5.0,0.014093386360381576,354.7763377903,NA,1.004883768486276807,1004883768486276800,Uniswap V3 100%|xStocks wrap V2 100%,
2026-09-18T16:40:16+00:00,2026-09-18T16:40+00:00,35367835988,ok,IWMx,0xdadfb355c6110eda0908740d52c834d6c2bcddc7,18,5.0,0.017655360449803741,283.2001087837,NA,1.004730320498842033,1004730320498842000,Uniswap V3 100%|xStocks wrap V2 100%,
2026-09-18T16:40:17+00:00,2026-09-18T16:40+00:00,35367835988,ok,HOODx,0xe1385fdd5ffb10081cd52c56584f25efa9084015,18,5.0,0.042017022977666449,118.9993875258,NA,1.,1000000000000000000,Uniswap V3 100%|xStocks wrap V2 100%,
2026-09-18T16:40:19+00:00,2026-09-18T16:40+00:00,35367835988,ok,ASMLx,0xc0b417e7f83db438631eb5e096684dd742e5294f,18,5.0,0.003031493636912515,1649.3519693125,NA,1.002866334414662441,1002866334414662400,Uniswap V3 100%|xStocks wrap V2 100%,
2026-09-18T16:45:00+00:00,2026-09-18T16:45+00:00,35367835988,ok,NVDAx,0xc845b2894dbddd03858fd2d643b4ef725fe0849d,18,5.0,0.022766286817607326,219.6229907871,NA,1.001701196801074056,1001701196801074000,Uniswap V4 100%|Uniswap V3 100%|xStocks wrap V2 100%,
2026-09-18T16:45:01+00:00,2026-09-18T16:45+00:00,35367835988,ok,MSTRx,0xae2f842ef90c0d5213259ab82639d5bbf649b08e,18,5.0,0.03335274663079825,149.9126910101,NA,1.,1000000000000000000,Uniswap V4 100%|Uniswap V3 100%|xStocks wrap V2 100%,
2026-09-18T16:45:03+00:00,2026-09-18T16:45+00:00,35367835988,ok,SPYx,0x90a2a4c76b5d8c0bc892a69ea28aa775a8f2dd48,18,5.0,0.006582470087986287,759.5932732191,NA,1.005714560286254056,1005714560286254000,Uniswap V4 100%|Uniswap V3 100%|xStocks wrap V2 100%,
2026-09-18T16:45:04+00:00,2026-09-18T16:45+00:00,35367835988,ok,QQQx,0xa753a7395cae905cd615da0b82a53e0560f250af,18,5.0,0.006974301450738332,716.9176777512,NA,1.002725029655105127,1002725029655105100,Uniswap V3 100%|xStocks wrap V2 100%,
2026-09-18T16:45:05+00:00,2026-09-18T16:45+00:00,35367835988,ok,GOOGLx,0xe92f673ca36c5e2efd2de7628f815f84807e803f,18,5.0,0.014293167944996629,349.8174805782,NA,1.002377250060348723,1002377250060348700,Uniswap V3 100%|xStocks wrap V2 100%,
2026-09-18T16:45:07+00:00,2026-09-18T16:45+00:00,35367835988,ok,BRK.Bx,0x12992613fdd35abe95dec5a4964331b1ee23b50d,18,5.0,0.009850758907031533,507.5751063637,NA,1.,1000000000000000000,Uniswap V4 100%|Uniswap V3 100%|xStocks wrap V2 100%,
2026-09-18T16:45:08+00:00,2026-09-18T16:45+00:00,35367835988,ok,TSLAx,0x8ad3c73f833d3f9a523ab01476625f269aeb7cf0,18,5.0,0.01378491026709712,362.7154550244,NA,1.,1000000000000000000,Uniswap V3 100%|xStocks wrap V2 100%,
2026-09-18T16:45:10+00:00,2026-09-18T16:45+00:00,35367835988,ok,AAPLx,0x9d275685dc284c8eb1c79f6aba7a63dc75ec890a,18,5.0,0.014947646576373746,334.5008175336,NA,1.003269012539818705,1003269012539818700,Uniswap V4 100%|Uniswap V3 100%|xStocks wrap V2 100%,
2026-09-18T16:45:11+00:00,2026-09-18T16:45+00:00,35367835988,ok,COINx,0x364f210f430ec2448fc68a49203040f6124096f0,18,5.0,0.025763383516770169,194.0738877231,NA,1.,1000000000000000000,Uniswap V4 100%|ElfomoFi 100%|Uniswap V3 100%|xStocks wrap V2 100%,
2026-09-18T16:45:13+00:00,2026-09-18T16:45+00:00,35367835988,ok,TSMx,0x9e3bf4ecfc44eedd624f26656b6736a3f093b073,18,5.0,0.011624846205172006,430.1132171345,NA,1.006187447932033185,1006187447932033200,Uniswap V3 100%|xStocks wrap V2 100%,
2026-09-18T16:45:14+00:00,2026-09-18T16:45+00:00,35367835988,ok,AVGOx,0x38bac69cbbd28156796e4163b2b6dcb81e336565,18,5.0,0.014093386360381576,354.7763377903,NA,1.004883768486276807,1004883768486276800,Uniswap V3 100%|xStocks wrap V2 100%,
2026-09-18T16:45:16+00:00,2026-09-18T16:45+00:00,35367835988,ok,IWMx,0xdadfb355c6110eda0908740d52c834d6c2bcddc7,18,5.0,0.017655360449803741,283.2001087837,NA,1.004730320498842033,1004730320498842000,Uniswap V3 100%|xStocks wrap V2 100%,
2026-09-18T16:45:17+00:00,2026-09-18T16:45+00:00,35367835988,ok,HOODx,0xe1385fdd5ffb10081cd52c56584f25efa9084015,18,5.0,0.041929817612196413,119.2468816880,NA,1.,1000000000000000000,Uniswap V3 100%|xStocks wrap V2 100%,
2026-09-18T16:45:19+00:00,2026-09-18T16:45+00:00,35367835988,ok,ASMLx,0xc0b417e7f83db438631eb5e096684dd742e5294f,18,5.0,0.003031680900824569,1649.2500904828,NA,1.002866334414662441,1002866334414662400,Uniswap V3 100%|xStocks wrap V2 100%,
2026-09-18T16:50:00+00:00,2026-09-18T16:50+00:00,35367835988,ok,NVDAx,0xc845b2894dbddd03858fd2d643b4ef725fe0849d,18,5.0,0.022766520736391509,219.6207342305,NA,1.001701196801074056,1001701196801074000,Uniswap V3 100%|Uniswap V4 100%|xStocks wrap V2 100%,
2026-09-18T16:50:01+00:00,2026-09-18T16:50+00:00,35367835988,ok,MSTRx,0xae2f842ef90c0d5213259ab82639d5bbf649b08e,18,5.0,0.033405481594022755,149.6760340343,NA,1.,1000000000000000000,Uniswap V3 100%|Uniswap V4 100%|xStocks wrap V2 100%,
2026-09-18T16:50:02+00:00,2026-09-18T16:50+00:00,35367835988,ok,SPYx,0x90a2a4c76b5d8c0bc892a69ea28aa775a8f2dd48,18,5.0,0.006582301543096341,759.6127231886,NA,1.005714560286254056,1005714560286254000,Uniswap V3 100%|Uniswap V4 100%|xStocks wrap V2 100%,
2026-09-18T16:50:04+00:00,2026-09-18T16:50+00:00,35367835988,ok,QQQx,0xa753a7395cae905cd615da0b82a53e0560f250af,18,5.0,0.006974290986200848,716.9187534465,NA,1.002725029655105127,1002725029655105100,Uniswap V3 100%|xStocks wrap V2 100%,
2026-09-18T16:50:05+00:00,2026-09-18T16:50+00:00,35367835988,ok,GOOGLx,0xe92f673ca36c5e2efd2de7628f815f84807e803f,18,5.0,0.014293167944996629,349.8174805782,NA,1.002377250060348723,1002377250060348700,Uniswap V3 100%|xStocks wrap V2 100%,
2026-09-18T16:50:07+00:00,2026-09-18T16:50+00:00,35367835988,ok,BRK.Bx,0x12992613fdd35abe95dec5a4964331b1ee23b50d,18,5.0,0.009850506677643032,507.5881031935,NA,1.,1000000000000000000,Uniswap V3 100%|Uniswap V4 100%|xStocks wrap V2 100%,
2026-09-18T16:50:08+00:00,2026-09-18T16:50+00:00,35367835988,ok,TSLAx,0x8ad3c73f833d3f9a523ab01476625f269aeb7cf0,18,5.0,0.013781257196568827,362.8116019230,NA,1.,1000000000000000000,Uniswap V3 100%|xStocks wrap V2 100%,
2026-09-18T16:50:10+00:00,2026-09-18T16:50+00:00,35367835988,ok,AAPLx,0x9d275685dc284c8eb1c79f6aba7a63dc75ec890a,18,5.0,0.014946363783728855,334.5295265356,NA,1.003269012539818705,1003269012539818700,Uniswap V3 100%|Uniswap V4 100%|xStocks wrap V2 100%,
2026-09-18T16:50:11+00:00,2026-09-18T16:50+00:00,35367835988,ok,COINx,0x364f210f430ec2448fc68a49203040f6124096f0,18,5.0,0.025842206182389159,193.4819328006,NA,1.,1000000000000000000,Uniswap V3 100%|xStocks wrap V2 100%,
2026-09-18T16:50:13+00:00,2026-09-18T16:50+00:00,35367835988,ok,TSMx,0x9e3bf4ecfc44eedd624f26656b6736a3f093b073,18,5.0,0.011628771867990153,429.9680187005,NA,1.006187447932033185,1006187447932033200,Uniswap V3 100%|xStocks wrap V2 100%,
2026-09-18T16:50:14+00:00,2026-09-18T16:50+00:00,35367835988,ok,AVGOx,0x38bac69cbbd28156796e4163b2b6dcb81e336565,18,5.0,0.014105206316102157,354.4790404301,NA,1.004883768486276807,1004883768486276800,Uniswap V3 100%|xStocks wrap V2 100%,
2026-09-18T16:50:16+00:00,2026-09-18T16:50+00:00,35367835988,ok,IWMx,0xdadfb355c6110eda0908740d52c834d6c2bcddc7,18,5.0,0.017655360449803741,283.2001087837,NA,1.004730320498842033,1004730320498842000,Uniswap V3 100%|xStocks wrap V2 100%,
2026-09-18T16:50:17+00:00,2026-09-18T16:50+00:00,35367835988,ok,HOODx,0xe1385fdd5ffb10081cd52c56584f25efa9084015,18,5.0,0.041911898585128698,119.2978645395,NA,1.,1000000000000000000,Uniswap V3 100%|xStocks wrap V2 100%,
2026-09-18T16:50:19+00:00,2026-09-18T16:50+00:00,35367835988,ok,ASMLx,0xc0b417e7f83db438631eb5e096684dd742e5294f,18,5.0,0.003033958492765959,1648.0119988200,NA,1.002866334414662441,1002866334414662400,Uniswap V3 100%|xStocks wrap V2 100%,
2026-09-18T16:55:00+00:00,2026-09-18T16:55+00:00,35367835988,ok,NVDAx,0xc845b2894dbddd03858fd2d643b4ef725fe0849d,18,5.0,0.022765814814684725,219.6275442237,NA,1.001701196801074056,1001701196801074000,Uniswap V4 100%|Uniswap V3 100%|xStocks wrap V2 100%,
2026-09-18T16:55:01+00:00,2026-09-18T16:55+00:00,35367835988,ok,MSTRx,0xae2f842ef90c0d5213259ab82639d5bbf649b08e,18,5.0,0.03337285894589808,149.8223454007,NA,1.,1000000000000000000,Uniswap V4 100%|Uniswap V3 100%|xStocks wrap V2 100%,
2026-09-18T16:55:03+00:00,2026-09-18T16:55+00:00,35367835988,ok,SPYx,0x90a2a4c76b5d8c0bc892a69ea28aa775a8f2dd48,18,5.0,0.006582088228469999,759.6373409845,NA,1.005714560286254056,1005714560286254000,Uniswap V4 100%|Uniswap V3 100%|xStocks wrap V2 100%,
2026-09-18T16:55:04+00:00,2026-09-18T16:55+00:00,35367835988,ok,QQQx,0xa753a7395cae905cd615da0b82a53e0560f250af,18,5.0,0.006974284072547788,716.9194641327,NA,1.002725029655105127,1002725029655105100,Uniswap V3 100%|xStocks wrap V2 100%,
2026-09-18T16:55:05+00:00,2026-09-18T16:55+00:00,35367835988,ok,GOOGLx,0xe92f673ca36c5e2efd2de7628f815f84807e803f,18,5.0,0.014293167944996629,349.8174805782,NA,1.002377250060348723,1002377250060348700,Uniswap V3 100%|xStocks wrap V2 100%,
2026-09-18T16:55:07+00:00,2026-09-18T16:55+00:00,35367835988,ok,BRK.Bx,0x12992613fdd35abe95dec5a4964331b1ee23b50d,18,5.0,0.00984563992392962,507.8390067717,NA,1.,1000000000000000000,Uniswap V4 100%|Uniswap V3 100%|xStocks wrap V2 100%,
2026-09-18T16:55:08+00:00,2026-09-18T16:55+00:00,35367835988,ok,TSLAx,0x8ad3c73f833d3f9a523ab01476625f269aeb7cf0,18,5.0,0.013772267797835627,363.0484153660,NA,1.,1000000000000000000,Uniswap V3 100%|xStocks wrap V2 100%,
2026-09-18T16:55:10+00:00,2026-09-18T16:55+00:00,35367835988,ok,AAPLx,0x9d275685dc284c8eb1c79f6aba7a63dc75ec890a,18,5.0,0.014945745690130444,334.5433612792,NA,1.003269012539818705,1003269012539818700,Uniswap V4 100%|Uniswap V3 100%|xStocks wrap V2 100%,
2026-09-18T16:55:11+00:00,2026-09-18T16:55+00:00,35367835988,ok,COINx,0x364f210f430ec2448fc68a49203040f6124096f0,18,5.0,0.02578536041852357,193.9084782545,NA,1.,1000000000000000000,Uniswap V3 100%|xStocks wrap V2 100%,
2026-09-18T16:55:13+00:00,2026-09-18T16:55+00:00,35367835988,ok,TSMx,0x9e3bf4ecfc44eedd624f26656b6736a3f093b073,18,5.0,0.011628771867990153,429.9680187005,NA,1.006187447932033185,1006187447932033200,Uniswap V3 100%|xStocks wrap V2 100%,
2026-09-18T16:55:14+00:00,2026-09-18T16:55+00:00,35367835988,ok,AVGOx,0x38bac69cbbd28156796e4163b2b6dcb81e336565,18,5.0,0.014105206316102157,354.4790404301,NA,1.004883768486276807,1004883768486276800,Uniswap V3 100%|xStocks wrap V2 100%,
2026-09-18T16:55:16+00:00,2026-09-18T16:55+00:00,35367835988,ok,IWMx,0xdadfb355c6110eda0908740d52c834d6c2bcddc7,18,5.0,0.017655360449803741,283.2001087837,NA,1.004730320498842033,1004730320498842000,Uniswap V3 100%|xStocks wrap V2 100%,
2026-09-18T16:55:17+00:00,2026-09-18T16:55+00:00,35367835988,ok,HOODx,0xe1385fdd5ffb10081cd52c56584f25efa9084015,18,5.0,0.0418378609468514,119.5089779172,NA,1.,1000000000000000000,Uniswap V3 100%|xStocks wrap V2 100%,
2026-09-18T16:55:19+00:00,2026-09-18T16:55+00:00,35367835988,ok,ASMLx,0xc0b417e7f83db438631eb5e096684dd742e5294f,18,5.0,0.003034265733443356,1647.8451260516,NA,1.002866334414662441,1002866334414662400,Uniswap V3 100%|xStocks wrap V2 100%,
2026-09-18T17:00:00+00:00,2026-09-18T17:00+00:00,35367835988,ok,NVDAx,0xc845b2894dbddd03858fd2d643b4ef725fe0849d,18,5.0,0.022765896792689384,219.6267533641,NA,1.001701196801074056,1001701196801074000,Uniswap V3 100%|Uniswap V4 100%|xStocks wrap V2 100%,
2026-09-18T17:00:01+00:00,2026-09-18T17:00+00:00,35367835988,ok,MSTRx,0xae2f842ef90c0d5213259ab82639d5bbf649b08e,18,5.0,0.033292321634629925,150.1847799884,NA,1.,1000000000000000000,Uniswap V4 100%|Uniswap V3 100%|xStocks wrap V2 100%,
2026-09-18T17:00:03+00:00,2026-09-18T17:00+00:00,35367835988,ok,SPYx,0x90a2a4c76b5d8c0bc892a69ea28aa775a8f2dd48,18,5.0,0.006582111930095147,759.6346055950,NA,1.005714560286254056,1005714560286254000,Uniswap V3 100%|Uniswap V4 100%|xStocks wrap V2 100%,
2026-09-18T17:00:04+00:00,2026-09-18T17:00+00:00,35367835988,ok,QQQx,0xa753a7395cae905cd615da0b82a53e0560f250af,18,5.0,0.006974646766892495,716.8821830138,NA,1.002725029655105127,1002725029655105100,Uniswap V3 100%|xStocks wrap V2 100%,
2026-09-18T17:00:06+00:00,2026-09-18T17:00+00:00,35367835988,ok,GOOGLx,0xe92f673ca36c5e2efd2de7628f815f84807e803f,18,5.0,0.014293167944996629,349.8174805782,NA,1.002377250060348723,1002377250060348700,Uniswap V3 100%|xStocks wrap V2 100%,
2026-09-18T17:00:07+00:00,2026-09-18T17:00+00:00,35367835988,ok,BRK.Bx,0x12992613fdd35abe95dec5a4964331b1ee23b50d,18,5.0,0.009845665529150309,507.8376860555,NA,1.,1000000000000000000,Uniswap V3 100%|Uniswap V4 100%|xStocks wrap V2 100%,
2026-09-18T17:00:09+00:00,2026-09-18T17:00+00:00,35367835988,ok,TSLAx,0x8ad3c73f833d3f9a523ab01476625f269aeb7cf0,18,5.0,0.013772267797835627,363.0484153660,NA,1.,1000000000000000000,Uniswap V3 100%|xStocks wrap V2 100%,
2026-09-18T17:00:10+00:00,2026-09-18T17:00+00:00,35367835988,ok,AAPLx,0x9d275685dc284c8eb1c79f6aba7a63dc75ec890a,18,5.0,0.014945091435336094,334.5580066628,NA,1.003269012539818705,1003269012539818700,Uniswap V3 100%|Uniswap V4 100%|xStocks wrap V2 100%,
2026-09-18T17:00:11+00:00,2026-09-18T17:00+00:00,35367835988,ok,COINx,0x364f210f430ec2448fc68a49203040f6124096f0,18,5.0,0.025763423333499257,194.0735877867,NA,1.,1000000000000000000,Uniswap V3 100%|ElfomoFi 100%|xStocks wrap V2 100%,
2026-09-18T17:00:13+00:00,2026-09-18T17:00+00:00,35367835988,ok,TSMx,0x9e3bf4ecfc44eedd624f26656b6736a3f093b073,18,5.0,0.011628771867990153,429.9680187005,NA,1.006187447932033185,1006187447932033200,Uniswap V3 100%|xStocks wrap V2 100%,
2026-09-18T17:00:14+00:00,2026-09-18T17:00+00:00,35367835988,ok,AVGOx,0x38bac69cbbd28156796e4163b2b6dcb81e336565,18,5.0,0.014105206316102157,354.4790404301,NA,1.004883768486276807,1004883768486276800,Uniswap V3 100%|xStocks wrap V2 100%,
2026-09-18T17:00:16+00:00,2026-09-18T17:00+00:00,35367835988,ok,IWMx,0xdadfb355c6110eda0908740d52c834d6c2bcddc7,18,5.0,0.017655360449803741,283.2001087837,NA,1.004730320498842033,1004730320498842000,Uniswap V3 100%|xStocks wrap V2 100%,
2026-09-18T17:00:17+00:00,2026-09-18T17:00+00:00,35367835988,ok,HOODx,0xe1385fdd5ffb10081cd52c56584f25efa9084015,18,5.0,0.041788612490687167,119.6498208959,NA,1.,1000000000000000000,Uniswap V3 100%|xStocks wrap V2 100%,
2026-09-18T17:00:19+00:00,2026-09-18T17:00+00:00,35367835988,ok,ASMLx,0xc0b417e7f83db438631eb5e096684dd742e5294f,18,5.0,0.003034265733443356,1647.8451260516,NA,1.002866334414662441,1002866334414662400,Uniswap V3 100%|xStocks wrap V2 100%,
2026-09-18T17:05:00+00:00,2026-09-18T17:05+00:00,35367835988,ok,NVDAx,0xc845b2894dbddd03858fd2d643b4ef725fe0849d,18,5.0,0.022763266081448692,219.6521352476,NA,1.001701196801074056,1001701196801074000,CurveNG 100%|Uniswap V4 100%|Uniswap V3 100%|xStocks wrap V2 100%,
2026-09-18T17:05:01+00:00,2026-09-18T17:05+00:00,35367835988,ok,MSTRx,0xae2f842ef90c0d5213259ab82639d5bbf649b08e,18,5.0,0.033320461479854548,150.0579457167,NA,1.,1000000000000000000,CurveNG 100%|Uniswap V4 100%|Uniswap V3 100%|xStocks wrap V2 100%,
2026-09-18T17:05:02+00:00,2026-09-18T17:05+00:00,35367835988,ok,SPYx,0x90a2a4c76b5d8c0bc892a69ea28aa775a8f2dd48,18,5.0,0.006582111930095147,759.6346055950,NA,1.005714560286254056,1005714560286254000,CurveNG 100%|Uniswap V4 100%|Uniswap V3 100%|xStocks wrap V2 100%,
2026-09-18T17:05:04+00:00,2026-09-18T17:05+00:00,35367835988,ok,QQQx,0xa753a7395cae905cd615da0b82a53e0560f250af,18,5.0,0.006974646766892495,716.8821830138,NA,1.002725029655105127,1002725029655105100,Uniswap V3 100%|xStocks wrap V2 100%,
2026-09-18T17:05:05+00:00,2026-09-18T17:05+00:00,35367835988,ok,GOOGLx,0xe92f673ca36c5e2efd2de7628f815f84807e803f,18,5.0,0.014293167944996629,349.8174805782,NA,1.002377250060348723,1002377250060348700,Uniswap V3 100%|xStocks wrap V2 100%,
2026-09-18T17:05:07+00:00,2026-09-18T17:05+00:00,35367835988,ok,BRK.Bx,0x12992613fdd35abe95dec5a4964331b1ee23b50d,18,5.0,0.009836968052536837,508.2866970083,NA,1.,1000000000000000000,CurveNG 100%|Uniswap V4 100%|Uniswap V3 100%|xStocks wrap V2 100%,
2026-09-18T17:05:08+00:00,2026-09-18T17:05+00:00,35367835988,ok,TSLAx,0x8ad3c73f833d3f9a523ab01476625f269aeb7cf0,18,5.0,0.013774009631052235,363.0025050025,NA,1.,1000000000000000000,Uniswap V3 100%|xStocks wrap V2 100%,
2026-09-18T17:05:10+00:00,2026-09-18T17:05+00:00,35367835988,ok,AAPLx,0x9d275685dc284c8eb1c79f6aba7a63dc75ec890a,18,5.0,0.014945382202203558,334.5514977371,NA,1.003269012539818705,1003269012539818700,CurveNG 100%|Uniswap V4 100%|Uniswap V3 100%|xStocks wrap V2 100%,
2026-09-18T17:05:11+00:00,2026-09-18T17:05+00:00,35367835988,ok,COINx,0x364f210f430ec2448fc68a49203040f6124096f0,18,5.0,0.025745132830731488,194.2114664109,NA,1.,1000000000000000000,Uniswap V3 100%|xStocks wrap V2 100%,
2026-09-18T17:05:13+00:00,2026-09-18T17:05+00:00,35367835988,ok,TSMx,0x9e3bf4ecfc44eedd624f26656b6736a3f093b073,18,5.0,0.011628771867990153,429.9680187005,NA,1.006187447932033185,1006187447932033200,Uniswap V3 100%|xStocks wrap V2 100%,
2026-09-18T17:05:14+00:00,2026-09-18T17:05+00:00,35367835988,ok,AVGOx,0x38bac69cbbd28156796e4163b2b6dcb81e336565,18,5.0,0.014105206316102157,354.4790404301,NA,1.004883768486276807,1004883768486276800,Uniswap V3 100%|xStocks wrap V2 100%,
2026-09-18T17:05:16+00:00,2026-09-18T17:05+00:00,35367835988,ok,IWMx,0xdadfb355c6110eda0908740d52c834d6c2bcddc7,18,5.0,0.017655360436130096,283.2001090030,NA,1.004730320498842033,1004730320498842000,Uniswap V3 100%|xStocks wrap V2 100%,
2026-09-18T17:05:17+00:00,2026-09-18T17:05+00:00,35367835988,ok,HOODx,0xe1385fdd5ffb10081cd52c56584f25efa9084015,18,5.0,0.041788612490687167,119.6498208959,NA,1.,1000000000000000000,Uniswap V3 100%|xStocks wrap V2 100%,
2026-09-18T17:05:19+00:00,2026-09-18T17:05+00:00,35367835988,ok,ASMLx,0xc0b417e7f83db438631eb5e096684dd742e5294f,18,5.0,0.003034265733443356,1647.8451260516,NA,1.002866334414662441,1002866334414662400,Uniswap V3 100%|xStocks wrap V2 100%,
2026-09-18T17:10:00+00:00,2026-09-18T17:10+00:00,35367835988,ok,NVDAx,0xc845b2894dbddd03858fd2d643b4ef725fe0849d,18,5.0,0.022754820282901676,219.7336624872,NA,1.001701196801074056,1001701196801074000,Uniswap V4 100%|Uniswap V3 100%|xStocks wrap V2 100%,
2026-09-18T17:10:01+00:00,2026-09-18T17:10+00:00,35367835988,ok,MSTRx,0xae2f842ef90c0d5213259ab82639d5bbf649b08e,18,5.0,0.033341769446038935,149.9620470981,NA,1.,1000000000000000000,Uniswap V4 100%|Uniswap V3 100%|xStocks wrap V2 100%,
2026-09-18T17:10:03+00:00,2026-09-18T17:10+00:00,35367835988,ok,SPYx,0x90a2a4c76b5d8c0bc892a69ea28aa775a8f2dd48,18,5.0,0.006581828827350304,759.6672795900,NA,1.005714560286254056,1005714560286254000,Uniswap V4 100%|Uniswap V3 100%|xStocks wrap V2 100%,
2026-09-18T17:10:04+00:00,2026-09-18T17:10+00:00,35367835988,ok,QQQx,0xa753a7395cae905cd615da0b82a53e0560f250af,18,5.0,0.006971395683065468,717.2164982897,NA,1.002725029655105127,1002725029655105100,Uniswap V3 100%|xStocks wrap V2 100%,
2026-09-18T17:10:05+00:00,2026-09-18T17:10+00:00,35367835988,ok,GOOGLx,0xe92f673ca36c5e2efd2de7628f815f84807e803f,18,5.0,0.014293125048170624,349.8185304578,NA,1.002377250060348723,1002377250060348700,Uniswap V3 100%|xStocks wrap V2 100%,
2026-09-18T17:10:07+00:00,2026-09-18T17:10+00:00,35367835988,ok,BRK.Bx,0x12992613fdd35abe95dec5a4964331b1ee23b50d,18,5.0,0.009840703355622121,508.0937631499,NA,1.,1000000000000000000,Uniswap V4 100%|Uniswap V3 100%|xStocks wrap V2 100%,
2026-09-18T17:10:08+00:00,2026-09-18T17:10+00:00,35367835988,ok,TSLAx,0x8ad3c73f833d3f9a523ab01476625f269aeb7cf0,18,5.0,0.013778281586451715,362.8899560970,NA,1.,1000000000000000000,Uniswap V3 100%|xStocks wrap V2 100%,
2026-09-18T17:10:10+00:00,2026-09-18T17:10+00:00,35367835988,ok,AAPLx,0x9d275685dc284c8eb1c79f6aba7a63dc75ec890a,18,5.0,0.014944129903915585,334.5795327094,NA,1.003269012539818705,1003269012539818700,Uniswap V4 100%|Uniswap V3 100%|xStocks wrap V2 100%,
2026-09-18T17:10:11+00:00,2026-09-18T17:10+00:00,35367835988,ok,COINx,0x364f210f430ec2448fc68a49203040f6124096f0,18,5.0,0.025713478740397103,194.4505467533,NA,1.,1000000000000000000,Uniswap V3 100%|xStocks wrap V2 100%,
2026-09-18T17:10:13+00:00,2026-09-18T17:10+00:00,35367835988,ok,TSMx,0x9e3bf4ecfc44eedd624f26656b6736a3f093b073,18,5.0,0.011628771867990153,429.9680187005,NA,1.006187447932033185,1006187447932033200,Uniswap V3 100%|xStocks wrap V2 100%,
2026-09-18T17:10:15+00:00,2026-09-18T17:10+00:00,35367835988,ok,AVGOx,0x38bac69cbbd28156796e4163b2b6dcb81e336565,18,5.0,0.014105206316102157,354.4790404301,NA,1.004883768486276807,1004883768486276800,Uniswap V3 100%|xStocks wrap V2 100%,
2026-09-18T17:10:16+00:00,2026-09-18T17:10+00:00,35367835988,ok,IWMx,0xdadfb355c6110eda0908740d52c834d6c2bcddc7,18,5.0,0.017655360436130096,283.2001090030,NA,1.004730320498842033,1004730320498842000,Uniswap V3 100%|xStocks wrap V2 100%,
2026-09-18T17:10:17+00:00,2026-09-18T17:10+00:00,35367835988,ok,HOODx,0xe1385fdd5ffb10081cd52c56584f25efa9084015,18,5.0,0.041839644178084515,119.5038843714,NA,1.,1000000000000000000,Uniswap V3 100%|xStocks wrap V2 100%,
2026-09-18T17:10:19+00:00,2026-09-18T17:10+00:00,35367835988,ok,ASMLx,0xc0b417e7f83db438631eb5e096684dd742e5294f,18,5.0,0.003034265733443356,1647.8451260516,NA,1.002866334414662441,1002866334414662400,Uniswap V3 100%|xStocks wrap V2 100%,
2026-09-18T17:15:00+00:00,2026-09-18T17:15+00:00,35373181225,ok,NVDAx,0xc845b2894dbddd03858fd2d643b4ef725fe0849d,18,5.0,0.022748883520162601,219.7910062517,NA,1.001701196801074056,1001701196801074000,Uniswap V4 100%|Uniswap V3 100%|xStocks wrap V2 100%,
2026-09-18T17:15:02+00:00,2026-09-18T17:15+00:00,35373181225,ok,MSTRx,0xae2f842ef90c0d5213259ab82639d5bbf649b08e,18,5.0,0.033322365507398567,150.0493714616,NA,1.,1000000000000000000,Uniswap V4 100%|Uniswap V3 100%|xStocks wrap V2 100%,
2026-09-18T17:15:03+00:00,2026-09-18T17:15+00:00,35373181225,ok,SPYx,0x90a2a4c76b5d8c0bc892a69ea28aa775a8f2dd48,18,5.0,0.00658197893764292,759.6499544240,NA,1.005714560286254056,1005714560286254000,Uniswap V4 100%|Uniswap V3 100%|xStocks wrap V2 100%,
2026-09-18T17:15:05+00:00,2026-09-18T17:15+00:00,35373181225,ok,QQQx,0xa753a7395cae905cd615da0b82a53e0560f250af,18,5.0,0.006971388013684358,717.2172873157,NA,1.002725029655105127,1002725029655105100,Uniswap V3 100%|xStocks wrap V2 100%,
2026-09-18T17:15:06+00:00,2026-09-18T17:15+00:00,35373181225,ok,GOOGLx,0xe92f673ca36c5e2efd2de7628f815f84807e803f,18,5.0,0.014293125048170624,349.8185304578,NA,1.002377250060348723,1002377250060348700,Uniswap V3 100%|xStocks wrap V2 100%,
2026-09-18T17:15:08+00:00,2026-09-18T17:15+00:00,35373181225,ok,BRK.Bx,0x12992613fdd35abe95dec5a4964331b1ee23b50d,18,5.0,0.009840927789973759,508.0821754524,NA,1.,1000000000000000000,Uniswap V4 100%|Uniswap V3 100%|xStocks wrap V2 100%,
2026-09-18T17:15:10+00:00,2026-09-18T17:15+00:00,35373181225,ok,TSLAx,0x8ad3c73f833d3f9a523ab01476625f269aeb7cf0,18,5.0,0.013782637682570126,362.7752622652,NA,1.,1000000000000000000,Uniswap V3 100%|xStocks wrap V2 100%,
2026-09-18T17:15:12+00:00,2026-09-18T17:15+00:00,35373181225,ok,AAPLx,0x9d275685dc284c8eb1c79f6aba7a63dc75ec890a,18,5.0,0.014945449261126962,334.5499966338,NA,1.003269012539818705,1003269012539818700,Uniswap V4 100%|Uniswap V3 100%|xStocks wrap V2 100%,
2026-09-18T17:15:14+00:00,2026-09-18T17:15+00:00,35373181225,ok,COINx,0x364f210f430ec2448fc68a49203040f6124096f0,18,5.0,0.025717111906411218,194.4230758958,NA,1.,1000000000000000000,Uniswap V3 100%|xStocks wrap V2 100%,
2026-09-18T17:15:15+00:00,2026-09-18T17:15+00:00,35373181225,ok,TSMx,0x9e3bf4ecfc44eedd624f26656b6736a3f093b073,18,5.0,0.011628771867990153,429.9680187005,NA,1.006187447932033185,1006187447932033200,Uniswap V3 100%|xStocks wrap V2 100%,
2026-09-18T17:15:17+00:00,2026-09-18T17:15+00:00,35373181225,ok,AVGOx,0x38bac69cbbd28156796e4163b2b6dcb81e336565,18,5.0,0.014100510203980064,354.5970980957,NA,1.004883768486276807,1004883768486276800,Uniswap V3 100%|xStocks wrap V2 100%,
2026-09-18T17:15:19+00:00,2026-09-18T17:15+00:00,35373181225,ok,IWMx,0xdadfb355c6110eda0908740d52c834d6c2bcddc7,18,5.0,0.017655360436130096,283.2001090030,NA,1.004730320498842033,1004730320498842000,Uniswap V3 100%|xStocks wrap V2 100%,
2026-09-18T17:15:21+00:00,2026-09-18T17:15+00:00,35373181225,ok,HOODx,0xe1385fdd5ffb10081cd52c56584f25efa9084015,18,5.0,0.041811526780189706,119.5842482932,NA,1.,1000000000000000000,Uniswap V3 100%|xStocks wrap V2 100%,
2026-09-18T17:15:23+00:00,2026-09-18T17:15+00:00,35373181225,ok,ASMLx,0xc0b417e7f83db438631eb5e096684dd742e5294f,18,5.0,0.003034265733443356,1647.8451260516,NA,1.002866334414662441,1002866334414662400,Uniswap V3 100%|xStocks wrap V2 100%,
2026-09-18T17:20:00+00:00,2026-09-18T17:20+00:00,35373181225,ok,NVDAx,0xc845b2894dbddd03858fd2d643b4ef725fe0849d,18,5.0,0.022732137986530638,219.9529143701,NA,1.001701196801074056,1001701196801074000,Uniswap V4 100%|Uniswap V3 100%|xStocks wrap V2 100%,
2026-09-18T17:20:01+00:00,2026-09-18T17:20+00:00,35373181225,ok,MSTRx,0xae2f842ef90c0d5213259ab82639d5bbf649b08e,18,5.0,0.033311219336931285,150.0995790465,NA,1.,1000000000000000000,Uniswap V4 100%|Uniswap V3 100%|xStocks wrap V2 100%,
2026-09-18T17:20:04+00:00,2026-09-18T17:20+00:00,35373181225,ok,SPYx,0x90a2a4c76b5d8c0bc892a69ea28aa775a8f2dd48,18,5.0,0.006581828827350304,759.6672795900,NA,1.005714560286254056,1005714560286254000,Uniswap V4 100%|Uniswap V3 100%|xStocks wrap V2 100%,
2026-09-18T17:20:05+00:00,2026-09-18T17:20+00:00,35373181225,ok,QQQx,0xa753a7395cae905cd615da0b82a53e0560f250af,18,5.0,0.006971388782495903,717.2172082203,NA,1.002725029655105127,1002725029655105100,Uniswap V3 100%|xStocks wrap V2 100%,
2026-09-18T17:20:07+00:00,2026-09-18T17:20+00:00,35373181225,ok,GOOGLx,0xe92f673ca36c5e2efd2de7628f815f84807e803f,18,5.0,0.014293125048170624,349.8185304578,NA,1.002377250060348723,1002377250060348700,Uniswap V3 100%|xStocks wrap V2 100%,
2026-09-18T17:20:09+00:00,2026-09-18T17:20+00:00,35373181225,ok,BRK.Bx,0x12992613fdd35abe95dec5a4964331b1ee23b50d,18,5.0,0.009840703355622121,508.0937631499,NA,1.,1000000000000000000,Uniswap V4 100%|Uniswap V3 100%|xStocks wrap V2 100%,
2026-09-18T17:20:10+00:00,2026-09-18T17:20+00:00,35373181225,ok,TSLAx,0x8ad3c73f833d3f9a523ab01476625f269aeb7cf0,18,5.0,0.013782641348324465,362.7751657782,NA,1.,1000000000000000000,Uniswap V3 100%|xStocks wrap V2 100%,
2026-09-18T17:20:12+00:00,2026-09-18T17:20+00:00,35373181225,ok,AAPLx,0x9d275685dc284c8eb1c79f6aba7a63dc75ec890a,18,5.0,0.014945022362992855,334.5595529105,NA,1.003269012539818705,1003269012539818700,Uniswap V4 100%|Uniswap V3 100%|xStocks wrap V2 100%,
2026-09-18T17:20:14+00:00,2026-09-18T17:20+00:00,35373181225,ok,COINx,0x364f210f430ec2448fc68a49203040f6124096f0,18,5.0,0.025725388888833356,194.3605214913,NA,1.,1000000000000000000,Uniswap V3 100%|xStocks wrap V2 100%,
2026-09-18T17:20:16+00:00,2026-09-18T17:20+00:00,35373181225,ok,TSMx,0x9e3bf4ecfc44eedd624f26656b6736a3f093b073,18,5.0,0.011628771867990153,429.9680187005,NA,1.006187447932033185,1006187447932033200,Uniswap V3 100%|xStocks wrap V2 100%,
2026-09-18T17:20:18+00:00,2026-09-18T17:20+00:00,35373181225,ok,AVGOx,0x38bac69cbbd28156796e4163b2b6dcb81e336565,18,5.0,0.014100510203980064,354.5970980957,NA,1.004883768486276807,1004883768486276800,Uniswap V3 100%|xStocks wrap V2 100%,
2026-09-18T17:20:19+00:00,2026-09-18T17:20+00:00,35373181225,ok,IWMx,0xdadfb355c6110eda0908740d52c834d6c2bcddc7,18,5.0,0.017655360436130096,283.2001090030,NA,1.004730320498842033,1004730320498842000,Uniswap V3 100%|xStocks wrap V2 100%,
2026-09-18T17:20:21+00:00,2026-09-18T17:20+00:00,35373181225,ok,HOODx,0xe1385fdd5ffb10081cd52c56584f25efa9084015,18,5.0,0.041800663377187068,119.6153265531,NA,1.,1000000000000000000,Uniswap V3 100%|xStocks wrap V2 100%,
2026-09-18T17:20:23+00:00,2026-09-18T17:20+00:00,35373181225,ok,ASMLx,0xc0b417e7f83db438631eb5e096684dd742e5294f,18,5.0,0.003034265733443356,1647.8451260516,NA,1.002866334414662441,1002866334414662400,Uniswap V3 100%|xStocks wrap V2 100%,
2026-09-18T17:25:00+00:00,2026-09-18T17:25+00:00,35373181225,ok,NVDAx,0xc845b2894dbddd03858fd2d643b4ef725fe0849d,18,5.0,0.022732372014774453,219.9506499696,NA,1.001701196801074056,1001701196801074000,Uniswap V4 100%|Uniswap V3 100%|xStocks wrap V2 100%,
2026-09-18T17:25:02+00:00,2026-09-18T17:25+00:00,35373181225,ok,MSTRx,0xae2f842ef90c0d5213259ab82639d5bbf649b08e,18,5.0,0.033325948927453587,150.0332371896,NA,1.,1000000000000000000,Uniswap V4 100%|Uniswap V3 100%|xStocks wrap V2 100%,
2026-09-18T17:25:04+00:00,2026-09-18T17:25+00:00,35373181225,ok,SPYx,0x90a2a4c76b5d8c0bc892a69ea28aa775a8f2dd48,18,5.0,0.006581806442482107,759.6698632351,NA,1.005714560286254056,1005714560286254000,Uniswap V4 100%|Uniswap V3 100%|xStocks wrap V2 100%,
2026-09-18T17:25:06+00:00,2026-09-18T17:25+00:00,35373181225,ok,QQQx,0xa753a7395cae905cd615da0b82a53e0560f250af,18,5.0,0.0069712329300244,717.2332426974,NA,1.002725029655105127,1002725029655105100,Uniswap V3 100%|xStocks wrap V2 100%,
2026-09-18T17:25:07+00:00,2026-09-18T17:25+00:00,35373181225,ok,GOOGLx,0xe92f673ca36c5e2efd2de7628f815f84807e803f,18,5.0,0.014293048745758376,349.8203979388,NA,1.002377250060348723,1002377250060348700,Uniswap V3 100%|xStocks wrap V2 100%,
2026-09-18T17:25:09+00:00,2026-09-18T17:25+00:00,35373181225,ok,BRK.Bx,0x12992613fdd35abe95dec5a4964331b1ee23b50d,18,5.0,0.009840746667514545,508.0915268864,NA,1.,1000000000000000000,Uniswap V4 100%|Uniswap V3 100%|xStocks wrap V2 100%,
2026-09-18T17:25:11+00:00,2026-09-18T17:25+00:00,35373181225,ok,TSLAx,0x8ad3c73f833d3f9a523ab01476625f269aeb7cf0,18,5.0,0.013782552422589012,362.7775064222,NA,1.,1000000000000000000,Uniswap V3 100%|xStocks wrap V2 100%,
2026-09-18T17:25:13+00:00,2026-09-18T17:25+00:00,35373181225,ok,AAPLx,0x9d275685dc284c8eb1c79f6aba7a63dc75ec890a,18,5.0,0.014933542050662663,334.8167489694,NA,1.003269012539818705,1003269012539818700,Uniswap V4 100%|Uniswap V3 100%|xStocks wrap V2 100%,
2026-09-18T17:25:14+00:00,2026-09-18T17:25+00:00,35373181225,ok,COINx,0x364f210f430ec2448fc68a49203040f6124096f0,18,5.0,0.025717809604611539,194.4178013941,NA,1.,1000000000000000000,Uniswap V3 100%|xStocks wrap V2 100%,
2026-09-18T17:25:16+00:00,2026-09-18T17:25+00:00,35373181225,ok,TSMx,0x9e3bf4ecfc44eedd624f26656b6736a3f093b073,18,5.0,0.011628771867990153,429.9680187005,NA,1.006187447932033185,1006187447932033200,Uniswap V3 100%|xStocks wrap V2 100%,
2026-09-18T17:25:18+00:00,2026-09-18T17:25+00:00,35373181225,ok,AVGOx,0x38bac69cbbd28156796e4163b2b6dcb81e336565,18,5.0,0.014100510203980064,354.5970980957,NA,1.004883768486276807,1004883768486276800,Uniswap V3 100%|xStocks wrap V2 100%,
2026-09-18T17:25:20+00:00,2026-09-18T17:25+00:00,35373181225,ok,IWMx,0xdadfb355c6110eda0908740d52c834d6c2bcddc7,18,5.0,0.017655360436130096,283.2001090030,NA,1.004730320498842033,1004730320498842000,Uniswap V3 100%|xStocks wrap V2 100%,
2026-09-18T17:25:22+00:00,2026-09-18T17:25+00:00,35373181225,ok,HOODx,0xe1385fdd5ffb10081cd52c56584f25efa9084015,18,5.0,0.041876427024896065,119.3989161737,NA,1.,1000000000000000000,Uniswap V3 100%|xStocks wrap V2 100%,
2026-09-18T17:25:23+00:00,2026-09-18T17:25+00:00,35373181225,ok,ASMLx,0xc0b417e7f83db438631eb5e096684dd742e5294f,18,5.0,0.003034265733443356,1647.8451260516,NA,1.002866334414662441,1002866334414662400,Uniswap V3 100%|xStocks wrap V2 100%,
2026-09-18T17:30:00+00:00,2026-09-18T17:30+00:00,35373181225,ok,NVDAx,0xc845b2894dbddd03858fd2d643b4ef725fe0849d,18,5.0,0.022737711197539784,219.8990019955,NA,1.001701196801074056,1001701196801074000,Uniswap V4 100%|Uniswap V3 100%|xStocks wrap V2 100%,
2026-09-18T17:30:02+00:00,2026-09-18T17:30+00:00,35373181225,ok,MSTRx,0xae2f842ef90c0d5213259ab82639d5bbf649b08e,18,5.0,0.03325918013653225,150.3344333647,NA,1.,1000000000000000000,Uniswap V4 100%|Uniswap V3 100%|xStocks wrap V2 100%,
2026-09-18T17:30:03+00:00,2026-09-18T17:30+00:00,35373181225,ok,SPYx,0x90a2a4c76b5d8c0bc892a69ea28aa775a8f2dd48,18,5.0,0.006581838044648973,759.6662157412,NA,1.005714560286254056,1005714560286254000,Uniswap V4 100%|Uniswap V3 100%|xStocks wrap V2 100%,
2026-09-18T17:30:05+00:00,2026-09-18T17:30+00:00,35373181225,ok,QQQx,0xa753a7395cae905cd615da0b82a53e0560f250af,18,5.0,0.0069712329300244,717.2332426974,NA,1.002725029655105127,1002725029655105100,Uniswap V3 100%|xStocks wrap V2 100%,
2026-09-18T17:30:07+00:00,2026-09-18T17:30+00:00,35373181225,ok,GOOGLx,0xe92f673ca36c5e2efd2de7628f815f84807e803f,18,5.0,0.014293048745758376,349.8203979388,NA,1.002377250060348723,1002377250060348700,Uniswap V3 100%|xStocks wrap V2 100%,
2026-09-18T17:30:09+00:00,2026-09-18T17:30+00:00,35373181225,ok,BRK.Bx,0x12992613fdd35abe95dec5a4964331b1ee23b50d,18,5.0,0.009840717136678801,508.0930516094,NA,1.,1000000000000000000,Uniswap V4 100%|Uniswap V3 100%|xStocks wrap V2 100%,
2026-09-18T17:30:10+00:00,2026-09-18T17:30+00:00,35373181225,ok,TSLAx,0x8ad3c73f833d3f9a523ab01476625f269aeb7cf0,18,5.0,0.013780269691918931,362.8376012795,NA,1.,1000000000000000000,Uniswap V3 100%|xStocks wrap V2 100%,
2026-09-18T17:30:12+00:00,2026-09-18T17:30+00:00,35373181225,ok,AAPLx,0x9d275685dc284c8eb1c79f6aba7a63dc75ec890a,18,5.0,0.014934137994907993,334.8033881637,NA,1.003269012539818705,1003269012539818700,Uniswap V4 100%|Uniswap V3 100%|xStocks wrap V2 100%,
2026-09-18T17:30:13+00:00,2026-09-18T17:30+00:00,35373181225,ok,COINx,0x364f210f430ec2448fc68a49203040f6124096f0,18,5.0,0.025683931984476868,194.6742423637,NA,1.,1000000000000000000,Uniswap V4 100%|ElfomoFi 100%|Uniswap V3 100%|xStocks wrap V2 100%,
2026-09-18T17:30:15+00:00,2026-09-18T17:30+00:00,35373181225,ok,TSMx,0x9e3bf4ecfc44eedd624f26656b6736a3f093b073,18,5.0,0.011622892188365349,430.1855268868,NA,1.006187447932033185,1006187447932033200,Uniswap V3 100%|xStocks wrap V2 100%,
2026-09-18T17:30:17+00:00,2026-09-18T17:30+00:00,35373181225,ok,AVGOx,0x38bac69cbbd28156796e4163b2b6dcb81e336565,18,5.0,0.014100510203980064,354.5970980957,NA,1.004883768486276807,1004883768486276800,Uniswap V3 100%|xStocks wrap V2 100%,
2026-09-18T17:30:19+00:00,2026-09-18T17:30+00:00,35373181225,ok,IWMx,0xdadfb355c6110eda0908740d52c834d6c2bcddc7,18,5.0,0.017655360436130096,283.2001090030,NA,1.004730320498842033,1004730320498842000,Uniswap V3 100%|xStocks wrap V2 100%,
2026-09-18T17:30:20+00:00,2026-09-18T17:30+00:00,35373181225,ok,HOODx,0xe1385fdd5ffb10081cd52c56584f25efa9084015,18,5.0,0.041876406015116656,119.3989760772,NA,1.,1000000000000000000,Uniswap V3 100%|xStocks wrap V2 100%,
2026-09-18T17:30:22+00:00,2026-09-18T17:30+00:00,35373181225,ok,ASMLx,0xc0b417e7f83db438631eb5e096684dd742e5294f,18,5.0,0.003035352441116149,1647.2551695385,NA,1.002866334414662441,1002866334414662400,Uniswap V3 100%|xStocks wrap V2 100%,
2026-09-18T17:35:00+00:00,2026-09-18T17:35+00:00,35373181225,ok,NVDAx,0xc845b2894dbddd03858fd2d643b4ef725fe0849d,18,5.0,0.022738839086371102,219.8880945948,NA,1.001701196801074056,1001701196801074000,Uniswap V3 100%|Uniswap V4 100%|xStocks wrap V2 100%,
2026-09-18T17:35:01+00:00,2026-09-18T17:35+00:00,35373181225,ok,MSTRx,0xae2f842ef90c0d5213259ab82639d5bbf649b08e,18,5.0,0.033347487629458855,149.9363327024,NA,1.,1000000000000000000,Uniswap V3 100%|Uniswap V4 100%|xStocks wrap V2 100%,
2026-09-18T17:35:03+00:00,2026-09-18T17:35+00:00,35373181225,ok,SPYx,0x90a2a4c76b5d8c0bc892a69ea28aa775a8f2dd48,18,5.0,0.006585031115044666,759.2978548843,NA,1.005714560286254056,1005714560286254000,Uniswap V3 100%|Uniswap V4 100%|xStocks wrap V2 100%,
2026-09-18T17:35:05+00:00,2026-09-18T17:35+00:00,35373181225,ok,QQQx,0xa753a7395cae905cd615da0b82a53e0560f250af,18,5.0,0.0069712329300244,717.2332426974,NA,1.002725029655105127,1002725029655105100,Uniswap V3 100%|xStocks wrap V2 100%,
2026-09-18T17:35:07+00:00,2026-09-18T17:35+00:00,35373181225,ok,GOOGLx,0xe92f673ca36c5e2efd2de7628f815f84807e803f,18,5.0,0.014296749165289656,349.7298541223,NA,1.002377250060348723,1002377250060348700,Uniswap V3 100%|xStocks wrap V2 100%,
2026-09-18T17:35:09+00:00,2026-09-18T17:35+00:00,35373181225,ok,BRK.Bx,0x12992613fdd35abe95dec5a4964331b1ee23b50d,18,5.0,0.009841128599656789,508.0718079606,NA,1.,1000000000000000000,Uniswap V3 100%|Uniswap V4 100%|xStocks wrap V2 100%,
2026-09-18T17:35:10+00:00,2026-09-18T17:35+00:00,35373181225,ok,TSLAx,0x8ad3c73f833d3f9a523ab01476625f269aeb7cf0,18,5.0,0.013780269691918931,362.8376012795,NA,1.,1000000000000000000,Uniswap V3 100%|xStocks wrap V2 100%,
2026-09-18T17:35:12+00:00,2026-09-18T17:35+00:00,35373181225,ok,AAPLx,0x9d275685dc284c8eb1c79f6aba7a63dc75ec890a,18,5.0,0.014935168670262055,334.7802833962,NA,1.003269012539818705,1003269012539818700,Uniswap V3 100%|Uniswap V4 100%|xStocks wrap V2 100%,
2026-09-18T17:35:13+00:00,2026-09-18T17:35+00:00,35373181225,ok,COINx,0x364f210f430ec2448fc68a49203040f6124096f0,18,5.0,0.025710168324775864,194.4755840117,NA,1.,1000000000000000000,Uniswap V3 100%|xStocks wrap V2 100%,
2026-09-18T17:35:15+00:00,2026-09-18T17:35+00:00,35373181225,ok,TSMx,0x9e3bf4ecfc44eedd624f26656b6736a3f093b073,18,5.0,0.011622892188365349,430.1855268868,NA,1.006187447932033185,1006187447932033200,Uniswap V3 100%|xStocks wrap V2 100%,
2026-09-18T17:35:17+00:00,2026-09-18T17:35+00:00,35373181225,ok,AVGOx,0x38bac69cbbd28156796e4163b2b6dcb81e336565,18,5.0,0.014100510203980064,354.5970980957,NA,1.004883768486276807,1004883768486276800,Uniswap V3 100%|xStocks wrap V2 100%,
2026-09-18T17:35:18+00:00,2026-09-18T17:35+00:00,35373181225,ok,IWMx,0xdadfb355c6110eda0908740d52c834d6c2bcddc7,18,5.0,0.017655360436130096,283.2001090030,NA,1.004730320498842033,1004730320498842000,Uniswap V3 100%|xStocks wrap V2 100%,
2026-09-18T17:35:20+00:00,2026-09-18T17:35+00:00,35373181225,ok,HOODx,0xe1385fdd5ffb10081cd52c56584f25efa9084015,18,5.0,0.041932305463506098,119.2398067488,NA,1.,1000000000000000000,Uniswap V3 100%|xStocks wrap V2 100%,
2026-09-18T17:35:22+00:00,2026-09-18T17:35+00:00,35373181225,ok,ASMLx,0xc0b417e7f83db438631eb5e096684dd742e5294f,18,5.0,0.003035352441116149,1647.2551695385,NA,1.002866334414662441,1002866334414662400,Uniswap V3 100%|xStocks wrap V2 100%,
2026-09-18T17:40:00+00:00,2026-09-18T17:40+00:00,35373181225,ok,NVDAx,0xc845b2894dbddd03858fd2d643b4ef725fe0849d,18,5.0,0.022737237875580397,219.9035796415,NA,1.001701196801074056,1001701196801074000,Uniswap V4 100%|Uniswap V3 100%|xStocks wrap V2 100%,
2026-09-18T17:40:01+00:00,2026-09-18T17:40+00:00,35373181225,ok,MSTRx,0xae2f842ef90c0d5213259ab82639d5bbf649b08e,18,5.0,0.033287866868449034,150.2048785451,NA,1.,1000000000000000000,Uniswap V3 100%|xStocks wrap V2 100%,
2026-09-18T17:40:03+00:00,2026-09-18T17:40+00:00,35373181225,ok,SPYx,0x90a2a4c76b5d8c0bc892a69ea28aa775a8f2dd48,18,5.0,0.006584605614006799,759.3469211526,NA,1.005714560286254056,1005714560286254000,Uniswap V4 100%|Uniswap V3 100%|xStocks wrap V2 100%,
2026-09-18T17:40:05+00:00,2026-09-18T17:40+00:00,35373181225,ok,QQQx,0xa753a7395cae905cd615da0b82a53e0560f250af,18,5.0,0.0069712329300244,717.2332426974,NA,1.002725029655105127,1002725029655105100,Uniswap V3 100%|xStocks wrap V2 100%,
2026-09-18T17:40:07+00:00,2026-09-18T17:40+00:00,35373181225,ok,GOOGLx,0xe92f673ca36c5e2efd2de7628f815f84807e803f,18,5.0,0.014296749165289656,349.7298541223,NA,1.002377250060348723,1002377250060348700,Uniswap V3 100%|xStocks wrap V2 100%,
2026-09-18T17:40:09+00:00,2026-09-18T17:40+00:00,35373181225,ok,BRK.Bx,0x12992613fdd35abe95dec5a4964331b1ee23b50d,18,5.0,0.009840663981174462,508.0957961338,NA,1.,1000000000000000000,CurveNG 100%|Uniswap V4 100%|Uniswap V3 100%|xStocks wrap V2 100%,
2026-09-18T17:40:11+00:00,2026-09-18T17:40+00:00,35373181225,ok,TSLAx,0x8ad3c73f833d3f9a523ab01476625f269aeb7cf0,18,5.0,0.013780269691918931,362.8376012795,NA,1.,1000000000000000000,Uniswap V3 100%|xStocks wrap V2 100%,
2026-09-18T17:40:12+00:00,2026-09-18T17:40+00:00,35373181225,ok,AAPLx,0x9d275685dc284c8eb1c79f6aba7a63dc75ec890a,18,5.0,0.014918506815349416,335.1541854615,NA,1.003269012539818705,1003269012539818700,CurveNG 100%|Uniswap V4 100%|Uniswap V3 100%|xStocks wrap V2 100%,
2026-09-18T17:40:14+00:00,2026-09-18T17:40+00:00,35373181225,ok,COINx,0x364f210f430ec2448fc68a49203040f6124096f0,18,5.0,0.025688479754189857,194.6397781357,NA,1.,1000000000000000000,Uniswap V3 100%|xStocks wrap V2 100%,
2026-09-18T17:40:15+00:00,2026-09-18T17:40+00:00,35373181225,ok,TSMx,0x9e3bf4ecfc44eedd624f26656b6736a3f093b073,18,5.0,0.011622892188365349,430.1855268868,NA,1.006187447932033185,1006187447932033200,Uniswap V3 100%|xStocks wrap V2 100%,
2026-09-18T17:40:17+00:00,2026-09-18T17:40+00:00,35373181225,ok,AVGOx,0x38bac69cbbd28156796e4163b2b6dcb81e336565,18,5.0,0.014100510203980064,354.5970980957,NA,1.004883768486276807,1004883768486276800,Uniswap V3 100%|xStocks wrap V2 100%,
2026-09-18T17:40:19+00:00,2026-09-18T17:40+00:00,35373181225,ok,IWMx,0xdadfb355c6110eda0908740d52c834d6c2bcddc7,18,5.0,0.017655360436130096,283.2001090030,NA,1.004730320498842033,1004730320498842000,Uniswap V3 100%|xStocks wrap V2 100%,
2026-09-18T17:40:21+00:00,2026-09-18T17:40+00:00,35373181225,ok,HOODx,0xe1385fdd5ffb10081cd52c56584f25efa9084015,18,5.0,0.041932305463506098,119.2398067488,NA,1.,1000000000000000000,Uniswap V3 100%|xStocks wrap V2 100%,
2026-09-18T17:40:23+00:00,2026-09-18T17:40+00:00,35373181225,ok,ASMLx,0xc0b417e7f83db438631eb5e096684dd742e5294f,18,5.0,0.003035352441116149,1647.2551695385,NA,1.002866334414662441,1002866334414662400,Uniswap V3 100%|xStocks wrap V2 100%,
2026-09-18T17:45:00+00:00,2026-09-18T17:45+00:00,35373181225,ok,NVDAx,0xc845b2894dbddd03858fd2d643b4ef725fe0849d,18,5.0,0.02273868897285948,219.8895462253,NA,1.001701196801074056,1001701196801074000,Uniswap V4 100%|Uniswap V3 100%|xStocks wrap V2 100%,
2026-09-18T17:45:01+00:00,2026-09-18T17:45+00:00,35373181225,ok,MSTRx,0xae2f842ef90c0d5213259ab82639d5bbf649b08e,18,5.0,0.033204605652141804,150.5815202981,NA,1.,1000000000000000000,Uniswap V3 100%|xStocks wrap V2 100%,
2026-09-18T17:45:03+00:00,2026-09-18T17:45+00:00,35373181225,ok,SPYx,0x90a2a4c76b5d8c0bc892a69ea28aa775a8f2dd48,18,5.0,0.006583358922349027,759.4907187919,NA,1.005714560286254056,1005714560286254000,Uniswap V4 100%|Uniswap V3 100%|xStocks wrap V2 100%,
2026-09-18T17:45:05+00:00,2026-09-18T17:45+00:00,35373181225,ok,QQQx,0xa753a7395cae905cd615da0b82a53e0560f250af,18,5.0,0.0069712329300244,717.2332426974,NA,1.002725029655105127,1002725029655105100,Uniswap V3 100%|xStocks wrap V2 100%,
2026-09-18T17:45:07+00:00,2026-09-18T17:45+00:00,35373181225,ok,GOOGLx,0xe92f673ca36c5e2efd2de7628f815f84807e803f,18,5.0,0.014296749165289656,349.7298541223,NA,1.002377250060348723,1002377250060348700,Uniswap V3 100%|xStocks wrap V2 100%,
2026-09-18T17:45:08+00:00,2026-09-18T17:45+00:00,35373181225,ok,BRK.Bx,0x12992613fdd35abe95dec5a4964331b1ee23b50d,18,5.0,0.009841106943710581,508.0729260031,NA,1.,1000000000000000000,Uniswap V4 100%|Uniswap V3 100%|xStocks wrap V2 100%,
2026-09-18T17:45:10+00:00,2026-09-18T17:45+00:00,35373181225,ok,TSLAx,0x8ad3c73f833d3f9a523ab01476625f269aeb7cf0,18,5.0,0.013774921261144161,362.9784813438,NA,1.,1000000000000000000,Uniswap V3 100%|xStocks wrap V2 100%,
2026-09-18T17:45:12+00:00,2026-09-18T17:45+00:00,35373181225,ok,AAPLx,0x9d275685dc284c8eb1c79f6aba7a63dc75ec890a,18,5.0,0.014919139893912477,335.1399635337,NA,1.003269012539818705,1003269012539818700,Uniswap V4 100%|Uniswap V3 100%|xStocks wrap V2 100%,
2026-09-18T17:45:13+00:00,2026-09-18T17:45+00:00,35373181225,ok,COINx,0x364f210f430ec2448fc68a49203040f6124096f0,18,5.0,0.025656930058239946,194.8791218844,NA,1.,1000000000000000000,Uniswap V3 100%|xStocks wrap V2 100%,
2026-09-18T17:45:15+00:00,2026-09-18T17:45+00:00,35373181225,ok,TSMx,0x9e3bf4ecfc44eedd624f26656b6736a3f093b073,18,5.0,0.011622892188365349,430.1855268868,NA,1.006187447932033185,1006187447932033200,Uniswap V3 100%|xStocks wrap V2 100%,
2026-09-18T17:45:17+00:00,2026-09-18T17:45+00:00,35373181225,ok,AVGOx,0x38bac69cbbd28156796e4163b2b6dcb81e336565,18,5.0,0.014100510203980064,354.5970980957,NA,1.004883768486276807,1004883768486276800,Uniswap V3 100%|xStocks wrap V2 100%,
2026-09-18T17:45:18+00:00,2026-09-18T17:45+00:00,35373181225,ok,IWMx,0xdadfb355c6110eda0908740d52c834d6c2bcddc7,18,5.0,0.017655360436130096,283.2001090030,NA,1.004730320498842033,1004730320498842000,Uniswap V3 100%|xStocks wrap V2 100%,
2026-09-18T17:45:20+00:00,2026-09-18T17:45+00:00,35373181225,ok,HOODx,0xe1385fdd5ffb10081cd52c56584f25efa9084015,18,5.0,0.041847057968165083,119.4827125913,NA,1.,1000000000000000000,Uniswap V3 100%|xStocks wrap V2 100%,
2026-09-18T17:45:22+00:00,2026-09-18T17:45+00:00,35373181225,ok,ASMLx,0xc0b417e7f83db438631eb5e096684dd742e5294f,18,5.0,0.003035352441116149,1647.2551695385,NA,1.002866334414662441,1002866334414662400,Uniswap V3 100%|xStocks wrap V2 100%,
2026-09-18T17:50:00+00:00,2026-09-18T17:50+00:00,35373181225,ok,NVDAx,0xc845b2894dbddd03858fd2d643b4ef725fe0849d,18,5.0,0.022737551749286548,219.9005440485,NA,1.001701196801074056,1001701196801074000,Uniswap V4 100%|Uniswap V3 100%|xStocks wrap V2 100%,
2026-09-18T17:50:02+00:00,2026-09-18T17:50+00:00,35373181225,ok,MSTRx,0xae2f842ef90c0d5213259ab82639d5bbf649b08e,18,5.0,0.03315749445780225,150.7954711826,NA,1.,1000000000000000000,Uniswap V4 100%|Uniswap V3 100%|xStocks wrap V2 100%,
2026-09-18T17:50:03+00:00,2026-09-18T17:50+00:00,35373181225,ok,SPYx,0x90a2a4c76b5d8c0bc892a69ea28aa775a8f2dd48,18,5.0,0.006583024402452046,759.5293127180,NA,1.005714560286254056,1005714560286254000,Uniswap V4 100%|Uniswap V3 100%|xStocks wrap V2 100%,
2026-09-18T17:50:05+00:00,2026-09-18T17:50+00:00,35373181225,ok,QQQx,0xa753a7395cae905cd615da0b82a53e0560f250af,18,5.0,0.006971074225023399,717.2495713863,NA,1.002725029655105127,1002725029655105100,Uniswap V3 100%|xStocks wrap V2 100%,
2026-09-18T17:50:07+00:00,2026-09-18T17:50+00:00,35373181225,ok,GOOGLx,0xe92f673ca36c5e2efd2de7628f815f84807e803f,18,5.0,0.014296749165289656,349.7298541223,NA,1.002377250060348723,1002377250060348700,Uniswap V3 100%|xStocks wrap V2 100%,
2026-09-18T17:50:09+00:00,2026-09-18T17:50+00:00,35373181225,ok,BRK.Bx,0x12992613fdd35abe95dec5a4964331b1ee23b50d,18,5.0,0.009840748636236928,508.0914252386,NA,1.,1000000000000000000,Uniswap V4 100%|Uniswap V3 100%|xStocks wrap V2 100%,
2026-09-18T17:50:11+00:00,2026-09-18T17:50+00:00,35373181225,ok,TSLAx,0x8ad3c73f833d3f9a523ab01476625f269aeb7cf0,18,5.0,0.01375894274153661,363.4000150975,NA,1.,1000000000000000000,Uniswap V3 100%|xStocks wrap V2 100%,
2026-09-18T17:50:12+00:00,2026-09-18T17:50+00:00,35373181225,ok,AAPLx,0x9d275685dc284c8eb1c79f6aba7a63dc75ec890a,18,5.0,0.014919326698106167,335.1357672618,NA,1.003269012539818705,1003269012539818700,Uniswap V4 100%|Uniswap V3 100%|xStocks wrap V2 100%,
2026-09-18T17:50:14+00:00,2026-09-18T17:50+00:00,35373181225,ok,COINx,0x364f210f430ec2448fc68a49203040f6124096f0,18,5.0,0.025648788047425656,194.9409847652,NA,1.,1000000000000000000,Uniswap V3 100%|xStocks wrap V2 100%,
2026-09-18T17:50:16+00:00,2026-09-18T17:50+00:00,35373181225,ok,TSMx,0x9e3bf4ecfc44eedd624f26656b6736a3f093b073,18,5.0,0.011622892188365349,430.1855268868,NA,1.006187447932033185,1006187447932033200,Uniswap V3 100%|xStocks wrap V2 100%,
2026-09-18T17:50:17+00:00,2026-09-18T17:50+00:00,35373181225,ok,AVGOx,0x38bac69cbbd28156796e4163b2b6dcb81e336565,18,5.0,0.014100510203980064,354.5970980957,NA,1.004883768486276807,1004883768486276800,Uniswap V3 100%|xStocks wrap V2 100%,
2026-09-18T17:50:19+00:00,2026-09-18T17:50+00:00,35373181225,ok,IWMx,0xdadfb355c6110eda0908740d52c834d6c2bcddc7,18,5.0,0.017655360436130096,283.2001090030,NA,1.004730320498842033,1004730320498842000,Uniswap V3 100%|xStocks wrap V2 100%,
2026-09-18T17:50:21+00:00,2026-09-18T17:50+00:00,35373181225,ok,HOODx,0xe1385fdd5ffb10081cd52c56584f25efa9084015,18,5.0,0.041805999887395764,119.6000577302,NA,1.,1000000000000000000,Uniswap V3 100%|xStocks wrap V2 100%,
2026-09-18T17:50:22+00:00,2026-09-18T17:50+00:00,35373181225,ok,ASMLx,0xc0b417e7f83db438631eb5e096684dd742e5294f,18,5.0,0.003035352441116149,1647.2551695385,NA,1.002866334414662441,1002866334414662400,Uniswap V3 100%|xStocks wrap V2 100%,
2026-09-18T17:55:00+00:00,2026-09-18T17:55+00:00,35373181225,ok,NVDAx,0xc845b2894dbddd03858fd2d643b4ef725fe0849d,18,5.0,0.022737937449725614,219.8968139065,NA,1.001701196801074056,1001701196801074000,Uniswap V4 100%|Uniswap V3 100%|xStocks wrap V2 100%,
2026-09-18T17:55:01+00:00,2026-09-18T17:55+00:00,35373181225,ok,MSTRx,0xae2f842ef90c0d5213259ab82639d5bbf649b08e,18,5.0,0.033091691396872028,151.0953290370,NA,1.,1000000000000000000,Uniswap V4 100%|Uniswap V3 100%|xStocks wrap V2 100%,
2026-09-18T17:55:03+00:00,2026-09-18T17:55+00:00,35373181225,ok,SPYx,0x90a2a4c76b5d8c0bc892a69ea28aa775a8f2dd48,18,5.0,0.006583144250131674,759.5154853093,NA,1.005714560286254056,1005714560286254000,Uniswap V4 100%|Uniswap V3 100%|xStocks wrap V2 100%,
2026-09-18T17:55:05+00:00,2026-09-18T17:55+00:00,35373181225,ok,QQQx,0xa753a7395cae905cd615da0b82a53e0560f250af,18,5.0,0.006971074225023399,717.2495713863,NA,1.002725029655105127,1002725029655105100,Uniswap V3 100%|xStocks wrap V2 100%,
2026-09-18T17:55:07+00:00,2026-09-18T17:55+00:00,35373181225,ok,GOOGLx,0xe92f673ca36c5e2efd2de7628f815f84807e803f,18,5.0,0.014296749165289656,349.7298541223,NA,1.002377250060348723,1002377250060348700,Uniswap V3 100%|xStocks wrap V2 100%,
2026-09-18T17:55:08+00:00,2026-09-18T17:55+00:00,35373181225,ok,BRK.Bx,0x12992613fdd35abe95dec5a4964331b1ee23b50d,18,5.0,0.009840797854296498,508.0888840550,NA,1.,1000000000000000000,Uniswap V4 100%|Uniswap V3 100%|xStocks wrap V2 100%,
2026-09-18T17:55:10+00:00,2026-09-18T17:55+00:00,35373181225,ok,TSLAx,0x8ad3c73f833d3f9a523ab01476625f269aeb7cf0,18,5.0,0.013753809529322073,363.5356436586,NA,1.,1000000000000000000,Uniswap V3 100%|xStocks wrap V2 100%,
2026-09-18T17:55:12+00:00,2026-09-18T17:55+00:00,35373181225,ok,AAPLx,0x9d275685dc284c8eb1c79f6aba7a63dc75ec890a,18,5.0,0.014919729442923484,335.1267205701,NA,1.003269012539818705,1003269012539818700,Uniswap V4 100%|Uniswap V3 100%|xStocks wrap V2 100%,
2026-09-18T17:55:13+00:00,2026-09-18T17:55+00:00,35373181225,ok,COINx,0x364f210f430ec2448fc68a49203040f6124096f0,18,5.0,0.025592783329872051,195.3675743491,NA,1.,1000000000000000000,Uniswap V4 100%|ElfomoFi 100%|Uniswap V3 100%|xStocks wrap V2 100%,
2026-09-18T17:55:15+00:00,2026-09-18T17:55+00:00,35373181225,ok,TSMx,0x9e3bf4ecfc44eedd624f26656b6736a3f093b073,18,5.0,0.011622892188365349,430.1855268868,NA,1.006187447932033185,1006187447932033200,Uniswap V3 100%|xStocks wrap V2 100%,
2026-09-18T17:55:17+00:00,2026-09-18T17:55+00:00,35373181225,ok,AVGOx,0x38bac69cbbd28156796e4163b2b6dcb81e336565,18,5.0,0.014100510203980064,354.5970980957,NA,1.004883768486276807,1004883768486276800,Uniswap V3 100%|xStocks wrap V2 100%,
2026-09-18T17:55:18+00:00,2026-09-18T17:55+00:00,35373181225,ok,IWMx,0xdadfb355c6110eda0908740d52c834d6c2bcddc7,18,5.0,0.017655360436130096,283.2001090030,NA,1.004730320498842033,1004730320498842000,Uniswap V3 100%|xStocks wrap V2 100%,
2026-09-18T17:55:20+00:00,2026-09-18T17:55+00:00,35373181225,ok,HOODx,0xe1385fdd5ffb10081cd52c56584f25efa9084015,18,5.0,0.041680601401916963,119.9598813795,NA,1.,1000000000000000000,Uniswap V3 100%|xStocks wrap V2 100%,
2026-09-18T17:55:21+00:00,2026-09-18T17:55+00:00,35373181225,ok,ASMLx,0xc0b417e7f83db438631eb5e096684dd742e5294f,18,5.0,0.003034756163011821,1647.5788272353,NA,1.002866334414662441,1002866334414662400,Uniswap V3 100%|xStocks wrap V2 100%,
2026-09-18T18:00:00+00:00,2026-09-18T18:00+00:00,35373181225,ok,NVDAx,0xc845b2894dbddd03858fd2d643b4ef725fe0849d,18,5.0,0.02275237955174865,219.7572341226,NA,1.001701196801074056,1001701196801074000,Uniswap V4 100%|Caliber propAMM 100%|xStocks wrap V2 100%,
2026-09-18T18:00:01+00:00,2026-09-18T18:00+00:00,35373181225,ok,MSTRx,0xae2f842ef90c0d5213259ab82639d5bbf649b08e,18,5.0,0.032964669919556613,151.6775387772,NA,1.,1000000000000000000,Uniswap V4 100%|Uniswap V3 100%|xStocks wrap V2 100%,
2026-09-18T18:00:03+00:00,2026-09-18T18:00+00:00,35373181225,ok,SPYx,0x90a2a4c76b5d8c0bc892a69ea28aa775a8f2dd48,18,5.0,0.006583814606933087,759.4381522734,NA,1.005714560286254056,1005714560286254000,Uniswap V4 100%|Uniswap V3 100%|xStocks wrap V2 100%,
2026-09-18T18:00:05+00:00,2026-09-18T18:00+00:00,35373181225,ok,QQQx,0xa753a7395cae905cd615da0b82a53e0560f250af,18,5.0,0.006971074225023399,717.2495713863,NA,1.002725029655105127,1002725029655105100,Uniswap V3 100%|xStocks wrap V2 100%,
2026-09-18T18:00:07+00:00,2026-09-18T18:00+00:00,35373181225,ok,GOOGLx,0xe92f673ca36c5e2efd2de7628f815f84807e803f,18,5.0,0.014296749165289656,349.7298541223,NA,1.002377250060348723,1002377250060348700,Uniswap V3 100%|xStocks wrap V2 100%,
2026-09-18T18:00:08+00:00,2026-09-18T18:00+00:00,35373181225,ok,BRK.Bx,0x12992613fdd35abe95dec5a4964331b1ee23b50d,18,5.0,0.00984179993398915,508.0371510837,NA,1.,1000000000000000000,Uniswap V4 100%|Uniswap V3 100%|xStocks wrap V2 100%,
2026-09-18T18:00:10+00:00,2026-09-18T18:00+00:00,35373181225,ok,TSLAx,0x8ad3c73f833d3f9a523ab01476625f269aeb7cf0,18,5.0,0.013753809529322073,363.5356436586,NA,1.,1000000000000000000,Uniswap V3 100%|xStocks wrap V2 100%,
2026-09-18T18:00:11+00:00,2026-09-18T18:00+00:00,35373181225,ok,AAPLx,0x9d275685dc284c8eb1c79f6aba7a63dc75ec890a,18,5.0,0.014912557549963949,335.2878929887,NA,1.003269012539818705,1003269012539818700,Uniswap V4 100%|Uniswap V3 100%|xStocks wrap V2 100%,
2026-09-18T18:00:13+00:00,2026-09-18T18:00+00:00,35373181225,ok,COINx,0x364f210f430ec2448fc68a49203040f6124096f0,18,5.0,0.02554841896226832,195.7068266097,NA,1.,1000000000000000000,Uniswap V4 100%|ElfomoFi 100%|Uniswap V3 100%|xStocks wrap V2 100%,
2026-09-18T18:00:15+00:00,2026-09-18T18:00+00:00,35373181225,ok,TSMx,0x9e3bf4ecfc44eedd624f26656b6736a3f093b073,18,5.0,0.011622892188365349,430.1855268868,NA,1.006187447932033185,1006187447932033200,Uniswap V3 100%|xStocks wrap V2 100%,
2026-09-18T18:00:16+00:00,2026-09-18T18:00+00:00,35373181225,ok,AVGOx,0x38bac69cbbd28156796e4163b2b6dcb81e336565,18,5.0,0.014100510203980064,354.5970980957,NA,1.004883768486276807,1004883768486276800,Uniswap V3 100%|xStocks wrap V2 100%,
2026-09-18T18:00:18+00:00,2026-09-18T18:00+00:00,35373181225,ok,IWMx,0xdadfb355c6110eda0908740d52c834d6c2bcddc7,18,5.0,0.017655360436130096,283.2001090030,NA,1.004730320498842033,1004730320498842000,Uniswap V3 100%|xStocks wrap V2 100%,
2026-09-18T18:00:20+00:00,2026-09-18T18:00+00:00,35373181225,ok,HOODx,0xe1385fdd5ffb10081cd52c56584f25efa9084015,18,5.0,0.041582746875664579,120.2421767602,NA,1.,1000000000000000000,Uniswap V3 100%|xStocks wrap V2 100%,
2026-09-18T18:00:21+00:00,2026-09-18T18:00+00:00,35373181225,ok,ASMLx,0xc0b417e7f83db438631eb5e096684dd742e5294f,18,5.0,0.003034160060593513,1647.9025167255,NA,1.002866334414662441,1002866334414662400,Uniswap V3 100%|xStocks wrap V2 100%,
2026-09-18T18:05:00+00:00,2026-09-18T18:05+00:00,35373181225,ok,NVDAx,0xc845b2894dbddd03858fd2d643b4ef725fe0849d,18,5.0,0.022751487515863162,219.7658503214,NA,1.001701196801074056,1001701196801074000,Uniswap V4 100%|Uniswap V3 100%|xStocks wrap V2 100%,
2026-09-18T18:05:02+00:00,2026-09-18T18:05+00:00,35373181225,ok,MSTRx,0xae2f842ef90c0d5213259ab82639d5bbf649b08e,18,5.0,0.033019620949684837,151.4251180418,NA,1.,1000000000000000000,Uniswap V4 100%|Uniswap V3 100%|xStocks wrap V2 100%,
2026-09-18T18:05:03+00:00,2026-09-18T18:05+00:00,35373181225,ok,SPYx,0x90a2a4c76b5d8c0bc892a69ea28aa775a8f2dd48,18,5.0,0.006583552522446881,759.4683847288,NA,1.005714560286254056,1005714560286254000,Uniswap V4 100%|Uniswap V3 100%|xStocks wrap V2 100%,
2026-09-18T18:05:05+00:00,2026-09-18T18:05+00:00,35373181225,ok,QQQx,0xa753a7395cae905cd615da0b82a53e0560f250af,18,5.0,0.006971063176048943,717.2507082103,NA,1.002725029655105127,1002725029655105100,Uniswap V3 100%|xStocks wrap V2 100%,
2026-09-18T18:05:06+00:00,2026-09-18T18:05+00:00,35373181225,ok,GOOGLx,0xe92f673ca36c5e2efd2de7628f815f84807e803f,18,5.0,0.01429663662062125,349.7326072335,NA,1.002377250060348723,1002377250060348700,Uniswap V3 100%|xStocks wrap V2 100%,
2026-09-18T18:05:08+00:00,2026-09-18T18:05+00:00,35373181225,ok,BRK.Bx,0x12992613fdd35abe95dec5a4964331b1ee23b50d,18,5.0,0.009841408158235095,508.0573754901,NA,1.,1000000000000000000,Uniswap V4 100%|Uniswap V3 100%|xStocks wrap V2 100%,
2026-09-18T18:05:10+00:00,2026-09-18T18:05+00:00,35373181225,ok,TSLAx,0x8ad3c73f833d3f9a523ab01476625f269aeb7cf0,18,5.0,0.013753809529322073,363.5356436586,NA,1.,1000000000000000000,Uniswap V3 100%|xStocks wrap V2 100%,
2026-09-18T18:05:11+00:00,2026-09-18T18:05+00:00,35373181225,ok,AAPLx,0x9d275685dc284c8eb1c79f6aba7a63dc75ec890a,18,5.0,0.014912026236033797,335.2998392611,NA,1.003269012539818705,1003269012539818700,Uniswap V4 100%|Uniswap V3 100%|xStocks wrap V2 100%,
2026-09-18T18:05:13+00:00,2026-09-18T18:05+00:00,35373181225,ok,COINx,0x364f210f430ec2448fc68a49203040f6124096f0,18,5.0,0.025592916509423823,195.3665577020,NA,1.,1000000000000000000,Uniswap V3 100%|xStocks wrap V2 100%,
2026-09-18T18:05:14+00:00,2026-09-18T18:05+00:00,35373181225,ok,TSMx,0x9e3bf4ecfc44eedd624f26656b6736a3f093b073,18,5.0,0.011622892188365349,430.1855268868,NA,1.006187447932033185,1006187447932033200,Uniswap V3 100%|xStocks wrap V2 100%,
2026-09-18T18:05:16+00:00,2026-09-18T18:05+00:00,35373181225,ok,AVGOx,0x38bac69cbbd28156796e4163b2b6dcb81e336565,18,5.0,0.014105213477484587,354.4788604569,NA,1.004883768486276807,1004883768486276800,Uniswap V3 100%|xStocks wrap V2 100%,
2026-09-18T18:05:17+00:00,2026-09-18T18:05+00:00,35373181225,ok,IWMx,0xdadfb355c6110eda0908740d52c834d6c2bcddc7,18,5.0,0.017655360422456447,283.2001092224,NA,1.004730320498842033,1004730320498842000,Uniswap V3 100%|xStocks wrap V2 100%,
2026-09-18T18:05:19+00:00,2026-09-18T18:05+00:00,35373181225,ok,HOODx,0xe1385fdd5ffb10081cd52c56584f25efa9084015,18,5.0,0.041633891306602444,120.0944673458,NA,1.,1000000000000000000,Uniswap V3 100%|xStocks wrap V2 100%,
2026-09-18T18:05:21+00:00,2026-09-18T18:05+00:00,35373181225,ok,ASMLx,0xc0b417e7f83db438631eb5e096684dd742e5294f,18,5.0,0.003034160060593513,1647.9025167255,NA,1.002866334414662441,1002866334414662400,Uniswap V3 100%|xStocks wrap V2 100%,
2026-09-18T18:10:00+00:00,2026-09-18T18:10+00:00,35373181225,ok,NVDAx,0xc845b2894dbddd03858fd2d643b4ef725fe0849d,18,5.0,0.022752914002391319,219.7520721730,NA,1.001701196801074056,1001701196801074000,CurveNG 100%|Uniswap V4 100%|Uniswap V3 100%|xStocks wrap V2 100%,
2026-09-18T18:10:01+00:00,2026-09-18T18:10+00:00,35373181225,ok,MSTRx,0xae2f842ef90c0d5213259ab82639d5bbf649b08e,18,5.0,0.032956074433836184,151.7170987715,NA,1.,1000000000000000000,CurveNG 100%|Uniswap V4 100%|Uniswap V3 100%|xStocks wrap V2 100%,
2026-09-18T18:10:03+00:00,2026-09-18T18:10+00:00,35373181225,ok,SPYx,0x90a2a4c76b5d8c0bc892a69ea28aa775a8f2dd48,18,5.0,0.006583332748193687,759.4937383914,NA,1.005714560286254056,1005714560286254000,CurveNG 100%|Uniswap V4 100%|Uniswap V3 100%|xStocks wrap V2 100%,
2026-09-18T18:10:05+00:00,2026-09-18T18:10+00:00,35373181225,ok,QQQx,0xa753a7395cae905cd615da0b82a53e0560f250af,18,5.0,0.006971066862191264,717.2503289444,NA,1.002725029655105127,1002725029655105100,Uniswap V3 100%|xStocks wrap V2 100%,
2026-09-18T18:10:07+00:00,2026-09-18T18:10+00:00,35373181225,ok,GOOGLx,0xe92f673ca36c5e2efd2de7628f815f84807e803f,18,5.0,0.014291809705465112,349.8507259083,NA,1.002377250060348723,1002377250060348700,Uniswap V3 100%|xStocks wrap V2 100%,
2026-09-18T18:10:08+00:00,2026-09-18T18:10+00:00,35373181225,ok,BRK.Bx,0x12992613fdd35abe95dec5a4964331b1ee23b50d,18,5.0,0.009824819237341763,508.9152155590,NA,1.,1000000000000000000,CurveNG 100%|Uniswap V4 100%|Uniswap V3 100%|xStocks wrap V2 100%,
2026-09-18T18:10:10+00:00,2026-09-18T18:10+00:00,35373181225,ok,TSLAx,0x8ad3c73f833d3f9a523ab01476625f269aeb7cf0,18,5.0,0.013757929509946068,363.4267784542,NA,1.,1000000000000000000,Uniswap V3 100%|xStocks wrap V2 100%,
2026-09-18T18:10:11+00:00,2026-09-18T18:10+00:00,35373181225,ok,AAPLx,0x9d275685dc284c8eb1c79f6aba7a63dc75ec890a,18,5.0,0.014910985492332308,335.3232422211,NA,1.003269012539818705,1003269012539818700,CurveNG 100%|Uniswap V4 100%|Uniswap V3 100%|xStocks wrap V2 100%,
2026-09-18T18:10:13+00:00,2026-09-18T18:10+00:00,35373181225,ok,COINx,0x364f210f430ec2448fc68a49203040f6124096f0,18,5.0,0.025632062309293834,195.0681899750,NA,1.,1000000000000000000,Uniswap V3 100%|xStocks wrap V2 100%,
2026-09-18T18:10:15+00:00,2026-09-18T18:10+00:00,35373181225,ok,TSMx,0x9e3bf4ecfc44eedd624f26656b6736a3f093b073,18,5.0,0.011622892188365349,430.1855268868,NA,1.006187447932033185,1006187447932033200,Uniswap V3 100%|xStocks wrap V2 100%,
2026-09-18T18:10:17+00:00,2026-09-18T18:10+00:00,35373181225,ok,AVGOx,0x38bac69cbbd28156796e4163b2b6dcb81e336565,18,5.0,0.014105213477484587,354.4788604569,NA,1.004883768486276807,1004883768486276800,Uniswap V3 100%|xStocks wrap V2 100%,
2026-09-18T18:10:19+00:00,2026-09-18T18:10+00:00,35373181225,ok,IWMx,0xdadfb355c6110eda0908740d52c834d6c2bcddc7,18,5.0,0.017655360422456447,283.2001092224,NA,1.004730320498842033,1004730320498842000,Uniswap V3 100%|xStocks wrap V2 100%,
2026-09-18T18:10:21+00:00,2026-09-18T18:10+00:00,35373181225,ok,HOODx,0xe1385fdd5ffb10081cd52c56584f25efa9084015,18,5.0,0.041775831201742768,119.6864276824,NA,1.,1000000000000000000,Uniswap V3 100%|xStocks wrap V2 100%,
2026-09-18T18:10:22+00:00,2026-09-18T18:10+00:00,35373181225,ok,ASMLx,0xc0b417e7f83db438631eb5e096684dd742e5294f,18,5.0,0.003034160060593513,1647.9025167255,NA,1.002866334414662441,1002866334414662400,Uniswap V3 100%|xStocks wrap V2 100%,
2026-09-18T18:15:00+00:00,2026-09-18T18:15+00:00,35373181225,ok,NVDAx,0xc845b2894dbddd03858fd2d643b4ef725fe0849d,18,5.0,0.022756294885291396,219.7194237992,NA,1.001701196801074056,1001701196801074000,CurveNG 100%|Caliber propAMM 100%|xStocks wrap V2 100%,
2026-09-18T18:15:01+00:00,2026-09-18T18:15+00:00,35373181225,ok,MSTRx,0xae2f842ef90c0d5213259ab82639d5bbf649b08e,18,5.0,0.033012320019061452,151.4586068811,NA,1.,1000000000000000000,CurveNG 100%|Uniswap V4 100%|Uniswap V3 100%|xStocks wrap V2 100%,
2026-09-18T18:15:03+00:00,2026-09-18T18:15+00:00,35373181225,ok,SPYx,0x90a2a4c76b5d8c0bc892a69ea28aa775a8f2dd48,18,5.0,0.006583405183620767,759.4853818871,NA,1.005714560286254056,1005714560286254000,CurveNG 100%|Uniswap V4 100%|Uniswap V3 100%|xStocks wrap V2 100%,
2026-09-18T18:15:04+00:00,2026-09-18T18:15+00:00,35373181225,ok,QQQx,0xa753a7395cae905cd615da0b82a53e0560f250af,18,5.0,0.006970987205842863,717.2585248484,NA,1.002725029655105127,1002725029655105100,Uniswap V3 100%|xStocks wrap V2 100%,
2026-09-18T18:15:06+00:00,2026-09-18T18:15+00:00,35373181225,ok,GOOGLx,0xe92f673ca36c5e2efd2de7628f815f84807e803f,18,5.0,0.01427142772810497,350.3503710532,NA,1.002377250060348723,1002377250060348700,Uniswap V3 100%|xStocks wrap V2 100%,
2026-09-18T18:15:08+00:00,2026-09-18T18:15+00:00,35373181225,ok,BRK.Bx,0x12992613fdd35abe95dec5a4964331b1ee23b50d,18,5.0,0.009820222467349978,509.1534348253,NA,1.,1000000000000000000,Uniswap V4 100%|Uniswap V3 100%|xStocks wrap V2 100%,
2026-09-18T18:15:10+00:00,2026-09-18T18:15+00:00,35373181225,ok,TSLAx,0x8ad3c73f833d3f9a523ab01476625f269aeb7cf0,18,5.0,0.013778612268777734,362.8812468531,NA,1.,1000000000000000000,Uniswap V3 100%|xStocks wrap V2 100%,
2026-09-18T18:15:12+00:00,2026-09-18T18:15+00:00,35373181225,ok,AAPLx,0x9d275685dc284c8eb1c79f6aba7a63dc75ec890a,18,5.0,0.014909699181533639,335.3521717053,NA,1.003269012539818705,1003269012539818700,Uniswap V4 100%|Uniswap V3 100%|xStocks wrap V2 100%,
2026-09-18T18:15:13+00:00,2026-09-18T18:15+00:00,35373181225,ok,COINx,0x364f210f430ec2448fc68a49203040f6124096f0,18,5.0,0.02571821962309712,194.4147018447,NA,1.,1000000000000000000,Uniswap V3 100%|xStocks wrap V2 100%,
2026-09-18T18:15:15+00:00,2026-09-18T18:15+00:00,35373181225,ok,TSMx,0x9e3bf4ecfc44eedd624f26656b6736a3f093b073,18,5.0,0.011622892188365349,430.1855268868,NA,1.006187447932033185,1006187447932033200,Uniswap V3 100%|xStocks wrap V2 100%,
2026-09-18T18:15:17+00:00,2026-09-18T18:15+00:00,35373181225,ok,AVGOx,0x38bac69cbbd28156796e4163b2b6dcb81e336565,18,5.0,0.014109923996146303,354.3605196857,NA,1.004883768486276807,1004883768486276800,Uniswap V3 100%|xStocks wrap V2 100%,
2026-09-18T18:15:18+00:00,2026-09-18T18:15+00:00,35373181225,ok,IWMx,0xdadfb355c6110eda0908740d52c834d6c2bcddc7,18,5.0,0.017655360422456447,283.2001092224,NA,1.004730320498842033,1004730320498842000,Uniswap V3 100%|xStocks wrap V2 100%,
2026-09-18T18:15:20+00:00,2026-09-18T18:15+00:00,35373181225,ok,HOODx,0xe1385fdd5ffb10081cd52c56584f25efa9084015,18,5.0,0.04187160912124864,119.4126546587,NA,1.,1000000000000000000,Uniswap V3 100%|xStocks wrap V2 100%,
2026-09-18T18:15:22+00:00,2026-09-18T18:15+00:00,35373181225,ok,ASMLx,0xc0b417e7f83db438631eb5e096684dd742e5294f,18,5.0,0.003036543535989156,1646.6090279095,NA,1.002866334414662441,1002866334414662400,Uniswap V3 100%|xStocks wrap V2 100%,
2026-09-18T18:20:00+00:00,2026-09-18T18:20+00:00,35373181225,ok,NVDAx,0xc845b2894dbddd03858fd2d643b4ef725fe0849d,18,5.0,0.022774358473447262,219.5451523181,NA,1.001701196801074056,1001701196801074000,CurveNG 100%|Uniswap V4 100%|Uniswap V3 100%|xStocks wrap V2 100%,
2026-09-18T18:20:01+00:00,2026-09-18T18:20+00:00,35373181225,ok,MSTRx,0xae2f842ef90c0d5213259ab82639d5bbf649b08e,18,5.0,0.033023840955985623,151.4057679318,NA,1.,1000000000000000000,CurveNG 100%|Uniswap V4 100%|Uniswap V3 100%|xStocks wrap V2 100%,
2026-09-18T18:20:03+00:00,2026-09-18T18:20+00:00,35373181225,ok,SPYx,0x90a2a4c76b5d8c0bc892a69ea28aa775a8f2dd48,18,5.0,0.006581616421246483,759.6917960547,NA,1.005714560286254056,1005714560286254000,CurveNG 100%|Uniswap V4 100%|Uniswap V3 100%|xStocks wrap V2 100%,
2026-09-18T18:20:05+00:00,2026-09-18T18:20+00:00,35373181225,ok,QQQx,0xa753a7395cae905cd615da0b82a53e0560f250af,18,5.0,0.006970748565794979,717.2830798309,NA,1.002725029655105127,1002725029655105100,Uniswap V3 100%|xStocks wrap V2 100%,
2026-09-18T18:20:07+00:00,2026-09-18T18:20+00:00,35373181225,ok,GOOGLx,0xe92f673ca36c5e2efd2de7628f815f84807e803f,18,5.0,0.014270287563367512,350.3783632809,NA,1.002377250060348723,1002377250060348700,Uniswap V3 100%|xStocks wrap V2 100%,
2026-09-18T18:20:09+00:00,2026-09-18T18:20+00:00,35373181225,ok,BRK.Bx,0x12992613fdd35abe95dec5a4964331b1ee23b50d,18,5.0,0.009820205854677673,509.1542961514,NA,1.,1000000000000000000,CurveNG 100%|Uniswap V4 100%|Uniswap V3 100%|xStocks wrap V2 100%,
2026-09-18T18:20:10+00:00,2026-09-18T18:20+00:00,35373181225,ok,TSLAx,0x8ad3c73f833d3f9a523ab01476625f269aeb7cf0,18,5.0,0.013776259866739665,362.9432116094,NA,1.,1000000000000000000,Uniswap V3 100%|xStocks wrap V2 100%,
2026-09-18T18:20:12+00:00,2026-09-18T18:20+00:00,35373181225,ok,AAPLx,0x9d275685dc284c8eb1c79f6aba7a63dc75ec890a,18,5.0,0.0149132839796953,335.2715610329,NA,1.003269012539818705,1003269012539818700,CurveNG 100%|Uniswap V4 100%|Uniswap V3 100%|xStocks wrap V2 100%,
2026-09-18T18:20:13+00:00,2026-09-18T18:20+00:00,35373181225,ok,COINx,0x364f210f430ec2448fc68a49203040f6124096f0,18,5.0,0.025818635901379661,193.6585658165,NA,1.,1000000000000000000,Uniswap V3 100%|xStocks wrap V2 100%,
2026-09-18T18:20:15+00:00,2026-09-18T18:20+00:00,35373181225,ok,TSMx,0x9e3bf4ecfc44eedd624f26656b6736a3f093b073,18,5.0,0.011622892188365349,430.1855268868,NA,1.006187447932033185,1006187447932033200,Uniswap V3 100%|xStocks wrap V2 100%,
2026-09-18T18:20:17+00:00,2026-09-18T18:20+00:00,35373181225,ok,AVGOx,0x38bac69cbbd28156796e4163b2b6dcb81e336565,18,5.0,0.014109923996146303,354.3605196857,NA,1.004883768486276807,1004883768486276800,Uniswap V3 100%|xStocks wrap V2 100%,
2026-09-18T18:20:18+00:00,2026-09-18T18:20+00:00,35373181225,ok,IWMx,0xdadfb355c6110eda0908740d52c834d6c2bcddc7,18,5.0,0.017655360422456447,283.2001092224,NA,1.004730320498842033,1004730320498842000,Uniswap V3 100%|xStocks wrap V2 100%,
2026-09-18T18:20:20+00:00,2026-09-18T18:20+00:00,35373181225,ok,HOODx,0xe1385fdd5ffb10081cd52c56584f25efa9084015,18,5.0,0.041925979192479541,119.2577990140,NA,1.,1000000000000000000,Uniswap V3 100%|xStocks wrap V2 100%,
2026-09-18T18:20:21+00:00,2026-09-18T18:20+00:00,35373181225,ok,ASMLx,0xc0b417e7f83db438631eb5e096684dd742e5294f,18,5.0,0.003036543535989156,1646.6090279095,NA,1.002866334414662441,1002866334414662400,Uniswap V3 100%|xStocks wrap V2 100%,
2026-09-18T18:25:00+00:00,2026-09-18T18:25+00:00,35373181225,ok,NVDAx,0xc845b2894dbddd03858fd2d643b4ef725fe0849d,18,5.0,0.0227744939284272,219.5438465379,NA,1.001701196801074056,1001701196801074000,CurveNG 100%|Uniswap V4 100%|Uniswap V3 100%|xStocks wrap V2 100%,
2026-09-18T18:25:01+00:00,2026-09-18T18:25+00:00,35373181225,ok,MSTRx,0xae2f842ef90c0d5213259ab82639d5bbf649b08e,18,5.0,0.033024746031144143,151.4016185101,NA,1.,1000000000000000000,CurveNG 100%|Uniswap V4 100%|Uniswap V3 100%|xStocks wrap V2 100%,
2026-09-18T18:25:03+00:00,2026-09-18T18:25+00:00,35373181225,ok,SPYx,0x90a2a4c76b5d8c0bc892a69ea28aa775a8f2dd48,18,5.0,0.00657853686727889,760.0474240510,NA,1.005714560286254056,1005714560286254000,CurveNG 100%|Uniswap V4 100%|Uniswap V3 100%|xStocks wrap V2 100%,
2026-09-18T18:25:05+00:00,2026-09-18T18:25+00:00,35373181225,ok,QQQx,0xa753a7395cae905cd615da0b82a53e0560f250af,18,5.0,0.006967951471933773,717.5710135381,NA,1.002725029655105127,1002725029655105100,Uniswap V3 100%|xStocks wrap V2 100%,
2026-09-18T18:25:07+00:00,2026-09-18T18:25+00:00,35373181225,ok,GOOGLx,0xe92f673ca36c5e2efd2de7628f815f84807e803f,18,5.0,0.014262614944243928,350.5668504371,NA,1.002377250060348723,1002377250060348700,Uniswap V3 100%|xStocks wrap V2 100%,
2026-09-18T18:25:09+00:00,2026-09-18T18:25+00:00,35373181225,ok,BRK.Bx,0x12992613fdd35abe95dec5a4964331b1ee23b50d,18,5.0,0.009820492680777467,509.1394253352,NA,1.,1000000000000000000,CurveNG 100%|Uniswap V4 100%|Uniswap V3 100%|xStocks wrap V2 100%,
2026-09-18T18:25:11+00:00,2026-09-18T18:25+00:00,35373181225,ok,TSLAx,0x8ad3c73f833d3f9a523ab01476625f269aeb7cf0,18,5.0,0.013766386353788851,363.2035213529,NA,1.,1000000000000000000,Uniswap V3 100%|xStocks wrap V2 100%,
2026-09-18T18:25:13+00:00,2026-09-18T18:25+00:00,35373181225,ok,AAPLx,0x9d275685dc284c8eb1c79f6aba7a63dc75ec890a,18,5.0,0.014913908132366817,335.2575297919,NA,1.003269012539818705,1003269012539818700,CurveNG 100%|Uniswap V4 100%|Uniswap V3 100%|xStocks wrap V2 100%,
2026-09-18T18:25:14+00:00,2026-09-18T18:25+00:00,35373181225,ok,COINx,0x364f210f430ec2448fc68a49203040f6124096f0,18,5.0,0.02579982149027011,193.7997905096,NA,1.,1000000000000000000,Uniswap V4 100%|ElfomoFi 100%|Uniswap V3 100%|xStocks wrap V2 100%,
2026-09-18T18:25:16+00:00,2026-09-18T18:25+00:00,35373181225,ok,TSMx,0x9e3bf4ecfc44eedd624f26656b6736a3f093b073,18,5.0,0.011622892188365349,430.1855268868,NA,1.006187447932033185,1006187447932033200,Uniswap V3 100%|xStocks wrap V2 100%,
2026-09-18T18:25:18+00:00,2026-09-18T18:25+00:00,35373181225,ok,AVGOx,0x38bac69cbbd28156796e4163b2b6dcb81e336565,18,5.0,0.014109923996146303,354.3605196857,NA,1.004883768486276807,1004883768486276800,Uniswap V3 100%|xStocks wrap V2 100%,
2026-09-18T18:25:20+00:00,2026-09-18T18:25+00:00,35373181225,ok,IWMx,0xdadfb355c6110eda0908740d52c834d6c2bcddc7,18,5.0,0.017655360422456447,283.2001092224,NA,1.004730320498842033,1004730320498842000,Uniswap V3 100%|xStocks wrap V2 100%,
2026-09-18T18:25:22+00:00,2026-09-18T18:25+00:00,35373181225,ok,HOODx,0xe1385fdd5ffb10081cd52c56584f25efa9084015,18,5.0,0.041925979192479541,119.2577990140,NA,1.,1000000000000000000,Uniswap V3 100%|xStocks wrap V2 100%,
2026-09-18T18:25:24+00:00,2026-09-18T18:25+00:00,35373181225,ok,ASMLx,0xc0b417e7f83db438631eb5e096684dd742e5294f,18,5.0,0.003036543535989156,1646.6090279095,NA,1.002866334414662441,1002866334414662400,Uniswap V3 100%|xStocks wrap V2 100%,
2026-09-18T18:30:00+00:00,2026-09-18T18:30+00:00,35373181225,ok,NVDAx,0xc845b2894dbddd03858fd2d643b4ef725fe0849d,18,5.0,0.02277370115331772,219.5514890768,NA,1.001701196801074056,1001701196801074000,CurveNG 100%|Caliber propAMM 100%|xStocks wrap V2 100%,
2026-09-18T18:30:01+00:00,2026-09-18T18:30+00:00,35373181225,ok,MSTRx,0xae2f842ef90c0d5213259ab82639d5bbf649b08e,18,5.0,0.032960044397632185,151.6988247855,NA,1.,1000000000000000000,CurveNG 100%|Uniswap V4 100%|Uniswap V3 100%|xStocks wrap V2 100%,
2026-09-18T18:30:03+00:00,2026-09-18T18:30+00:00,35373181225,ok,SPYx,0x90a2a4c76b5d8c0bc892a69ea28aa775a8f2dd48,18,5.0,0.006578005195130057,760.1088554478,NA,1.005714560286254056,1005714560286254000,Uniswap V4 100%|Uniswap V3 100%|xStocks wrap V2 100%,
2026-09-18T18:30:05+00:00,2026-09-18T18:30+00:00,35373181225,ok,QQQx,0xa753a7395cae905cd615da0b82a53e0560f250af,18,5.0,0.006967951471933773,717.5710135381,NA,1.002725029655105127,1002725029655105100,Uniswap V3 100%|xStocks wrap V2 100%,
2026-09-18T18:30:06+00:00,2026-09-18T18:30+00:00,35373181225,ok,GOOGLx,0xe92f673ca36c5e2efd2de7628f815f84807e803f,18,5.0,0.014262614944243928,350.5668504371,NA,1.002377250060348723,1002377250060348700,Uniswap V3 100%|xStocks wrap V2 100%,
2026-09-18T18:30:08+00:00,2026-09-18T18:30+00:00,35373181225,ok,BRK.Bx,0x12992613fdd35abe95dec5a4964331b1ee23b50d,18,5.0,0.009819698997597133,509.1805768408,NA,1.,1000000000000000000,Uniswap V4 100%|Uniswap V3 100%|xStocks wrap V2 100%,
2026-09-18T18:30:10+00:00,2026-09-18T18:30+00:00,35373181225,ok,TSLAx,0x8ad3c73f833d3f9a523ab01476625f269aeb7cf0,18,5.0,0.013742978117589861,363.8221611952,NA,1.,1000000000000000000,Uniswap V3 100%|xStocks wrap V2 100%,
2026-09-18T18:30:12+00:00,2026-09-18T18:30+00:00,35373181225,ok,AAPLx,0x9d275685dc284c8eb1c79f6aba7a63dc75ec890a,18,5.0,0.014912342589169866,335.2927261496,NA,1.003269012539818705,1003269012539818700,Uniswap V4 100%|Uniswap V3 100%|xStocks wrap V2 100%,
2026-09-18T18:30:13+00:00,2026-09-18T18:30+00:00,35373181225,ok,COINx,0x364f210f430ec2448fc68a49203040f6124096f0,18,5.0,0.025746646108448092,194.2000514917,NA,1.,1000000000000000000,Uniswap V3 100%|xStocks wrap V2 100%,
2026-09-18T18:30:15+00:00,2026-09-18T18:30+00:00,35373181225,ok,TSMx,0x9e3bf4ecfc44eedd624f26656b6736a3f093b073,18,5.0,0.011622892188365349,430.1855268868,NA,1.006187447932033185,1006187447932033200,Uniswap V3 100%|xStocks wrap V2 100%,
2026-09-18T18:30:17+00:00,2026-09-18T18:30+00:00,35373181225,ok,AVGOx,0x38bac69cbbd28156796e4163b2b6dcb81e336565,18,5.0,0.014109923996146303,354.3605196857,NA,1.004883768486276807,1004883768486276800,Uniswap V3 100%|xStocks wrap V2 100%,
2026-09-18T18:30:19+00:00,2026-09-18T18:30+00:00,35373181225,ok,IWMx,0xdadfb355c6110eda0908740d52c834d6c2bcddc7,18,5.0,0.017655360422456447,283.2001092224,NA,1.004730320498842033,1004730320498842000,Uniswap V3 100%|xStocks wrap V2 100%,
2026-09-18T18:30:21+00:00,2026-09-18T18:30+00:00,35373181225,ok,HOODx,0xe1385fdd5ffb10081cd52c56584f25efa9084015,18,5.0,0.041907610503139681,119.3100713682,NA,1.,1000000000000000000,Uniswap V3 100%|xStocks wrap V2 100%,
2026-09-18T18:30:23+00:00,2026-09-18T18:30+00:00,35373181225,ok,ASMLx,0xc0b417e7f83db438631eb5e096684dd742e5294f,18,5.0,0.003036543535989156,1646.6090279095,NA,1.002866334414662441,1002866334414662400,Uniswap V3 100%|xStocks wrap V2 100%,
2026-09-18T18:35:00+00:00,2026-09-18T18:35+00:00,35373181225,ok,NVDAx,0xc845b2894dbddd03858fd2d643b4ef725fe0849d,18,5.0,0.022771497575612563,219.5727348804,NA,1.001701196801074056,1001701196801074000,Uniswap V4 100%|Uniswap V3 100%|xStocks wrap V2 100%,
2026-09-18T18:35:01+00:00,2026-09-18T18:35+00:00,35373181225,ok,MSTRx,0xae2f842ef90c0d5213259ab82639d5bbf649b08e,18,5.0,0.032926608484015636,151.8528700709,NA,1.,1000000000000000000,Uniswap V4 100%|Uniswap V3 100%|xStocks wrap V2 100%,
2026-09-18T18:35:03+00:00,2026-09-18T18:35+00:00,35373181225,ok,SPYx,0x90a2a4c76b5d8c0bc892a69ea28aa775a8f2dd48,18,5.0,0.006577716986712733,760.1421602815,NA,1.005714560286254056,1005714560286254000,Uniswap V4 100%|Uniswap V3 100%|xStocks wrap V2 100%,
2026-09-18T18:35:04+00:00,2026-09-18T18:35+00:00,35373181225,ok,QQQx,0xa753a7395cae905cd615da0b82a53e0560f250af,18,5.0,0.006965199308043795,717.8545478556,NA,1.002725029655105127,1002725029655105100,Uniswap V3 100%|xStocks wrap V2 100%,
2026-09-18T18:35:06+00:00,2026-09-18T18:35+00:00,35373181225,ok,GOOGLx,0xe92f673ca36c5e2efd2de7628f815f84807e803f,18,5.0,0.014255788938292819,350.7347100636,NA,1.002377250060348723,1002377250060348700,Uniswap V3 100%|xStocks wrap V2 100%,
2026-09-18T18:35:07+00:00,2026-09-18T18:35+00:00,35373181225,ok,BRK.Bx,0x12992613fdd35abe95dec5a4964331b1ee23b50d,18,5.0,0.009819268758447295,509.2028869969,NA,1.,1000000000000000000,Uniswap V4 100%|Uniswap V3 100%|xStocks wrap V2 100%,
2026-09-18T18:35:09+00:00,2026-09-18T18:35+00:00,35373181225,ok,TSLAx,0x8ad3c73f833d3f9a523ab01476625f269aeb7cf0,18,5.0,0.013759963133907023,363.3730665803,NA,1.,1000000000000000000,Uniswap V3 100%|xStocks wrap V2 100%,
2026-09-18T18:35:10+00:00,2026-09-18T18:35+00:00,35373181225,ok,AAPLx,0x9d275685dc284c8eb1c79f6aba7a63dc75ec890a,18,5.0,0.014878205069910399,336.0620435399,NA,1.003269012539818705,1003269012539818700,Uniswap V4 100%|Uniswap V3 100%|xStocks wrap V2 100%,
2026-09-18T18:35:12+00:00,2026-09-18T18:35+00:00,35373181225,ok,COINx,0x364f210f430ec2448fc68a49203040f6124096f0,18,5.0,0.025713278090780462,194.4520641183,NA,1.,1000000000000000000,Uniswap V3 100%|xStocks wrap V2 100%,
2026-09-18T18:35:14+00:00,2026-09-18T18:35+00:00,35373181225,ok,TSMx,0x9e3bf4ecfc44eedd624f26656b6736a3f093b073,18,5.0,0.011622892188365349,430.1855268868,NA,1.006187447932033185,1006187447932033200,Uniswap V3 100%|xStocks wrap V2 100%,
2026-09-18T18:35:15+00:00,2026-09-18T18:35+00:00,35373181225,ok,AVGOx,0x38bac69cbbd28156796e4163b2b6dcb81e336565,18,5.0,0.014109923996146303,354.3605196857,NA,1.004883768486276807,1004883768486276800,Uniswap V3 100%|xStocks wrap V2 100%,
2026-09-18T18:35:17+00:00,2026-09-18T18:35+00:00,35373181225,ok,IWMx,0xdadfb355c6110eda0908740d52c834d6c2bcddc7,18,5.0,0.017655360422456447,283.2001092224,NA,1.004730320498842033,1004730320498842000,Uniswap V3 100%|xStocks wrap V2 100%,
2026-09-18T18:35:18+00:00,2026-09-18T18:35+00:00,35373181225,ok,HOODx,0xe1385fdd5ffb10081cd52c56584f25efa9084015,18,5.0,0.041932332586862062,119.2397296202,NA,1.,1000000000000000000,Uniswap V3 100%|xStocks wrap V2 100%,
2026-09-18T18:35:20+00:00,2026-09-18T18:35+00:00,35373181225,ok,ASMLx,0xc0b417e7f83db438631eb5e096684dd742e5294f,18,5.0,0.003036543535989156,1646.6090279095,NA,1.002866334414662441,1002866334414662400,Uniswap V3 100%|xStocks wrap V2 100%,
2026-09-18T18:40:00+00:00,2026-09-18T18:40+00:00,35373181225,ok,NVDAx,0xc845b2894dbddd03858fd2d643b4ef725fe0849d,18,5.0,0.022773346913289381,219.5549042061,NA,1.001701196801074056,1001701196801074000,Uniswap V4 100%|Uniswap V3 100%|xStocks wrap V2 100%,
2026-09-18T18:40:01+00:00,2026-09-18T18:40+00:00,35373181225,ok,MSTRx,0xae2f842ef90c0d5213259ab82639d5bbf649b08e,18,5.0,0.032922663953689035,151.8710638675,NA,1.,1000000000000000000,Uniswap V4 100%|Uniswap V3 100%|xStocks wrap V2 100%,
2026-09-18T18:40:03+00:00,2026-09-18T18:40+00:00,35373181225,ok,SPYx,0x90a2a4c76b5d8c0bc892a69ea28aa775a8f2dd48,18,5.0,0.006577730146914438,760.1406394492,NA,1.005714560286254056,1005714560286254000,Uniswap V4 100%|Uniswap V3 100%|xStocks wrap V2 100%,
2026-09-18T18:40:05+00:00,2026-09-18T18:40+00:00,35373181225,ok,QQQx,0xa753a7395cae905cd615da0b82a53e0560f250af,18,5.0,0.006965199308043795,717.8545478556,NA,1.002725029655105127,1002725029655105100,Uniswap V3 100%|xStocks wrap V2 100%,
2026-09-18T18:40:06+00:00,2026-09-18T18:40+00:00,35373181225,ok,GOOGLx,0xe92f673ca36c5e2efd2de7628f815f84807e803f,18,5.0,0.014255788938292819,350.7347100636,NA,1.002377250060348723,1002377250060348700,Uniswap V3 100%|xStocks wrap V2 100%,
2026-09-18T18:40:08+00:00,2026-09-18T18:40+00:00,35373181225,ok,BRK.Bx,0x12992613fdd35abe95dec5a4964331b1ee23b50d,18,5.0,0.009819288404070578,509.2018682257,NA,1.,1000000000000000000,Uniswap V4 100%|Uniswap V3 100%|xStocks wrap V2 100%,
2026-09-18T18:40:10+00:00,2026-09-18T18:40+00:00,35373181225,ok,TSLAx,0x8ad3c73f833d3f9a523ab01476625f269aeb7cf0,18,5.0,0.013746633296437723,363.7254222309,NA,1.,1000000000000000000,Uniswap V3 100%|xStocks wrap V2 100%,
2026-09-18T18:40:12+00:00,2026-09-18T18:40+00:00,35373181225,ok,AAPLx,0x9d275685dc284c8eb1c79f6aba7a63dc75ec890a,18,5.0,0.014879463698316706,336.0336166260,NA,1.003269012539818705,1003269012539818700,Uniswap V4 100%|Uniswap V3 100%|xStocks wrap V2 100%,
2026-09-18T18:40:14+00:00,2026-09-18T18:40+00:00,35373181225,ok,COINx,0x364f210f430ec2448fc68a49203040f6124096f0,18,5.0,0.025747083728039175,194.1967507005,NA,1.,1000000000000000000,CurveNG 100%|ElfomoFi 100%|Uniswap V3 100%|xStocks wrap V2 100%,
2026-09-18T18:40:16+00:00,2026-09-18T18:40+00:00,35373181225,ok,TSMx,0x9e3bf4ecfc44eedd624f26656b6736a3f093b073,18,5.0,0.011622892188365349,430.1855268868,NA,1.006187447932033185,1006187447932033200,Uniswap V3 100%|xStocks wrap V2 100%,
2026-09-18T18:40:18+00:00,2026-09-18T18:40+00:00,35373181225,ok,AVGOx,0x38bac69cbbd28156796e4163b2b6dcb81e336565,18,5.0,0.014114637732802075,354.2421771393,NA,1.004883768486276807,1004883768486276800,Uniswap V3 100%|xStocks wrap V2 100%,
2026-09-18T18:40:20+00:00,2026-09-18T18:40+00:00,35373181225,ok,IWMx,0xdadfb355c6110eda0908740d52c834d6c2bcddc7,18,5.0,0.017655360422456447,283.2001092224,NA,1.004730320498842033,1004730320498842000,Uniswap V3 100%|xStocks wrap V2 100%,
2026-09-18T18:40:22+00:00,2026-09-18T18:40+00:00,35373181225,ok,HOODx,0xe1385fdd5ffb10081cd52c56584f25efa9084015,18,5.0,0.041932332586862062,119.2397296202,NA,1.,1000000000000000000,Uniswap V3 100%|xStocks wrap V2 100%,
2026-09-18T18:40:23+00:00,2026-09-18T18:40+00:00,35373181225,ok,ASMLx,0xc0b417e7f83db438631eb5e096684dd742e5294f,18,5.0,0.003036543535989156,1646.6090279095,NA,1.002866334414662441,1002866334414662400,Uniswap V3 100%|xStocks wrap V2 100%,
2026-09-18T18:45:00+00:00,2026-09-18T18:45+00:00,35373181225,ok,NVDAx,0xc845b2894dbddd03858fd2d643b4ef725fe0849d,18,5.0,0.022773171457151228,219.5565957692,NA,1.001701196801074056,1001701196801074000,CurveNG 100%|Caliber propAMM 100%|xStocks wrap V2 100%,
2026-09-18T18:45:01+00:00,2026-09-18T18:45+00:00,35373181225,ok,MSTRx,0xae2f842ef90c0d5213259ab82639d5bbf649b08e,18,5.0,0.032987307756341219,151.5734487013,NA,1.,1000000000000000000,Uniswap V4 100%|Uniswap V3 100%|xStocks wrap V2 100%,
2026-09-18T18:45:03+00:00,2026-09-18T18:45+00:00,35373181225,ok,SPYx,0x90a2a4c76b5d8c0bc892a69ea28aa775a8f2dd48,18,5.0,0.006577695930390006,760.1445936257,NA,1.005714560286254056,1005714560286254000,Uniswap V4 100%|Uniswap V3 100%|xStocks wrap V2 100%,
2026-09-18T18:45:05+00:00,2026-09-18T18:45+00:00,35373181225,ok,QQQx,0xa753a7395cae905cd615da0b82a53e0560f250af,18,5.0,0.006965199308043795,717.8545478556,NA,1.002725029655105127,1002725029655105100,Uniswap V3 100%|xStocks wrap V2 100%,
2026-09-18T18:45:07+00:00,2026-09-18T18:45+00:00,35373181225,ok,GOOGLx,0xe92f673ca36c5e2efd2de7628f815f84807e803f,18,5.0,0.014246576132468634,350.9615190000,NA,1.002377250060348723,1002377250060348700,Uniswap V3 100%|xStocks wrap V2 100%,
2026-09-18T18:45:08+00:00,2026-09-18T18:45+00:00,35373181225,ok,BRK.Bx,0x12992613fdd35abe95dec5a4964331b1ee23b50d,18,5.0,0.009819237325450045,509.2045170393,NA,1.,1000000000000000000,Uniswap V4 100%|Uniswap V3 100%|xStocks wrap V2 100%,
2026-09-18T18:45:10+00:00,2026-09-18T18:45+00:00,35373181225,ok,TSLAx,0x8ad3c73f833d3f9a523ab01476625f269aeb7cf0,18,5.0,0.013746633296437723,363.7254222309,NA,1.,1000000000000000000,Uniswap V3 100%|xStocks wrap V2 100%,
2026-09-18T18:45:12+00:00,2026-09-18T18:45+00:00,35373181225,ok,AAPLx,0x9d275685dc284c8eb1c79f6aba7a63dc75ec890a,18,5.0,0.014882915174269743,335.9556875419,NA,1.003269012539818705,1003269012539818700,Uniswap V4 100%|Uniswap V3 100%|xStocks wrap V2 100%,
2026-09-18T18:45:14+00:00,2026-09-18T18:45+00:00,35373181225,ok,COINx,0x364f210f430ec2448fc68a49203040f6124096f0,18,5.0,0.025785767350220853,193.9054181359,NA,1.,1000000000000000000,CurveNG 100%|ElfomoFi 100%|Uniswap V3 100%|xStocks wrap V2 100%,
2026-09-18T18:45:15+00:00,2026-09-18T18:45+00:00,35373181225,ok,TSMx,0x9e3bf4ecfc44eedd624f26656b6736a3f093b073,18,5.0,0.011622892188365349,430.1855268868,NA,1.006187447932033185,1006187447932033200,Uniswap V3 100%|xStocks wrap V2 100%,
2026-09-18T18:45:17+00:00,2026-09-18T18:45+00:00,35373181225,ok,AVGOx,0x38bac69cbbd28156796e4163b2b6dcb81e336565,18,5.0,0.014114637732802075,354.2421771393,NA,1.004883768486276807,1004883768486276800,Uniswap V3 100%|xStocks wrap V2 100%,
2026-09-18T18:45:18+00:00,2026-09-18T18:45+00:00,35373181225,ok,IWMx,0xdadfb355c6110eda0908740d52c834d6c2bcddc7,18,5.0,0.017655360422456447,283.2001092224,NA,1.004730320498842033,1004730320498842000,Uniswap V3 100%|xStocks wrap V2 100%,
2026-09-18T18:45:20+00:00,2026-09-18T18:45+00:00,35373181225,ok,HOODx,0xe1385fdd5ffb10081cd52c56584f25efa9084015,18,5.0,0.041932332586862062,119.2397296202,NA,1.,1000000000000000000,Uniswap V3 100%|xStocks wrap V2 100%,
2026-09-18T18:45:21+00:00,2026-09-18T18:45+00:00,35373181225,ok,ASMLx,0xc0b417e7f83db438631eb5e096684dd742e5294f,18,5.0,0.0030359469068917,1646.9326221252,NA,1.002866334414662441,1002866334414662400,Uniswap V3 100%|xStocks wrap V2 100%,
2026-09-18T18:50:00+00:00,2026-09-18T18:50+00:00,35373181225,ok,NVDAx,0xc845b2894dbddd03858fd2d643b4ef725fe0849d,18,5.0,0.022772015667563879,219.5677393250,NA,1.001701196801074056,1001701196801074000,Uniswap V4 100%|Uniswap V3 100%|xStocks wrap V2 100%,
2026-09-18T18:50:02+00:00,2026-09-18T18:50+00:00,35373181225,ok,MSTRx,0xae2f842ef90c0d5213259ab82639d5bbf649b08e,18,5.0,0.032939732617677034,151.7923675348,NA,1.,1000000000000000000,Uniswap V4 100%|Uniswap V3 100%|xStocks wrap V2 100%,
2026-09-18T18:50:04+00:00,2026-09-18T18:50+00:00,35373181225,ok,SPYx,0x90a2a4c76b5d8c0bc892a69ea28aa775a8f2dd48,18,5.0,0.006573104855012188,760.6755270589,NA,1.005714560286254056,1005714560286254000,Uniswap V4 100%|Uniswap V3 100%|xStocks wrap V2 100%,
2026-09-18T18:50:06+00:00,2026-09-18T18:50+00:00,35373181225,ok,QQQx,0xa753a7395cae905cd615da0b82a53e0560f250af,18,5.0,0.00695910231967211,718.4834724826,NA,1.002725029655105127,1002725029655105100,Uniswap V3 100%|xStocks wrap V2 100%,
2026-09-18T18:50:07+00:00,2026-09-18T18:50+00:00,35373181225,ok,GOOGLx,0xe92f673ca36c5e2efd2de7628f815f84807e803f,18,5.0,0.014224080791598422,351.5165635837,NA,1.002377250060348723,1002377250060348700,Uniswap V3 100%|xStocks wrap V2 100%,
2026-09-18T18:50:09+00:00,2026-09-18T18:50+00:00,35373181225,ok,BRK.Bx,0x12992613fdd35abe95dec5a4964331b1ee23b50d,18,5.0,0.009819021223593931,509.2157238631,NA,1.,1000000000000000000,Uniswap V4 100%|Uniswap V3 100%|xStocks wrap V2 100%,
2026-09-18T18:50:10+00:00,2026-09-18T18:50+00:00,35373181225,ok,TSLAx,0x8ad3c73f833d3f9a523ab01476625f269aeb7cf0,18,5.0,0.013746633296437723,363.7254222309,NA,1.,1000000000000000000,Uniswap V3 100%|xStocks wrap V2 100%,
2026-09-18T18:50:12+00:00,2026-09-18T18:50+00:00,35373181225,ok,AAPLx,0x9d275685dc284c8eb1c79f6aba7a63dc75ec890a,18,5.0,0.014881847251230177,335.9797957600,NA,1.003269012539818705,1003269012539818700,Uniswap V4 100%|Uniswap V3 100%|xStocks wrap V2 100%,
2026-09-18T18:50:13+00:00,2026-09-18T18:50+00:00,35373181225,ok,COINx,0x364f210f430ec2448fc68a49203040f6124096f0,18,5.0,0.025765676692841556,194.0566149147,NA,1.,1000000000000000000,Uniswap V3 100%|xStocks wrap V2 100%,
2026-09-18T18:50:15+00:00,2026-09-18T18:50+00:00,35373181225,ok,TSMx,0x9e3bf4ecfc44eedd624f26656b6736a3f093b073,18,5.0,0.011622892188365349,430.1855268868,NA,1.006187447932033185,1006187447932033200,Uniswap V3 100%|xStocks wrap V2 100%,
2026-09-18T18:50:17+00:00,2026-09-18T18:50+00:00,35373181225,ok,AVGOx,0x38bac69cbbd28156796e4163b2b6dcb81e336565,18,5.0,0.014114637732802075,354.2421771393,NA,1.004883768486276807,1004883768486276800,Uniswap V3 100%|xStocks wrap V2 100%,
2026-09-18T18:50:19+00:00,2026-09-18T18:50+00:00,35373181225,ok,IWMx,0xdadfb355c6110eda0908740d52c834d6c2bcddc7,18,5.0,0.017645519994457123,283.3580422436,NA,1.004730320498842033,1004730320498842000,Uniswap V3 100%|xStocks wrap V2 100%,
2026-09-18T18:50:21+00:00,2026-09-18T18:50+00:00,35373181225,ok,HOODx,0xe1385fdd5ffb10081cd52c56584f25efa9084015,18,5.0,0.041932332586862062,119.2397296202,NA,1.,1000000000000000000,Uniswap V3 100%|xStocks wrap V2 100%,
2026-09-18T18:50:22+00:00,2026-09-18T18:50+00:00,35373181225,ok,ASMLx,0xc0b417e7f83db438631eb5e096684dd742e5294f,18,5.0,0.0030359469068917,1646.9326221252,NA,1.002866334414662441,1002866334414662400,Uniswap V3 100%|xStocks wrap V2 100%,
2026-09-18T18:55:00+00:00,2026-09-18T18:55+00:00,35373181225,ok,NVDAx,0xc845b2894dbddd03858fd2d643b4ef725fe0849d,18,5.0,0.022763634112039459,219.6485840262,NA,1.001701196801074056,1001701196801074000,Uniswap V4 100%|Uniswap V3 100%|xStocks wrap V2 100%,
2026-09-18T18:55:02+00:00,2026-09-18T18:55+00:00,35373181225,ok,MSTRx,0xae2f842ef90c0d5213259ab82639d5bbf649b08e,18,5.0,0.03290167759724303,151.9679349244,NA,1.,1000000000000000000,Uniswap V4 100%|Uniswap V3 100%|xStocks wrap V2 100%,
2026-09-18T18:55:03+00:00,2026-09-18T18:55+00:00,35373181225,ok,SPYx,0x90a2a4c76b5d8c0bc892a69ea28aa775a8f2dd48,18,5.0,0.006571141518930532,760.9028028990,NA,1.005714560286254056,1005714560286254000,Uniswap V4 100%|Uniswap V3 100%|xStocks wrap V2 100%,
2026-09-18T18:55:05+00:00,2026-09-18T18:55+00:00,35373181225,ok,QQQx,0xa753a7395cae905cd615da0b82a53e0560f250af,18,5.0,0.006955926973493445,718.8114566259,NA,1.002725029655105127,1002725029655105100,Uniswap V3 100%|xStocks wrap V2 100%,
2026-09-18T18:55:07+00:00,2026-09-18T18:55+00:00,35373181225,ok,GOOGLx,0xe92f673ca36c5e2efd2de7628f815f84807e803f,18,5.0,0.014217718191950886,351.6738714677,NA,1.002377250060348723,1002377250060348700,Uniswap V3 100%|xStocks wrap V2 100%,
2026-09-18T18:55:08+00:00,2026-09-18T18:55+00:00,35373181225,ok,BRK.Bx,0x12992613fdd35abe95dec5a4964331b1ee23b50d,18,5.0,0.009818879775106284,509.2230595059,NA,1.,1000000000000000000,Uniswap V4 100%|Uniswap V3 100%|xStocks wrap V2 100%,
2026-09-18T18:55:10+00:00,2026-09-18T18:55+00:00,35373181225,ok,TSLAx,0x8ad3c73f833d3f9a523ab01476625f269aeb7cf0,18,5.0,0.013752522295101615,363.5696705455,NA,1.,1000000000000000000,Uniswap V3 100%|xStocks wrap V2 100%,
2026-09-18T18:55:12+00:00,2026-09-18T18:55+00:00,35373181225,ok,AAPLx,0x9d275685dc284c8eb1c79f6aba7a63dc75ec890a,18,5.0,0.01488183399752961,335.9800949822,NA,1.003269012539818705,1003269012539818700,Uniswap V4 100%|Uniswap V3 100%|xStocks wrap V2 100%,
2026-09-18T18:55:13+00:00,2026-09-18T18:55+00:00,35373181225,ok,COINx,0x364f210f430ec2448fc68a49203040f6124096f0,18,5.0,0.025755426913051032,194.1338428161,NA,1.,1000000000000000000,Uniswap V3 100%|xStocks wrap V2 100%,
2026-09-18T18:55:15+00:00,2026-09-18T18:55+00:00,35373181225,ok,TSMx,0x9e3bf4ecfc44eedd624f26656b6736a3f093b073,18,5.0,0.011622892188365349,430.1855268868,NA,1.006187447932033185,1006187447932033200,Uniswap V3 100%|xStocks wrap V2 100%,
2026-09-18T18:55:17+00:00,2026-09-18T18:55+00:00,35373181225,ok,AVGOx,0x38bac69cbbd28156796e4163b2b6dcb81e336565,18,5.0,0.014098184581873187,354.6555920703,NA,1.004883768486276807,1004883768486276800,Uniswap V3 100%|xStocks wrap V2 100%,
2026-09-18T18:55:19+00:00,2026-09-18T18:55+00:00,35373181225,ok,IWMx,0xdadfb355c6110eda0908740d52c834d6c2bcddc7,18,5.0,0.017645519994457123,283.3580422436,NA,1.004730320498842033,1004730320498842000,Uniswap V3 100%|xStocks wrap V2 100%,
2026-09-18T18:55:21+00:00,2026-09-18T18:55+00:00,35373181225,ok,HOODx,0xe1385fdd5ffb10081cd52c56584f25efa9084015,18,5.0,0.041932332586862062,119.2397296202,NA,1.,1000000000000000000,Uniswap V3 100%|xStocks wrap V2 100%,
2026-09-18T18:55:22+00:00,2026-09-18T18:55+00:00,35373181225,ok,ASMLx,0xc0b417e7f83db438631eb5e096684dd742e5294f,18,5.0,0.00303483154570317,1647.5379027476,NA,1.002866334414662441,1002866334414662400,Uniswap V3 100%|xStocks wrap V2 100%,
2026-09-18T19:00:00+00:00,2026-09-18T19:00+00:00,35373181225,ok,NVDAx,0xc845b2894dbddd03858fd2d643b4ef725fe0849d,18,5.0,0.022753687869730067,219.7445982658,NA,1.001701196801074056,1001701196801074000,Uniswap V4 100%|Uniswap V3 100%|xStocks wrap V2 100%,
2026-09-18T19:00:01+00:00,2026-09-18T19:00+00:00,35373181225,ok,MSTRx,0xae2f842ef90c0d5213259ab82639d5bbf649b08e,18,5.0,0.032958556495263969,151.7056731753,NA,1.,1000000000000000000,Uniswap V4 100%|Uniswap V3 100%|xStocks wrap V2 100%,
2026-09-18T19:00:03+00:00,2026-09-18T19:00+00:00,35373181225,ok,SPYx,0x90a2a4c76b5d8c0bc892a69ea28aa775a8f2dd48,18,5.0,0.006571119168066907,760.9053910174,NA,1.005714560286254056,1005714560286254000,Uniswap V4 100%|Uniswap V3 100%|xStocks wrap V2 100%,
2026-09-18T19:00:05+00:00,2026-09-18T19:00+00:00,35373181225,ok,QQQx,0xa753a7395cae905cd615da0b82a53e0560f250af,18,5.0,0.006955926973493445,718.8114566259,NA,1.002725029655105127,1002725029655105100,Uniswap V3 100%|xStocks wrap V2 100%,
2026-09-18T19:00:07+00:00,2026-09-18T19:00+00:00,35373181225,ok,GOOGLx,0xe92f673ca36c5e2efd2de7628f815f84807e803f,18,5.0,0.014217718191950886,351.6738714677,NA,1.002377250060348723,1002377250060348700,Uniswap V3 100%|xStocks wrap V2 100%,
2026-09-18T19:00:09+00:00,2026-09-18T19:00+00:00,35373181225,ok,BRK.Bx,0x12992613fdd35abe95dec5a4964331b1ee23b50d,18,5.0,0.0098188463775467,509.2247915635,NA,1.,1000000000000000000,Uniswap V4 100%|Uniswap V3 100%|xStocks wrap V2 100%,
2026-09-18T19:00:10+00:00,2026-09-18T19:00+00:00,35373181225,ok,TSLAx,0x8ad3c73f833d3f9a523ab01476625f269aeb7cf0,18,5.0,0.013744700893722624,363.7765593199,NA,1.,1000000000000000000,Uniswap V3 100%|xStocks wrap V2 100%,
2026-09-18T19:00:12+00:00,2026-09-18T19:00+00:00,35373181225,ok,AAPLx,0x9d275685dc284c8eb1c79f6aba7a63dc75ec890a,18,5.0,0.01488173784771619,335.9822657249,NA,1.003269012539818705,1003269012539818700,Uniswap V4 100%|Uniswap V3 100%|xStocks wrap V2 100%,
2026-09-18T19:00:14+00:00,2026-09-18T19:00+00:00,35373181225,ok,COINx,0x364f210f430ec2448fc68a49203040f6124096f0,18,5.0,0.025740208330684022,194.2486220688,NA,1.,1000000000000000000,Uniswap V3 100%|xStocks wrap V2 100%,
2026-09-18T19:00:16+00:00,2026-09-18T19:00+00:00,35373181225,ok,TSMx,0x9e3bf4ecfc44eedd624f26656b6736a3f093b073,18,5.0,0.011622892188365349,430.1855268868,NA,1.006187447932033185,1006187447932033200,Uniswap V3 100%|xStocks wrap V2 100%,
2026-09-18T19:00:18+00:00,2026-09-18T19:00+00:00,35373181225,ok,AVGOx,0x38bac69cbbd28156796e4163b2b6dcb81e336565,18,5.0,0.014098184581873187,354.6555920703,NA,1.004883768486276807,1004883768486276800,Uniswap V3 100%|xStocks wrap V2 100%,
2026-09-18T19:00:19+00:00,2026-09-18T19:00+00:00,35373181225,ok,IWMx,0xdadfb355c6110eda0908740d52c834d6c2bcddc7,18,5.0,0.017645519994457123,283.3580422436,NA,1.004730320498842033,1004730320498842000,Uniswap V3 100%|xStocks wrap V2 100%,
2026-09-18T19:00:21+00:00,2026-09-18T19:00+00:00,35373181225,ok,HOODx,0xe1385fdd5ffb10081cd52c56584f25efa9084015,18,5.0,0.041931713826990721,119.2414891657,NA,1.,1000000000000000000,Uniswap V3 100%|xStocks wrap V2 100%,
2026-09-18T19:00:23+00:00,2026-09-18T19:00+00:00,35373181225,ok,ASMLx,0xc0b417e7f83db438631eb5e096684dd742e5294f,18,5.0,0.003034158074266532,1647.9035955332,NA,1.002866334414662441,1002866334414662400,Uniswap V3 100%|xStocks wrap V2 100%,
2026-09-18T19:05:00+00:00,2026-09-18T19:05+00:00,35373181225,ok,NVDAx,0xc845b2894dbddd03858fd2d643b4ef725fe0849d,18,5.0,0.022754604808261514,219.7357432542,NA,1.001701196801074056,1001701196801074000,Uniswap V4 100%|Caliber propAMM 100%|xStocks wrap V2 100%,
2026-09-18T19:05:01+00:00,2026-09-18T19:05+00:00,35373181225,ok,MSTRx,0xae2f842ef90c0d5213259ab82639d5bbf649b08e,18,5.0,0.032912472434728855,151.9180915355,NA,1.,1000000000000000000,Uniswap V4 100%|Uniswap V3 100%|xStocks wrap V2 100%,
2026-09-18T19:05:03+00:00,2026-09-18T19:05+00:00,35373181225,ok,SPYx,0x90a2a4c76b5d8c0bc892a69ea28aa775a8f2dd48,18,5.0,0.006571035023639147,760.9151346801,NA,1.005714560286254056,1005714560286254000,Uniswap V4 100%|Uniswap V3 100%|xStocks wrap V2 100%,
2026-09-18T19:05:04+00:00,2026-09-18T19:05+00:00,35373181225,ok,QQQx,0xa753a7395cae905cd615da0b82a53e0560f250af,18,5.0,0.006955267436492673,718.8796183115,NA,1.002725029655105127,1002725029655105100,Uniswap V3 100%|xStocks wrap V2 100%,
2026-09-18T19:05:06+00:00,2026-09-18T19:05+00:00,35373181225,ok,GOOGLx,0xe92f673ca36c5e2efd2de7628f815f84807e803f,18,5.0,0.014217718191950886,351.6738714677,NA,1.002377250060348723,1002377250060348700,Uniswap V3 100%|xStocks wrap V2 100%,
2026-09-18T19:05:08+00:00,2026-09-18T19:05+00:00,35373181225,ok,BRK.Bx,0x12992613fdd35abe95dec5a4964331b1ee23b50d,18,5.0,0.009818720645557671,509.2313123566,NA,1.,1000000000000000000,Uniswap V4 100%|Uniswap V3 100%|xStocks wrap V2 100%,
2026-09-18T19:05:12+00:00,2026-09-18T19:05+00:00,35373181225,ok,TSLAx,0x8ad3c73f833d3f9a523ab01476625f269aeb7cf0,18,5.0,0.013744704665729104,363.7764594875,NA,1.,1000000000000000000,Uniswap V3 100%|xStocks wrap V2 100%,
2026-09-18T19:05:13+00:00,2026-09-18T19:05+00:00,35373181225,ok,AAPLx,0x9d275685dc284c8eb1c79f6aba7a63dc75ec890a,18,5.0,0.014881852002267318,335.9796884983,NA,1.003269012539818705,1003269012539818700,Uniswap V4 100%|Uniswap V3 100%|xStocks wrap V2 100%,
2026-09-18T19:05:15+00:00,2026-09-18T19:05+00:00,35373181225,ok,COINx,0x364f210f430ec2448fc68a49203040f6124096f0,18,5.0,0.025717288792742998,194.4217386325,NA,1.,1000000000000000000,Uniswap V3 100%|xStocks wrap V2 100%,
2026-09-18T19:05:17+00:00,2026-09-18T19:05+00:00,35373181225,ok,TSMx,0x9e3bf4ecfc44eedd624f26656b6736a3f093b073,18,5.0,0.011622892188365349,430.1855268868,NA,1.006187447932033185,1006187447932033200,Uniswap V3 100%|xStocks wrap V2 100%,
2026-09-18T19:05:19+00:00,2026-09-18T19:05+00:00,35373181225,ok,AVGOx,0x38bac69cbbd28156796e4163b2b6dcb81e336565,18,5.0,0.014077642070793671,355.1731159846,NA,1.004883768486276807,1004883768486276800,Uniswap V3 100%|xStocks wrap V2 100%,
2026-09-18T19:05:20+00:00,2026-09-18T19:05+00:00,35373181225,ok,IWMx,0xdadfb355c6110eda0908740d52c834d6c2bcddc7,18,5.0,0.01764551998079545,283.3580424630,NA,1.004730320498842033,1004730320498842000,Uniswap V3 100%|xStocks wrap V2 100%,
2026-09-18T19:05:22+00:00,2026-09-18T19:05+00:00,35373181225,ok,HOODx,0xe1385fdd5ffb10081cd52c56584f25efa9084015,18,5.0,0.041886302067563788,119.3707668902,NA,1.,1000000000000000000,Uniswap V3 100%|xStocks wrap V2 100%,
2026-09-18T19:05:24+00:00,2026-09-18T19:05+00:00,35373181225,ok,ASMLx,0xc0b417e7f83db438631eb5e096684dd742e5294f,18,5.0,0.003030749575854643,1649.7568917716,NA,1.002866334414662441,1002866334414662400,Uniswap V3 100%|xStocks wrap V2 100%,
2026-09-18T19:10:00+00:00,2026-09-18T19:10+00:00,35373181225,ok,NVDAx,0xc845b2894dbddd03858fd2d643b4ef725fe0849d,18,5.0,0.022754312209190435,219.7385688494,NA,1.001701196801074056,1001701196801074000,Uniswap V4 100%|Uniswap V3 100%|xStocks wrap V2 100%,
2026-09-18T19:10:01+00:00,2026-09-18T19:10+00:00,35373181225,ok,MSTRx,0xae2f842ef90c0d5213259ab82639d5bbf649b08e,18,5.0,0.032838079534543159,152.2622537880,NA,1.,1000000000000000000,Uniswap V4 100%|Uniswap V3 100%|xStocks wrap V2 100%,
2026-09-18T19:10:03+00:00,2026-09-18T19:10+00:00,35373181225,ok,SPYx,0x90a2a4c76b5d8c0bc892a69ea28aa775a8f2dd48,18,5.0,0.006571033708882463,760.9152869268,NA,1.005714560286254056,1005714560286254000,Uniswap V4 100%|Uniswap V3 100%|xStocks wrap V2 100%,
2026-09-18T19:10:05+00:00,2026-09-18T19:10+00:00,35373181225,ok,QQQx,0xa753a7395cae905cd615da0b82a53e0560f250af,18,5.0,0.006952752970515148,719.1396014217,NA,1.002725029655105127,1002725029655105100,Uniswap V3 100%|xStocks wrap V2 100%,
2026-09-18T19:10:07+00:00,2026-09-18T19:10+00:00,35373181225,ok,GOOGLx,0xe92f673ca36c5e2efd2de7628f815f84807e803f,18,5.0,0.014225066357404418,351.4922092014,NA,1.002377250060348723,1002377250060348700,Uniswap V3 100%|xStocks wrap V2 100%,
2026-09-18T19:10:09+00:00,2026-09-18T19:10+00:00,35373181225,ok,BRK.Bx,0x12992613fdd35abe95dec5a4964331b1ee23b50d,18,5.0,0.009818718680995342,509.2314142453,NA,1.,1000000000000000000,Uniswap V4 100%|Uniswap V3 100%|xStocks wrap V2 100%,
2026-09-18T19:10:10+00:00,2026-09-18T19:10+00:00,35373181225,ok,TSLAx,0x8ad3c73f833d3f9a523ab01476625f269aeb7cf0,18,5.0,0.013744704665729104,363.7764594875,NA,1.,1000000000000000000,Uniswap V3 100%|xStocks wrap V2 100%,
2026-09-18T19:10:12+00:00,2026-09-18T19:10+00:00,35373181225,ok,AAPLx,0x9d275685dc284c8eb1c79f6aba7a63dc75ec890a,18,5.0,0.014882053063040915,335.9751493171,NA,1.003269012539818705,1003269012539818700,Uniswap V4 100%|Uniswap V3 100%|xStocks wrap V2 100%,
2026-09-18T19:10:13+00:00,2026-09-18T19:10+00:00,35373181225,ok,COINx,0x364f210f430ec2448fc68a49203040f6124096f0,18,5.0,0.025698370570085161,194.5648649732,NA,1.,1000000000000000000,Uniswap V3 100%|xStocks wrap V2 100%,
2026-09-18T19:10:15+00:00,2026-09-18T19:10+00:00,35373181225,ok,TSMx,0x9e3bf4ecfc44eedd624f26656b6736a3f093b073,18,5.0,0.011620933383981043,430.2580382134,NA,1.006187447932033185,1006187447932033200,Uniswap V3 100%|xStocks wrap V2 100%,
2026-09-18T19:10:17+00:00,2026-09-18T19:10+00:00,35373181225,ok,AVGOx,0x38bac69cbbd28156796e4163b2b6dcb81e336565,18,5.0,0.014072377053674846,355.3059998982,NA,1.004883768486276807,1004883768486276800,Uniswap V3 100%|xStocks wrap V2 100%,
2026-09-18T19:10:18+00:00,2026-09-18T19:10+00:00,35373181225,ok,IWMx,0xdadfb355c6110eda0908740d52c834d6c2bcddc7,18,5.0,0.01764551998079545,283.3580424630,NA,1.004730320498842033,1004730320498842000,Uniswap V3 100%|xStocks wrap V2 100%,
2026-09-18T19:10:20+00:00,2026-09-18T19:10+00:00,35373181225,ok,HOODx,0xe1385fdd5ffb10081cd52c56584f25efa9084015,18,5.0,0.041886302067563788,119.3707668902,NA,1.,1000000000000000000,Uniswap V3 100%|xStocks wrap V2 100%,
2026-09-18T19:10:21+00:00,2026-09-18T19:10+00:00,35373181225,ok,ASMLx,0xc0b417e7f83db438631eb5e096684dd742e5294f,18,5.0,0.003030749575854643,1649.7568917716,NA,1.002866334414662441,1002866334414662400,Uniswap V3 100%|xStocks wrap V2 100%,
2026-09-18T19:15:00+00:00,2026-09-18T19:15+00:00,35373181225,ok,NVDAx,0xc845b2894dbddd03858fd2d643b4ef725fe0849d,18,5.0,0.022754650665766669,219.7353004202,NA,1.001701196801074056,1001701196801074000,Uniswap V4 100%|Uniswap V3 100%|xStocks wrap V2 100%,
2026-09-18T19:15:01+00:00,2026-09-18T19:15+00:00,35373181225,ok,MSTRx,0xae2f842ef90c0d5213259ab82639d5bbf649b08e,18,5.0,0.032692079062401604,152.9422460547,NA,1.,1000000000000000000,Uniswap V4 100%|Uniswap V3 100%|xStocks wrap V2 100%,
2026-09-18T19:15:03+00:00,2026-09-18T19:15+00:00,35373181225,ok,SPYx,0x90a2a4c76b5d8c0bc892a69ea28aa775a8f2dd48,18,5.0,0.006571075781096344,760.9104150623,NA,1.005714560286254056,1005714560286254000,Uniswap V4 100%|Uniswap V3 100%|xStocks wrap V2 100%,
2026-09-18T19:15:05+00:00,2026-09-18T19:15+00:00,35373181225,ok,QQQx,0xa753a7395cae905cd615da0b82a53e0560f250af,18,5.0,0.006952752970515148,719.1396014217,NA,1.002725029655105127,1002725029655105100,Uniswap V3 100%|xStocks wrap V2 100%,
2026-09-18T19:15:07+00:00,2026-09-18T19:15+00:00,35373181225,ok,GOOGLx,0xe92f673ca36c5e2efd2de7628f815f84807e803f,18,5.0,0.014224840699892376,351.4977851413,NA,1.002377250060348723,1002377250060348700,Uniswap V3 100%|xStocks wrap V2 100%,
2026-09-18T19:15:08+00:00,2026-09-18T19:15+00:00,35373181225,ok,BRK.Bx,0x12992613fdd35abe95dec5a4964331b1ee23b50d,18,5.0,0.009814630386837581,509.4435351030,NA,1.,1000000000000000000,Uniswap V4 100%|Uniswap V3 100%|xStocks wrap V2 100%,
2026-09-18T19:15:10+00:00,2026-09-18T19:15+00:00,35373181225,ok,TSLAx,0x8ad3c73f833d3f9a523ab01476625f269aeb7cf0,18,5.0,0.013740034156960927,363.9001142852,NA,1.,1000000000000000000,Uniswap V3 100%|xStocks wrap V2 100%,
2026-09-18T19:15:12+00:00,2026-09-18T19:15+00:00,35373181225,ok,AAPLx,0x9d275685dc284c8eb1c79f6aba7a63dc75ec890a,18,5.0,0.014880022498593574,336.0209973118,NA,1.003269012539818705,1003269012539818700,Uniswap V4 100%|Uniswap V3 100%|xStocks wrap V2 100%,
2026-09-18T19:15:13+00:00,2026-09-18T19:15+00:00,35373181225,ok,COINx,0x364f210f430ec2448fc68a49203040f6124096f0,18,5.0,0.025677249734378245,194.7249044085,NA,1.,1000000000000000000,Uniswap V3 100%|xStocks wrap V2 100%,
2026-09-18T19:15:15+00:00,2026-09-18T19:15+00:00,35373181225,ok,TSMx,0x9e3bf4ecfc44eedd624f26656b6736a3f093b073,18,5.0,0.011620933383981043,430.2580382134,NA,1.006187447932033185,1006187447932033200,Uniswap V3 100%|xStocks wrap V2 100%,
2026-09-18T19:15:17+00:00,2026-09-18T19:15+00:00,35373181225,ok,AVGOx,0x38bac69cbbd28156796e4163b2b6dcb81e336565,18,5.0,0.014072377053674846,355.3059998982,NA,1.004883768486276807,1004883768486276800,Uniswap V3 100%|xStocks wrap V2 100%,
2026-09-18T19:15:19+00:00,2026-09-18T19:15+00:00,35373181225,ok,IWMx,0xdadfb355c6110eda0908740d52c834d6c2bcddc7,18,5.0,0.01764551998079545,283.3580424630,NA,1.004730320498842033,1004730320498842000,Uniswap V3 100%|xStocks wrap V2 100%,
2026-09-18T19:15:20+00:00,2026-09-18T19:15+00:00,35373181225,ok,HOODx,0xe1385fdd5ffb10081cd52c56584f25efa9084015,18,5.0,0.041847232900467046,119.4822131225,NA,1.,1000000000000000000,Uniswap V3 100%|xStocks wrap V2 100%,
2026-09-18T19:15:22+00:00,2026-09-18T19:15+00:00,35373181225,ok,ASMLx,0xc0b417e7f83db438631eb5e096684dd742e5294f,18,5.0,0.003027346783750594,1651.6112481192,NA,1.002866334414662441,1002866334414662400,Uniswap V3 100%|xStocks wrap V2 100%,
2026-09-18T19:20:00+00:00,2026-09-18T19:20+00:00,35373181225,ok,NVDAx,0xc845b2894dbddd03858fd2d643b4ef725fe0849d,18,5.0,0.022753355228087076,219.7478108120,NA,1.001701196801074056,1001701196801074000,Uniswap V4 100%|Uniswap V3 100%|xStocks wrap V2 100%,
2026-09-18T19:20:01+00:00,2026-09-18T19:20+00:00,35373181225,ok,MSTRx,0xae2f842ef90c0d5213259ab82639d5bbf649b08e,18,5.0,0.032627504415525879,153.2449413330,NA,1.,1000000000000000000,Uniswap V4 100%|Uniswap V3 100%|xStocks wrap V2 100%,
2026-09-18T19:20:03+00:00,2026-09-18T19:20+00:00,35373181225,ok,SPYx,0x90a2a4c76b5d8c0bc892a69ea28aa775a8f2dd48,18,5.0,0.006570695816414731,760.9544163510,NA,1.005714560286254056,1005714560286254000,Uniswap V4 100%|Uniswap V3 100%|xStocks wrap V2 100%,
2026-09-18T19:20:05+00:00,2026-09-18T19:20+00:00,35373181225,ok,QQQx,0xa753a7395cae905cd615da0b82a53e0560f250af,18,5.0,0.006952758997241344,719.1389780638,NA,1.002725029655105127,1002725029655105100,Uniswap V3 100%|xStocks wrap V2 100%,
2026-09-18T19:20:07+00:00,2026-09-18T19:20+00:00,35373181225,ok,GOOGLx,0xe92f673ca36c5e2efd2de7628f815f84807e803f,18,5.0,0.014224840699892376,351.4977851413,NA,1.002377250060348723,1002377250060348700,Uniswap V3 100%|xStocks wrap V2 100%,
2026-09-18T19:20:09+00:00,2026-09-18T19:20+00:00,35373181225,ok,BRK.Bx,0x12992613fdd35abe95dec5a4964331b1ee23b50d,18,5.0,0.009818209639192542,509.2578162154,NA,1.,1000000000000000000,Uniswap V4 100%|Uniswap V3 100%|xStocks wrap V2 100%,
2026-09-18T19:20:10+00:00,2026-09-18T19:20+00:00,35373181225,ok,TSLAx,0x8ad3c73f833d3f9a523ab01476625f269aeb7cf0,18,5.0,0.013730229591423551,364.1599702836,NA,1.,1000000000000000000,Uniswap V3 100%|xStocks wrap V2 100%,
2026-09-18T19:20:12+00:00,2026-09-18T19:20+00:00,35373181225,ok,AAPLx,0x9d275685dc284c8eb1c79f6aba7a63dc75ec890a,18,5.0,0.014874908109800997,336.1365302624,NA,1.003269012539818705,1003269012539818700,Uniswap V4 100%|Uniswap V3 100%|xStocks wrap V2 100%,
2026-09-18T19:20:13+00:00,2026-09-18T19:20+00:00,35373181225,ok,COINx,0x364f210f430ec2448fc68a49203040f6124096f0,18,5.0,0.025678400924467704,194.7161746834,NA,1.,1000000000000000000,CurveNG 100%|ElfomoFi 100%|Uniswap V3 100%|xStocks wrap V2 100%,
2026-09-18T19:20:15+00:00,2026-09-18T19:20+00:00,35373181225,ok,TSMx,0x9e3bf4ecfc44eedd624f26656b6736a3f093b073,18,5.0,0.011620933383981043,430.2580382134,NA,1.006187447932033185,1006187447932033200,Uniswap V3 100%|xStocks wrap V2 100%,
2026-09-18T19:20:16+00:00,2026-09-18T19:20+00:00,35373181225,ok,AVGOx,0x38bac69cbbd28156796e4163b2b6dcb81e336565,18,5.0,0.014072377053674846,355.3059998982,NA,1.004883768486276807,1004883768486276800,Uniswap V3 100%|xStocks wrap V2 100%,
2026-09-18T19:20:18+00:00,2026-09-18T19:20+00:00,35373181225,ok,IWMx,0xdadfb355c6110eda0908740d52c834d6c2bcddc7,18,5.0,0.01764551998079545,283.3580424630,NA,1.004730320498842033,1004730320498842000,Uniswap V3 100%|xStocks wrap V2 100%,
2026-09-18T19:20:20+00:00,2026-09-18T19:20+00:00,35373181225,ok,HOODx,0xe1385fdd5ffb10081cd52c56584f25efa9084015,18,5.0,0.041847232900467046,119.4822131225,NA,1.,1000000000000000000,Uniswap V3 100%|xStocks wrap V2 100%,
2026-09-18T19:20:21+00:00,2026-09-18T19:20+00:00,35373181225,ok,ASMLx,0xc0b417e7f83db438631eb5e096684dd742e5294f,18,5.0,0.003027346783750594,1651.6112481192,NA,1.002866334414662441,1002866334414662400,Uniswap V3 100%|xStocks wrap V2 100%,
2026-09-18T19:25:00+00:00,2026-09-18T19:25+00:00,35373181225,ok,NVDAx,0xc845b2894dbddd03858fd2d643b4ef725fe0849d,18,5.0,0.022753690754256845,219.7445704084,NA,1.001701196801074056,1001701196801074000,Uniswap V4 100%|Uniswap V3 100%|xStocks wrap V2 100%,
2026-09-18T19:25:01+00:00,2026-09-18T19:25+00:00,35373181225,ok,MSTRx,0xae2f842ef90c0d5213259ab82639d5bbf649b08e,18,5.0,0.032573093627323607,153.5009249415,NA,1.,1000000000000000000,Uniswap V3 100%|xStocks wrap V2 100%,
2026-09-18T19:25:03+00:00,2026-09-18T19:25+00:00,35373181225,ok,SPYx,0x90a2a4c76b5d8c0bc892a69ea28aa775a8f2dd48,18,5.0,0.006570694501658048,760.9545686135,NA,1.005714560286254056,1005714560286254000,Uniswap V4 100%|Uniswap V3 100%|xStocks wrap V2 100%,
2026-09-18T19:25:05+00:00,2026-09-18T19:25+00:00,35373181225,ok,QQQx,0xa753a7395cae905cd615da0b82a53e0560f250af,18,5.0,0.006952745620792472,719.1403616216,NA,1.002725029655105127,1002725029655105100,Uniswap V3 100%|xStocks wrap V2 100%,
2026-09-18T19:25:06+00:00,2026-09-18T19:25+00:00,35373181225,ok,GOOGLx,0xe92f673ca36c5e2efd2de7628f815f84807e803f,18,5.0,0.014223689578848427,351.5262318038,NA,1.002377250060348723,1002377250060348700,Uniswap V3 100%|xStocks wrap V2 100%,
2026-09-18T19:25:08+00:00,2026-09-18T19:25+00:00,35373181225,ok,BRK.Bx,0x12992613fdd35abe95dec5a4964331b1ee23b50d,18,5.0,0.009818207674631044,509.2579181147,NA,1.,1000000000000000000,Uniswap V4 100%|Uniswap V3 100%|xStocks wrap V2 100%,
2026-09-18T19:25:10+00:00,2026-09-18T19:25+00:00,35373181225,ok,TSLAx,0x8ad3c73f833d3f9a523ab01476625f269aeb7cf0,18,5.0,0.013717469618885321,364.4987114181,NA,1.,1000000000000000000,Uniswap V3 100%|xStocks wrap V2 100%,
2026-09-18T19:25:11+00:00,2026-09-18T19:25+00:00,35373181225,ok,AAPLx,0x9d275685dc284c8eb1c79f6aba7a63dc75ec890a,18,5.0,0.014874580606894068,336.1439311897,NA,1.003269012539818705,1003269012539818700,Uniswap V4 100%|Uniswap V3 100%|xStocks wrap V2 100%,
2026-09-18T19:25:13+00:00,2026-09-18T19:25+00:00,35373181225,ok,COINx,0x364f210f430ec2448fc68a49203040f6124096f0,18,5.0,0.025662574071828745,194.8362617875,NA,1.,1000000000000000000,Uniswap V3 100%|xStocks wrap V2 100%,
2026-09-18T19:25:15+00:00,2026-09-18T19:25+00:00,35373181225,ok,TSMx,0x9e3bf4ecfc44eedd624f26656b6736a3f093b073,18,5.0,0.011620933383981043,430.2580382134,NA,1.006187447932033185,1006187447932033200,Uniswap V3 100%|xStocks wrap V2 100%,
2026-09-18T19:25:17+00:00,2026-09-18T19:25+00:00,35373181225,ok,AVGOx,0x38bac69cbbd28156796e4163b2b6dcb81e336565,18,5.0,0.014067289033384568,355.4345110941,NA,1.004883768486276807,1004883768486276800,Uniswap V3 100%|xStocks wrap V2 100%,
2026-09-18T19:25:18+00:00,2026-09-18T19:25+00:00,35373181225,ok,IWMx,0xdadfb355c6110eda0908740d52c834d6c2bcddc7,18,5.0,0.01764551998079545,283.3580424630,NA,1.004730320498842033,1004730320498842000,Uniswap V3 100%|xStocks wrap V2 100%,
2026-09-18T19:25:20+00:00,2026-09-18T19:25+00:00,35373181225,ok,HOODx,0xe1385fdd5ffb10081cd52c56584f25efa9084015,18,5.0,0.041840297751814047,119.5020176400,NA,1.,1000000000000000000,Uniswap V3 100%|xStocks wrap V2 100%,
2026-09-18T19:25:22+00:00,2026-09-18T19:25+00:00,35373181225,ok,ASMLx,0xc0b417e7f83db438631eb5e096684dd742e5294f,18,5.0,0.003027346783750594,1651.6112481192,NA,1.002866334414662441,1002866334414662400,Uniswap V3 100%|xStocks wrap V2 100%,
2026-09-18T19:30:00+00:00,2026-09-18T19:30+00:00,35373181225,ok,NVDAx,0xc845b2894dbddd03858fd2d643b4ef725fe0849d,18,5.0,0.02275390929223417,219.7424598905,NA,1.001701196801074056,1001701196801074000,Uniswap V4 100%|Uniswap V3 100%|xStocks wrap V2 100%,
2026-09-18T19:30:01+00:00,2026-09-18T19:30+00:00,35373181225,ok,MSTRx,0xae2f842ef90c0d5213259ab82639d5bbf649b08e,18,5.0,0.032574773869621695,153.4930071967,NA,1.,1000000000000000000,Uniswap V4 100%|Uniswap V3 100%|xStocks wrap V2 100%,
2026-09-18T19:30:03+00:00,2026-09-18T19:30+00:00,35373181225,ok,SPYx,0x90a2a4c76b5d8c0bc892a69ea28aa775a8f2dd48,18,5.0,0.006568682521594277,761.1876481414,NA,1.005714560286254056,1005714560286254000,Uniswap V4 100%|Uniswap V3 100%|xStocks wrap V2 100%,
2026-09-18T19:30:05+00:00,2026-09-18T19:30+00:00,35373181225,ok,QQQx,0xa753a7395cae905cd615da0b82a53e0560f250af,18,5.0,0.006952745620792472,719.1403616216,NA,1.002725029655105127,1002725029655105100,Uniswap V3 100%|xStocks wrap V2 100%,
2026-09-18T19:30:06+00:00,2026-09-18T19:30+00:00,35373181225,ok,GOOGLx,0xe92f673ca36c5e2efd2de7628f815f84807e803f,18,5.0,0.014213110304197151,351.7878840723,NA,1.002377250060348723,1002377250060348700,Uniswap V3 100%|xStocks wrap V2 100%,
2026-09-18T19:30:08+00:00,2026-09-18T19:30+00:00,35373181225,ok,BRK.Bx,0x12992613fdd35abe95dec5a4964331b1ee23b50d,18,5.0,0.009818301973582983,509.2530269952,NA,1.,1000000000000000000,Uniswap V4 100%|Uniswap V3 100%|xStocks wrap V2 100%,
2026-09-18T19:30:10+00:00,2026-09-18T19:30+00:00,35373181225,ok,TSLAx,0x8ad3c73f833d3f9a523ab01476625f269aeb7cf0,18,5.0,0.013732030061967467,364.1122235705,NA,1.,1000000000000000000,Uniswap V3 100%|xStocks wrap V2 100%,
2026-09-18T19:30:11+00:00,2026-09-18T19:30+00:00,35373181225,ok,AAPLx,0x9d275685dc284c8eb1c79f6aba7a63dc75ec890a,18,5.0,0.014875597543522801,336.1209514691,NA,1.003269012539818705,1003269012539818700,Uniswap V4 100%|Uniswap V3 100%|xStocks wrap V2 100%,
2026-09-18T19:30:13+00:00,2026-09-18T19:30+00:00,35373181225,ok,COINx,0x364f210f430ec2448fc68a49203040f6124096f0,18,5.0,0.025655414529778514,194.8906338737,NA,1.,1000000000000000000,CurveNG 100%|ElfomoFi 100%|Uniswap V3 100%|xStocks wrap V2 100%,
2026-09-18T19:30:15+00:00,2026-09-18T19:30+00:00,35373181225,ok,TSMx,0x9e3bf4ecfc44eedd624f26656b6736a3f093b073,18,5.0,0.011620933383981043,430.2580382134,NA,1.006187447932033185,1006187447932033200,Uniswap V3 100%|xStocks wrap V2 100%,
2026-09-18T19:30:17+00:00,2026-09-18T19:30+00:00,35373181225,ok,AVGOx,0x38bac69cbbd28156796e4163b2b6dcb81e336565,18,5.0,0.014067289033384568,355.4345110941,NA,1.004883768486276807,1004883768486276800,Uniswap V3 100%|xStocks wrap V2 100%,
2026-09-18T19:30:18+00:00,2026-09-18T19:30+00:00,35373181225,ok,IWMx,0xdadfb355c6110eda0908740d52c834d6c2bcddc7,18,5.0,0.01764551998079545,283.3580424630,NA,1.004730320498842033,1004730320498842000,Uniswap V3 100%|xStocks wrap V2 100%,
2026-09-18T19:30:20+00:00,2026-09-18T19:30+00:00,35373181225,ok,HOODx,0xe1385fdd5ffb10081cd52c56584f25efa9084015,18,5.0,0.04181896760209567,119.5629707451,NA,1.,1000000000000000000,Uniswap V3 100%|xStocks wrap V2 100%,
2026-09-18T19:30:22+00:00,2026-09-18T19:30+00:00,35373181225,ok,ASMLx,0xc0b417e7f83db438631eb5e096684dd742e5294f,18,5.0,0.003027346783750594,1651.6112481192,NA,1.002866334414662441,1002866334414662400,Uniswap V3 100%|xStocks wrap V2 100%,
2026-09-18T19:35:00+00:00,2026-09-18T19:35+00:00,35373181225,ok,NVDAx,0xc845b2894dbddd03858fd2d643b4ef725fe0849d,18,5.0,0.022753911315977506,219.7424403465,NA,1.001701196801074056,1001701196801074000,Uniswap V4 100%|Uniswap V3 100%|xStocks wrap V2 100%,
2026-09-18T19:35:01+00:00,2026-09-18T19:35+00:00,35373181225,ok,MSTRx,0xae2f842ef90c0d5213259ab82639d5bbf649b08e,18,5.0,0.032734679223433587,152.7432105222,NA,1.,1000000000000000000,Uniswap V4 100%|Uniswap V3 100%|xStocks wrap V2 100%,
2026-09-18T19:35:03+00:00,2026-09-18T19:35+00:00,35373181225,ok,SPYx,0x90a2a4c76b5d8c0bc892a69ea28aa775a8f2dd48,18,5.0,0.006568631262276749,761.1935881855,NA,1.005714560286254056,1005714560286254000,Uniswap V4 100%|Uniswap V3 100%|xStocks wrap V2 100%,
2026-09-18T19:35:05+00:00,2026-09-18T19:35+00:00,35373181225,ok,QQQx,0xa753a7395cae905cd615da0b82a53e0560f250af,18,5.0,0.006953025522819575,719.1114118005,NA,1.002725029655105127,1002725029655105100,Uniswap V3 100%|xStocks wrap V2 100%,
2026-09-18T19:35:07+00:00,2026-09-18T19:35+00:00,35373181225,ok,GOOGLx,0xe92f673ca36c5e2efd2de7628f815f84807e803f,18,5.0,0.014213110304197151,351.7878840723,NA,1.002377250060348723,1002377250060348700,Uniswap V3 100%|xStocks wrap V2 100%,
2026-09-18T19:35:08+00:00,2026-09-18T19:35+00:00,35373181225,ok,BRK.Bx,0x12992613fdd35abe95dec5a4964331b1ee23b50d,18,5.0,0.009818225355684534,509.2570010226,NA,1.,1000000000000000000,Uniswap V4 100%|Uniswap V3 100%|xStocks wrap V2 100%,
2026-09-18T19:35:10+00:00,2026-09-18T19:35+00:00,35373181225,ok,TSLAx,0x8ad3c73f833d3f9a523ab01476625f269aeb7cf0,18,5.0,0.013751970286872374,363.5842643416,NA,1.,1000000000000000000,Uniswap V3 100%|xStocks wrap V2 100%,
2026-09-18T19:35:12+00:00,2026-09-18T19:35+00:00,35373181225,ok,AAPLx,0x9d275685dc284c8eb1c79f6aba7a63dc75ec890a,18,5.0,0.014874450720023823,336.1468664701,NA,1.003269012539818705,1003269012539818700,Uniswap V4 100%|Uniswap V3 100%|xStocks wrap V2 100%,
2026-09-18T19:35:13+00:00,2026-09-18T19:35+00:00,35373181225,ok,COINx,0x364f210f430ec2448fc68a49203040f6124096f0,18,5.0,0.025695754553051564,194.5846731092,NA,1.,1000000000000000000,Uniswap V3 100%|xStocks wrap V2 100%,
2026-09-18T19:35:15+00:00,2026-09-18T19:35+00:00,35373181225,ok,TSMx,0x9e3bf4ecfc44eedd624f26656b6736a3f093b073,18,5.0,0.011620933383981043,430.2580382134,NA,1.006187447932033185,1006187447932033200,Uniswap V3 100%|xStocks wrap V2 100%,
2026-09-18T19:35:16+00:00,2026-09-18T19:35+00:00,35373181225,ok,AVGOx,0x38bac69cbbd28156796e4163b2b6dcb81e336565,18,5.0,0.014067289033384568,355.4345110941,NA,1.004883768486276807,1004883768486276800,Uniswap V3 100%|xStocks wrap V2 100%,
2026-09-18T19:35:18+00:00,2026-09-18T19:35+00:00,35373181225,ok,IWMx,0xdadfb355c6110eda0908740d52c834d6c2bcddc7,18,5.0,0.01764551998079545,283.3580424630,NA,1.004730320498842033,1004730320498842000,Uniswap V3 100%|xStocks wrap V2 100%,
2026-09-18T19:35:20+00:00,2026-09-18T19:35+00:00,35373181225,ok,HOODx,0xe1385fdd5ffb10081cd52c56584f25efa9084015,18,5.0,0.04181896760209567,119.5629707451,NA,1.,1000000000000000000,Uniswap V3 100%|xStocks wrap V2 100%,
2026-09-18T19:35:22+00:00,2026-09-18T19:35+00:00,35373181225,ok,ASMLx,0xc0b417e7f83db438631eb5e096684dd742e5294f,18,5.0,0.003025307743080693,1652.7244249567,NA,1.002866334414662441,1002866334414662400,Uniswap V3 100%|xStocks wrap V2 100%,
2026-09-18T19:40:00+00:00,2026-09-18T19:40+00:00,35373181225,ok,NVDAx,0xc845b2894dbddd03858fd2d643b4ef725fe0849d,18,5.0,0.022753911315977506,219.7424403465,NA,1.001701196801074056,1001701196801074000,Uniswap V4 100%|Uniswap V3 100%|xStocks wrap V2 100%,
2026-09-18T19:40:01+00:00,2026-09-18T19:40+00:00,35373181225,ok,MSTRx,0xae2f842ef90c0d5213259ab82639d5bbf649b08e,18,5.0,0.03274062652037265,152.7154648946,NA,1.,1000000000000000000,Uniswap V4 100%|Uniswap V3 100%|xStocks wrap V2 100%,
2026-09-18T19:40:03+00:00,2026-09-18T19:40+00:00,35373181225,ok,SPYx,0x90a2a4c76b5d8c0bc892a69ea28aa775a8f2dd48,18,5.0,0.006568631262276749,761.1935881855,NA,1.005714560286254056,1005714560286254000,Uniswap V4 100%|Uniswap V3 100%|xStocks wrap V2 100%,
2026-09-18T19:40:05+00:00,2026-09-18T19:40+00:00,35373181225,ok,QQQx,0xa753a7395cae905cd615da0b82a53e0560f250af,18,5.0,0.006953025522819575,719.1114118005,NA,1.002725029655105127,1002725029655105100,Uniswap V3 100%|xStocks wrap V2 100%,
2026-09-18T19:40:07+00:00,2026-09-18T19:40+00:00,35373181225,ok,GOOGLx,0xe92f673ca36c5e2efd2de7628f815f84807e803f,18,5.0,0.014213110304197151,351.7878840723,NA,1.002377250060348723,1002377250060348700,Uniswap V3 100%|xStocks wrap V2 100%,
2026-09-18T19:40:08+00:00,2026-09-18T19:40+00:00,35373181225,ok,BRK.Bx,0x12992613fdd35abe95dec5a4964331b1ee23b50d,18,5.0,0.009818225355684534,509.2570010226,NA,1.,1000000000000000000,Uniswap V4 100%|Uniswap V3 100%|xStocks wrap V2 100%,
2026-09-18T19:40:10+00:00,2026-09-18T19:40+00:00,35373181225,ok,TSLAx,0x8ad3c73f833d3f9a523ab01476625f269aeb7cf0,18,5.0,0.013799453952317575,362.3331776226,NA,1.,1000000000000000000,Uniswap V3 100%|xStocks wrap V2 100%,
2026-09-18T19:40:12+00:00,2026-09-18T19:40+00:00,35373181225,ok,AAPLx,0x9d275685dc284c8eb1c79f6aba7a63dc75ec890a,18,5.0,0.01487434909112618,336.1491631915,NA,1.003269012539818705,1003269012539818700,Uniswap V4 100%|Uniswap V3 100%|xStocks wrap V2 100%,
2026-09-18T19:40:13+00:00,2026-09-18T19:40+00:00,35373181225,ok,COINx,0x364f210f430ec2448fc68a49203040f6124096f0,18,5.0,0.02569637201577266,194.5799973993,NA,1.,1000000000000000000,CurveNG 100%|ElfomoFi 100%|Uniswap V3 100%|xStocks wrap V2 100%,
2026-09-18T19:40:15+00:00,2026-09-18T19:40+00:00,35373181225,ok,TSMx,0x9e3bf4ecfc44eedd624f26656b6736a3f093b073,18,5.0,0.011617016986432268,430.4030893507,NA,1.006187447932033185,1006187447932033200,Uniswap V3 100%|xStocks wrap V2 100%,
2026-09-18T19:40:17+00:00,2026-09-18T19:40+00:00,35373181225,ok,AVGOx,0x38bac69cbbd28156796e4163b2b6dcb81e336565,18,5.0,0.014060276862929029,355.6117741311,NA,1.004883768486276807,1004883768486276800,Uniswap V3 100%|xStocks wrap V2 100%,
2026-09-18T19:40:19+00:00,2026-09-18T19:40+00:00,35373181225,ok,IWMx,0xdadfb355c6110eda0908740d52c834d6c2bcddc7,18,5.0,0.01764551998079545,283.3580424630,NA,1.004730320498842033,1004730320498842000,Uniswap V3 100%|xStocks wrap V2 100%,
2026-09-18T19:40:20+00:00,2026-09-18T19:40+00:00,35373181225,ok,HOODx,0xe1385fdd5ffb10081cd52c56584f25efa9084015,18,5.0,0.04185973973941693,119.4465142671,NA,1.,1000000000000000000,Uniswap V3 100%|xStocks wrap V2 100%,
2026-09-18T19:40:22+00:00,2026-09-18T19:40+00:00,35373181225,ok,ASMLx,0xc0b417e7f83db438631eb5e096684dd742e5294f,18,5.0,0.003017780218090303,1656.8469665309,NA,1.002866334414662441,1002866334414662400,Uniswap V3 100%|xStocks wrap V2 100%,
2026-09-18T19:45:00+00:00,2026-09-18T19:45+00:00,35373181225,ok,NVDAx,0xc845b2894dbddd03858fd2d643b4ef725fe0849d,18,5.0,0.022753765622842734,219.7438473648,NA,1.001701196801074056,1001701196801074000,Uniswap V4 100%|Uniswap V3 100%|xStocks wrap V2 100%,
2026-09-18T19:45:01+00:00,2026-09-18T19:45+00:00,35373181225,ok,MSTRx,0xae2f842ef90c0d5213259ab82639d5bbf649b08e,18,5.0,0.032552474742477779,153.5981531221,NA,1.,1000000000000000000,Uniswap V3 100%|xStocks wrap V2 100%,
2026-09-18T19:45:03+00:00,2026-09-18T19:45+00:00,35373181225,ok,SPYx,0x90a2a4c76b5d8c0bc892a69ea28aa775a8f2dd48,18,5.0,0.006568589203349547,761.1984621371,NA,1.005714560286254056,1005714560286254000,Uniswap V4 100%|Uniswap V3 100%|xStocks wrap V2 100%,
2026-09-18T19:45:05+00:00,2026-09-18T19:45+00:00,35373181225,ok,QQQx,0xa753a7395cae905cd615da0b82a53e0560f250af,18,5.0,0.00695007460799217,719.4167375197,NA,1.002725029655105127,1002725029655105100,Uniswap V3 100%|xStocks wrap V2 100%,
2026-09-18T19:45:07+00:00,2026-09-18T19:45+00:00,35373181225,ok,GOOGLx,0xe92f673ca36c5e2efd2de7628f815f84807e803f,18,5.0,0.01421542470061055,351.7306099047,NA,1.002377250060348723,1002377250060348700,Uniswap V3 100%|xStocks wrap V2 100%,
2026-09-18T19:45:09+00:00,2026-09-18T19:45+00:00,35373181225,ok,BRK.Bx,0x12992613fdd35abe95dec5a4964331b1ee23b50d,18,5.0,0.009818162489716571,509.2602618094,NA,1.,1000000000000000000,Uniswap V4 100%|Uniswap V3 100%|xStocks wrap V2 100%,
2026-09-18T19:45:10+00:00,2026-09-18T19:45+00:00,35373181225,ok,TSLAx,0x8ad3c73f833d3f9a523ab01476625f269aeb7cf0,18,5.0,0.01379729603472787,362.3898470697,NA,1.,1000000000000000000,Uniswap V3 100%|xStocks wrap V2 100%,
2026-09-18T19:45:12+00:00,2026-09-18T19:45+00:00,35373181225,ok,AAPLx,0x9d275685dc284c8eb1c79f6aba7a63dc75ec890a,18,5.0,0.014875216123328911,336.1295700543,NA,1.003269012539818705,1003269012539818700,Uniswap V4 100%|Uniswap V3 100%|xStocks wrap V2 100%,
2026-09-18T19:45:14+00:00,2026-09-18T19:45+00:00,35373181225,ok,COINx,0x364f210f430ec2448fc68a49203040f6124096f0,18,5.0,0.025717338128652723,194.4213656556,NA,1.,1000000000000000000,Uniswap V3 100%|xStocks wrap V2 100%,
2026-09-18T19:45:16+00:00,2026-09-18T19:45+00:00,35373181225,ok,TSMx,0x9e3bf4ecfc44eedd624f26656b6736a3f093b073,18,5.0,0.011599416912598822,431.0561502940,NA,1.006187447932033185,1006187447932033200,Uniswap V3 100%|xStocks wrap V2 100%,
2026-09-18T19:45:17+00:00,2026-09-18T19:45+00:00,35373181225,ok,AVGOx,0x38bac69cbbd28156796e4163b2b6dcb81e336565,18,5.0,0.014060276862929029,355.6117741311,NA,1.004883768486276807,1004883768486276800,Uniswap V3 100%|xStocks wrap V2 100%,
2026-09-18T19:45:19+00:00,2026-09-18T19:45+00:00,35373181225,ok,IWMx,0xdadfb355c6110eda0908740d52c834d6c2bcddc7,18,5.0,0.017638963675566624,283.4633650800,NA,1.004730320498842033,1004730320498842000,Uniswap V3 100%|xStocks wrap V2 100%,
2026-09-18T19:45:21+00:00,2026-09-18T19:45+00:00,35373181225,ok,HOODx,0xe1385fdd5ffb10081cd52c56584f25efa9084015,18,5.0,0.041922756634934395,119.2669662336,NA,1.,1000000000000000000,Uniswap V3 100%|xStocks wrap V2 100%,
2026-09-18T19:45:23+00:00,2026-09-18T19:45+00:00,35373181225,ok,ASMLx,0xc0b417e7f83db438631eb5e096684dd742e5294f,18,5.0,0.003017103486126847,1657.2185949176,NA,1.002866334414662441,1002866334414662400,Uniswap V3 100%|xStocks wrap V2 100%,
2026-09-18T19:50:00+00:00,2026-09-18T19:50+00:00,35373181225,ok,NVDAx,0xc845b2894dbddd03858fd2d643b4ef725fe0849d,18,5.0,0.022757605722585034,219.7067679680,NA,1.001701196801074056,1001701196801074000,CurveNG 100%|Uniswap V4 100%|Uniswap V3 100%|xStocks wrap V2 100%,
2026-09-18T19:50:04+00:00,2026-09-18T19:50+00:00,35373181225,ok,MSTRx,0xae2f842ef90c0d5213259ab82639d5bbf649b08e,18,5.0,0.032557913094160749,153.5724966628,NA,1.,1000000000000000000,CurveNG 100%|Uniswap V4 100%|Uniswap V3 100%|xStocks wrap V2 100%,
2026-09-18T19:50:06+00:00,2026-09-18T19:50+00:00,35373181225,ok,SPYx,0x90a2a4c76b5d8c0bc892a69ea28aa775a8f2dd48,18,5.0,0.006568660177789201,761.1902373800,NA,1.005714560286254056,1005714560286254000,CurveNG 100%|Uniswap V4 100%|Uniswap V3 100%|xStocks wrap V2 100%,
2026-09-18T19:50:07+00:00,2026-09-18T19:50+00:00,35373181225,ok,QQQx,0xa753a7395cae905cd615da0b82a53e0560f250af,18,5.0,0.006947125571350916,719.7221280438,NA,1.002725029655105127,1002725029655105100,Uniswap V3 100%|xStocks wrap V2 100%,
2026-09-18T19:50:09+00:00,2026-09-18T19:50+00:00,35373181225,ok,GOOGLx,0xe92f673ca36c5e2efd2de7628f815f84807e803f,18,5.0,0.014240898006126126,351.1014542657,NA,1.002377250060348723,1002377250060348700,CurveNG 100%|Caliber propAMM 100%|xStocks wrap V2 100%,
2026-09-18T19:50:11+00:00,2026-09-18T19:50+00:00,35373181225,ok,BRK.Bx,0x12992613fdd35abe95dec5a4964331b1ee23b50d,18,5.0,0.009818268576037506,509.2547592559,NA,1.,1000000000000000000,CurveNG 100%|Uniswap V4 100%|Uniswap V3 100%|xStocks wrap V2 100%,
2026-09-18T19:50:13+00:00,2026-09-18T19:50+00:00,35373181225,ok,TSLAx,0x8ad3c73f833d3f9a523ab01476625f269aeb7cf0,18,5.0,0.013698086824918637,365.0144771242,NA,1.,1000000000000000000,Uniswap V3 100%|xStocks wrap V2 100%,
2026-09-18T19:50:14+00:00,2026-09-18T19:50+00:00,35373181225,ok,AAPLx,0x9d275685dc284c8eb1c79f6aba7a63dc75ec890a,18,5.0,0.014869987961103543,336.2477503734,NA,1.003269012539818705,1003269012539818700,CurveNG 100%|Uniswap V4 100%|Uniswap V3 100%|xStocks wrap V2 100%,
2026-09-18T19:50:16+00:00,2026-09-18T19:50+00:00,35373181225,ok,COINx,0x364f210f430ec2448fc68a49203040f6124096f0,18,5.0,0.025740694713447559,194.2449516480,NA,1.,1000000000000000000,Uniswap V3 100%|xStocks wrap V2 100%,
2026-09-18T19:50:18+00:00,2026-09-18T19:50+00:00,35373181225,ok,TSMx,0x9e3bf4ecfc44eedd624f26656b6736a3f093b073,18,5.0,0.011599416912598822,431.0561502940,NA,1.006187447932033185,1006187447932033200,Uniswap V3 100%|xStocks wrap V2 100%,
2026-09-18T19:50:20+00:00,2026-09-18T19:50+00:00,35373181225,ok,AVGOx,0x38bac69cbbd28156796e4163b2b6dcb81e336565,18,5.0,0.014007753502707969,356.9451731881,NA,1.004883768486276807,1004883768486276800,Uniswap V3 100%|xStocks wrap V2 100%,
2026-09-18T19:50:22+00:00,2026-09-18T19:50+00:00,35373181225,ok,IWMx,0xdadfb355c6110eda0908740d52c834d6c2bcddc7,18,5.0,0.017629135477630974,283.6213951810,NA,1.004730320498842033,1004730320498842000,Uniswap V3 100%|xStocks wrap V2 100%,
2026-09-18T19:50:23+00:00,2026-09-18T19:50+00:00,35373181225,ok,HOODx,0xe1385fdd5ffb10081cd52c56584f25efa9084015,18,5.0,0.041906949589135767,119.3119530059,NA,1.,1000000000000000000,Uniswap V3 100%|xStocks wrap V2 100%,
2026-09-18T19:50:25+00:00,2026-09-18T19:50+00:00,35373181225,ok,ASMLx,0xc0b417e7f83db438631eb5e096684dd742e5294f,18,5.0,0.003019465216056606,1655.9223710912,NA,1.002866334414662441,1002866334414662400,Uniswap V3 100%|xStocks wrap V2 100%,
2026-09-18T19:55:00+00:00,2026-09-18T19:55+00:00,35373181225,ok,NVDAx,0xc845b2894dbddd03858fd2d643b4ef725fe0849d,18,5.0,0.022695147725269735,220.3114101977,NA,1.001701196801074056,1001701196801074000,Uniswap V4 100%|Uniswap V3 100%|xStocks wrap V2 100%,
2026-09-18T19:55:01+00:00,2026-09-18T19:55+00:00,35373181225,ok,MSTRx,0xae2f842ef90c0d5213259ab82639d5bbf649b08e,18,5.0,0.032576335188301761,153.4856505834,NA,1.,1000000000000000000,Uniswap V4 100%|Uniswap V3 100%|xStocks wrap V2 100%,
2026-09-18T19:55:03+00:00,2026-09-18T19:55+00:00,35373181225,ok,SPYx,0x90a2a4c76b5d8c0bc892a69ea28aa775a8f2dd48,18,5.0,0.006568505085495141,761.2082102275,NA,1.005714560286254056,1005714560286254000,Uniswap V4 100%|Uniswap V3 100%|xStocks wrap V2 100%,
2026-09-18T19:55:05+00:00,2026-09-18T19:55+00:00,35373181225,ok,QQQx,0xa753a7395cae905cd615da0b82a53e0560f250af,18,5.0,0.006939575576640744,720.5051583890,NA,1.002725029655105127,1002725029655105100,Uniswap V3 100%|xStocks wrap V2 100%,
2026-09-18T19:55:06+00:00,2026-09-18T19:55+00:00,35373181225,ok,GOOGLx,0xe92f673ca36c5e2efd2de7628f815f84807e803f,18,5.0,0.014277769610926781,350.1947528397,NA,1.002377250060348723,1002377250060348700,Uniswap V3 100%|xStocks wrap V2 100%,
2026-09-18T19:55:08+00:00,2026-09-18T19:55+00:00,35373181225,ok,BRK.Bx,0x12992613fdd35abe95dec5a4964331b1ee23b50d,18,5.0,0.00981797192725118,509.2701463244,NA,1.,1000000000000000000,CurveNG 100%|Uniswap V4 100%|Uniswap V3 100%|xStocks wrap V2 100%,
2026-09-18T19:55:10+00:00,2026-09-18T19:55+00:00,35373181225,ok,TSLAx,0x8ad3c73f833d3f9a523ab01476625f269aeb7cf0,18,5.0,0.013700033961209378,364.9625989364,NA,1.,1000000000000000000,Uniswap V3 100%|xStocks wrap V2 100%,
2026-09-18T19:55:12+00:00,2026-09-18T19:55+00:00,35373181225,ok,AAPLx,0x9d275685dc284c8eb1c79f6aba7a63dc75ec890a,18,5.0,0.014858708235351887,336.5030069104,NA,1.003269012539818705,1003269012539818700,CurveNG 100%|Uniswap V4 100%|Uniswap V3 100%|xStocks wrap V2 100%,
2026-09-18T19:55:13+00:00,2026-09-18T19:55+00:00,35373181225,ok,COINx,0x364f210f430ec2448fc68a49203040f6124096f0,18,5.0,0.025872206522611647,193.2575791566,NA,1.,1000000000000000000,Uniswap V3 100%|xStocks wrap V2 100%,
2026-09-18T19:55:15+00:00,2026-09-18T19:55+00:00,35373181225,ok,TSMx,0x9e3bf4ecfc44eedd624f26656b6736a3f093b073,18,5.0,0.011562672499657208,432.4259811171,NA,1.006187447932033185,1006187447932033200,Uniswap V3 100%|xStocks wrap V2 100%,
2026-09-18T19:55:17+00:00,2026-09-18T19:55+00:00,35373181225,ok,AVGOx,0x38bac69cbbd28156796e4163b2b6dcb81e336565,18,5.0,0.014010335668437568,356.8793866420,NA,1.004883768486276807,1004883768486276800,Uniswap V3 100%|xStocks wrap V2 100%,
2026-09-18T19:55:19+00:00,2026-09-18T19:55+00:00,35373181225,ok,IWMx,0xdadfb355c6110eda0908740d52c834d6c2bcddc7,18,5.0,0.017629135477630974,283.6213951810,NA,1.004730320498842033,1004730320498842000,Uniswap V3 100%|xStocks wrap V2 100%,
2026-09-18T19:55:20+00:00,2026-09-18T19:55+00:00,35373181225,ok,HOODx,0xe1385fdd5ffb10081cd52c56584f25efa9084015,18,5.0,0.041906949589135767,119.3119530059,NA,1.,1000000000000000000,Uniswap V3 100%|xStocks wrap V2 100%,
2026-09-18T19:55:22+00:00,2026-09-18T19:55+00:00,35373181225,ok,ASMLx,0xc0b417e7f83db438631eb5e096684dd742e5294f,18,5.0,0.002997784136622395,1667.8986118172,NA,1.002866334414662441,1002866334414662400,Uniswap V3 100%|xStocks wrap V2 100%,
2026-09-18T20:00:00+00:00,2026-09-18T20:00+00:00,35373181225,ok,NVDAx,0xc845b2894dbddd03858fd2d643b4ef725fe0849d,18,5.0,0.022521718267215957,222.0079276668,NA,1.001701196801074056,1001701196801074000,CurveNG 100%|Uniswap V4 100%|Uniswap V3 100%|xStocks wrap V2 100%,
2026-09-18T20:00:01+00:00,2026-09-18T20:00+00:00,35373181225,ok,MSTRx,0xae2f842ef90c0d5213259ab82639d5bbf649b08e,18,5.0,0.03251539892243651,153.7732940607,NA,1.,1000000000000000000,CurveNG 100%|Uniswap V4 100%|Uniswap V3 100%|xStocks wrap V2 100%,
2026-09-18T20:00:03+00:00,2026-09-18T20:00+00:00,35373181225,ok,SPYx,0x90a2a4c76b5d8c0bc892a69ea28aa775a8f2dd48,18,5.0,0.006568289533493224,761.2331908488,NA,1.005714560286254056,1005714560286254000,CurveNG 100%|Uniswap V4 100%|Uniswap V3 100%|xStocks wrap V2 100%,
2026-09-18T20:00:04+00:00,2026-09-18T20:00+00:00,35373181225,ok,QQQx,0xa753a7395cae905cd615da0b82a53e0560f250af,18,5.0,0.006933757816049971,721.1096973168,NA,1.002725029655105127,1002725029655105100,Uniswap V3 100%|xStocks wrap V2 100%,
2026-09-18T20:00:06+00:00,2026-09-18T20:00+00:00,35373181225,ok,GOOGLx,0xe92f673ca36c5e2efd2de7628f815f84807e803f,18,5.0,0.014317684415554833,349.2184807879,NA,1.002377250060348723,1002377250060348700,Uniswap V3 100%|xStocks wrap V2 100%,
2026-09-18T20:00:08+00:00,2026-09-18T20:00+00:00,35373181225,ok,BRK.Bx,0x12992613fdd35abe95dec5a4964331b1ee23b50d,18,5.0,0.009817714569694807,509.2834961238,NA,1.,1000000000000000000,CurveNG 100%|Uniswap V4 100%|Uniswap V3 100%|xStocks wrap V2 100%,
2026-09-18T20:00:09+00:00,2026-09-18T20:00+00:00,35373181225,ok,TSLAx,0x8ad3c73f833d3f9a523ab01476625f269aeb7cf0,18,5.0,0.013710872997689003,364.6740802604,NA,1.,1000000000000000000,Uniswap V3 100%|xStocks wrap V2 100%,
2026-09-18T20:00:11+00:00,2026-09-18T20:00+00:00,35373181225,ok,AAPLx,0x9d275685dc284c8eb1c79f6aba7a63dc75ec890a,18,5.0,0.0148717368461078,336.2082083444,NA,1.003269012539818705,1003269012539818700,CurveNG 100%|Uniswap V4 100%|Uniswap V3 100%|xStocks wrap V2 100%,
2026-09-18T20:00:13+00:00,2026-09-18T20:00+00:00,35373181225,ok,COINx,0x364f210f430ec2448fc68a49203040f6124096f0,18,5.0,0.025786063313546478,193.9031925580,NA,1.,1000000000000000000,CurveNG 100%|ElfomoFi 100%|Uniswap V3 100%|xStocks wrap V2 100%,
2026-09-18T20:00:14+00:00,2026-09-18T20:00+00:00,35373181225,ok,TSMx,0x9e3bf4ecfc44eedd624f26656b6736a3f093b073,18,5.0,0.011533836939334574,433.5070823611,NA,1.006187447932033185,1006187447932033200,Uniswap V3 100%|xStocks wrap V2 100%,
2026-09-18T20:00:16+00:00,2026-09-18T20:00+00:00,35373181225,ok,AVGOx,0x38bac69cbbd28156796e4163b2b6dcb81e336565,18,5.0,0.013994081136301517,357.2939124263,NA,1.004883768486276807,1004883768486276800,Uniswap V3 100%|xStocks wrap V2 100%,
2026-09-18T20:00:17+00:00,2026-09-18T20:00+00:00,35373181225,ok,IWMx,0xdadfb355c6110eda0908740d52c834d6c2bcddc7,18,5.0,0.017629135477630974,283.6213951810,NA,1.004730320498842033,1004730320498842000,Uniswap V3 100%|xStocks wrap V2 100%,
2026-09-18T20:00:19+00:00,2026-09-18T20:00+00:00,35373181225,ok,HOODx,0xe1385fdd5ffb10081cd52c56584f25efa9084015,18,5.0,0.041720606571952659,119.8448539183,NA,1.,1000000000000000000,Uniswap V3 100%|xStocks wrap V2 100%,
2026-09-18T20:00:21+00:00,2026-09-18T20:00+00:00,35373181225,ok,ASMLx,0xc0b417e7f83db438631eb5e096684dd742e5294f,18,5.0,0.002983348146308361,1675.9693320362,NA,1.002866334414662441,1002866334414662400,Uniswap V3 100%|xStocks wrap V2 100%,
2026-09-18T20:05:00+00:00,2026-09-18T20:05+00:00,35373181225,ok,NVDAx,0xc845b2894dbddd03858fd2d643b4ef725fe0849d,18,5.0,0.022522637630881047,221.9988654057,NA,1.001701196801074056,1001701196801074000,CurveNG 100%|Uniswap V4 100%|Uniswap V3 100%|xStocks wrap V2 100%,
2026-09-18T20:05:01+00:00,2026-09-18T20:05+00:00,35373181225,ok,MSTRx,0xae2f842ef90c0d5213259ab82639d5bbf649b08e,18,5.0,0.032601202208938078,153.3685772677,NA,1.,1000000000000000000,CurveNG 100%|Uniswap V4 100%|Uniswap V3 100%|xStocks wrap V2 100%,
2026-09-18T20:05:03+00:00,2026-09-18T20:05+00:00,35373181225,ok,SPYx,0x90a2a4c76b5d8c0bc892a69ea28aa775a8f2dd48,18,5.0,0.006563946438415099,761.7368677383,NA,1.005714560286254056,1005714560286254000,CurveNG 100%|Uniswap V4 100%|Uniswap V3 100%|xStocks wrap V2 100%,
2026-09-18T20:05:05+00:00,2026-09-18T20:05+00:00,35373181225,ok,QQQx,0xa753a7395cae905cd615da0b82a53e0560f250af,18,5.0,0.006932143893468621,721.2775840835,NA,1.002725029655105127,1002725029655105100,Uniswap V3 100%|xStocks wrap V2 100%,
2026-09-18T20:05:07+00:00,2026-09-18T20:05+00:00,35373181225,ok,GOOGLx,0xe92f673ca36c5e2efd2de7628f815f84807e803f,18,5.0,0.014297294448301887,349.7165158121,NA,1.002377250060348723,1002377250060348700,Uniswap V3 100%|xStocks wrap V2 100%,
2026-09-18T20:05:08+00:00,2026-09-18T20:05+00:00,35373181225,ok,BRK.Bx,0x12992613fdd35abe95dec5a4964331b1ee23b50d,18,5.0,0.009818021041288654,509.2675987323,NA,1.,1000000000000000000,CurveNG 100%|Uniswap V4 100%|Uniswap V3 100%|xStocks wrap V2 100%,
2026-09-18T20:05:10+00:00,2026-09-18T20:05+00:00,35373181225,ok,TSLAx,0x8ad3c73f833d3f9a523ab01476625f269aeb7cf0,18,5.0,0.013719732436537952,364.4385940563,NA,1.,1000000000000000000,Uniswap V3 100%|xStocks wrap V2 100%,
2026-09-18T20:05:12+00:00,2026-09-18T20:05+00:00,35373181225,ok,AAPLx,0x9d275685dc284c8eb1c79f6aba7a63dc75ec890a,18,5.0,0.014898460320365606,335.6051492895,NA,1.003269012539818705,1003269012539818700,CurveNG 100%|Uniswap V4 100%|Uniswap V3 100%|xStocks wrap V2 100%,
2026-09-18T20:05:13+00:00,2026-09-18T20:05+00:00,35373181225,ok,COINx,0x364f210f430ec2448fc68a49203040f6124096f0,18,5.0,0.02578995371513099,193.8739423587,NA,1.,1000000000000000000,Uniswap V3 100%|xStocks wrap V2 100%,
2026-09-18T20:05:15+00:00,2026-09-18T20:05+00:00,35373181225,ok,TSMx,0x9e3bf4ecfc44eedd624f26656b6736a3f093b073,18,5.0,0.011527670859999142,433.7389625991,NA,1.006187447932033185,1006187447932033200,Uniswap V3 100%|xStocks wrap V2 100%,
2026-09-18T20:05:17+00:00,2026-09-18T20:05+00:00,35373181225,ok,AVGOx,0x38bac69cbbd28156796e4163b2b6dcb81e336565,18,5.0,0.013986176445154434,357.4958473895,NA,1.004883768486276807,1004883768486276800,Uniswap V3 100%|xStocks wrap V2 100%,
2026-09-18T20:05:18+00:00,2026-09-18T20:05+00:00,35373181225,ok,IWMx,0xdadfb355c6110eda0908740d52c834d6c2bcddc7,18,5.0,0.017629135477630974,283.6213951810,NA,1.004730320498842033,1004730320498842000,Uniswap V3 100%|xStocks wrap V2 100%,
2026-09-18T20:05:20+00:00,2026-09-18T20:05+00:00,35373181225,ok,HOODx,0xe1385fdd5ffb10081cd52c56584f25efa9084015,18,5.0,0.041721223597349547,119.8430815034,NA,1.,1000000000000000000,Uniswap V3 100%|xStocks wrap V2 100%,
2026-09-18T20:05:22+00:00,2026-09-18T20:05+00:00,35373181225,ok,ASMLx,0xc0b417e7f83db438631eb5e096684dd742e5294f,18,5.0,0.00298371965083193,1675.7606562017,NA,1.002866334414662441,1002866334414662400,Uniswap V3 100%|xStocks wrap V2 100%,
2026-09-18T20:10:00+00:00,2026-09-18T20:10+00:00,35373181225,ok,NVDAx,0xc845b2894dbddd03858fd2d643b4ef725fe0849d,18,5.0,0.022541555263945683,221.8125564742,NA,1.001701196801074056,1001701196801074000,CurveNG 100%|Uniswap V4 100%|Uniswap V3 100%|xStocks wrap V2 100%,
2026-09-18T20:10:01+00:00,2026-09-18T20:10+00:00,35373181225,ok,MSTRx,0xae2f842ef90c0d5213259ab82639d5bbf649b08e,18,5.0,0.03262060990603436,153.2773303259,NA,1.,1000000000000000000,CurveNG 100%|Uniswap V4 100%|Uniswap V3 100%|xStocks wrap V2 100%,
2026-09-18T20:10:03+00:00,2026-09-18T20:10+00:00,35373181225,ok,SPYx,0x90a2a4c76b5d8c0bc892a69ea28aa775a8f2dd48,18,5.0,0.00656206350000695,761.9554428260,NA,1.005714560286254056,1005714560286254000,CurveNG 100%|Uniswap V4 100%|Uniswap V3 100%|xStocks wrap V2 100%,
2026-09-18T20:10:05+00:00,2026-09-18T20:10+00:00,35373181225,ok,QQQx,0xa753a7395cae905cd615da0b82a53e0560f250af,18,5.0,0.006931717378647559,721.3219649436,NA,1.002725029655105127,1002725029655105100,Uniswap V3 100%|xStocks wrap V2 100%,
2026-09-18T20:10:06+00:00,2026-09-18T20:10+00:00,35373181225,ok,GOOGLx,0xe92f673ca36c5e2efd2de7628f815f84807e803f,18,5.0,0.014287846580570324,349.9477665724,NA,1.002377250060348723,1002377250060348700,Uniswap V3 100%|xStocks wrap V2 100%,
2026-09-18T20:10:08+00:00,2026-09-18T20:10+00:00,35373181225,ok,BRK.Bx,0x12992613fdd35abe95dec5a4964331b1ee23b50d,18,5.0,0.009818042651465141,509.2664777998,NA,1.,1000000000000000000,CurveNG 100%|Uniswap V4 100%|Uniswap V3 100%|xStocks wrap V2 100%,
2026-09-18T20:10:09+00:00,2026-09-18T20:10+00:00,35373181225,ok,TSLAx,0x8ad3c73f833d3f9a523ab01476625f269aeb7cf0,18,5.0,0.013719732436537952,364.4385940563,NA,1.,1000000000000000000,Uniswap V3 100%|xStocks wrap V2 100%,
2026-09-18T20:10:11+00:00,2026-09-18T20:10+00:00,35373181225,ok,AAPLx,0x9d275685dc284c8eb1c79f6aba7a63dc75ec890a,18,5.0,0.014897866988983644,335.6185153014,NA,1.003269012539818705,1003269012539818700,CurveNG 100%|Uniswap V4 100%|Uniswap V3 100%|xStocks wrap V2 100%,
2026-09-18T20:10:13+00:00,2026-09-18T20:10+00:00,35373181225,ok,COINx,0x364f210f430ec2448fc68a49203040f6124096f0,18,5.0,0.02578995371513099,193.8739423587,NA,1.,1000000000000000000,Uniswap V3 100%|xStocks wrap V2 100%,
2026-09-18T20:10:14+00:00,2026-09-18T20:10+00:00,35373181225,ok,TSMx,0x9e3bf4ecfc44eedd624f26656b6736a3f093b073,18,5.0,0.011527670859999142,433.7389625991,NA,1.006187447932033185,1006187447932033200,Uniswap V3 100%|xStocks wrap V2 100%,
2026-09-18T20:10:16+00:00,2026-09-18T20:10+00:00,35373181225,ok,AVGOx,0x38bac69cbbd28156796e4163b2b6dcb81e336565,18,5.0,0.013958401323632536,358.2072104156,NA,1.004883768486276807,1004883768486276800,Uniswap V3 100%|xStocks wrap V2 100%,
2026-09-18T20:10:18+00:00,2026-09-18T20:10+00:00,35373181225,ok,IWMx,0xdadfb355c6110eda0908740d52c834d6c2bcddc7,18,5.0,0.017629135477630974,283.6213951810,NA,1.004730320498842033,1004730320498842000,Uniswap V3 100%|xStocks wrap V2 100%,
2026-09-18T20:10:19+00:00,2026-09-18T20:10+00:00,35373181225,ok,HOODx,0xe1385fdd5ffb10081cd52c56584f25efa9084015,18,5.0,0.041721223597349547,119.8430815034,NA,1.,1000000000000000000,Uniswap V3 100%|xStocks wrap V2 100%,
2026-09-18T20:10:21+00:00,2026-09-18T20:10+00:00,35373181225,ok,ASMLx,0xc0b417e7f83db438631eb5e096684dd742e5294f,18,5.0,0.00298371965083193,1675.7606562017,NA,1.002866334414662441,1002866334414662400,Uniswap V3 100%|xStocks wrap V2 100%,
2026-09-18T20:15:00+00:00,2026-09-18T20:15+00:00,35373181225,ok,NVDAx,0xc845b2894dbddd03858fd2d643b4ef725fe0849d,18,5.0,0.022548049538602115,221.7486701650,NA,1.001701196801074056,1001701196801074000,CurveNG 100%|Uniswap V4 100%|Uniswap V3 100%|xStocks wrap V2 100%,
2026-09-18T20:15:01+00:00,2026-09-18T20:15+00:00,35373181225,ok,MSTRx,0xae2f842ef90c0d5213259ab82639d5bbf649b08e,18,5.0,0.032600910459396809,153.3699497818,NA,1.,1000000000000000000,CurveNG 100%|Uniswap V4 100%|Uniswap V3 100%|xStocks wrap V2 100%,
2026-09-18T20:15:03+00:00,2026-09-18T20:15+00:00,35373181225,ok,SPYx,0x90a2a4c76b5d8c0bc892a69ea28aa775a8f2dd48,18,5.0,0.006560242706287169,762.1669233683,NA,1.005714560286254056,1005714560286254000,CurveNG 100%|Uniswap V4 100%|Uniswap V3 100%|xStocks wrap V2 100%,
2026-09-18T20:15:05+00:00,2026-09-18T20:15+00:00,35373181225,ok,QQQx,0xa753a7395cae905cd615da0b82a53e0560f250af,18,5.0,0.006923657108884481,722.1617017377,NA,1.002725029655105127,1002725029655105100,Uniswap V3 100%|xStocks wrap V2 100%,
2026-09-18T20:15:07+00:00,2026-09-18T20:15+00:00,35373181225,ok,GOOGLx,0xe92f673ca36c5e2efd2de7628f815f84807e803f,18,5.0,0.014285148936845392,350.0138515955,NA,1.002377250060348723,1002377250060348700,Uniswap V3 100%|xStocks wrap V2 100%,
2026-09-18T20:15:09+00:00,2026-09-18T20:15+00:00,35373181225,ok,BRK.Bx,0x12992613fdd35abe95dec5a4964331b1ee23b50d,18,5.0,0.009817826549700256,509.2776873465,NA,1.,1000000000000000000,CurveNG 100%|Uniswap V4 100%|Uniswap V3 100%|xStocks wrap V2 100%,
2026-09-18T20:15:11+00:00,2026-09-18T20:15+00:00,35373181225,ok,TSLAx,0x8ad3c73f833d3f9a523ab01476625f269aeb7cf0,18,5.0,0.013720194467780774,364.4263214885,NA,1.,1000000000000000000,Uniswap V3 100%|xStocks wrap V2 100%,
2026-09-18T20:15:12+00:00,2026-09-18T20:15+00:00,35373181225,ok,AAPLx,0x9d275685dc284c8eb1c79f6aba7a63dc75ec890a,18,5.0,0.014897172876412026,335.6341529685,NA,1.003269012539818705,1003269012539818700,CurveNG 100%|Uniswap V4 100%|Uniswap V3 100%|xStocks wrap V2 100%,
2026-09-18T20:15:14+00:00,2026-09-18T20:15+00:00,35373181225,ok,COINx,0x364f210f430ec2448fc68a49203040f6124096f0,18,5.0,0.025786782128161007,193.8977874459,NA,1.,1000000000000000000,Uniswap V3 100%|xStocks wrap V2 100%,
2026-09-18T20:15:16+00:00,2026-09-18T20:15+00:00,35373181225,ok,TSMx,0x9e3bf4ecfc44eedd624f26656b6736a3f093b073,18,5.0,0.01152561700974193,433.8162543293,NA,1.006187447932033185,1006187447932033200,Uniswap V3 100%|xStocks wrap V2 100%,
2026-09-18T20:15:17+00:00,2026-09-18T20:15+00:00,35373181225,ok,AVGOx,0x38bac69cbbd28156796e4163b2b6dcb81e336565,18,5.0,0.013960332478560185,358.1576590442,NA,1.004883768486276807,1004883768486276800,Uniswap V3 100%|xStocks wrap V2 100%,
2026-09-18T20:15:19+00:00,2026-09-18T20:15+00:00,35373181225,ok,IWMx,0xdadfb355c6110eda0908740d52c834d6c2bcddc7,18,5.0,0.017619464956892306,283.7770620296,NA,1.004730320498842033,1004730320498842000,Uniswap V3 100%|xStocks wrap V2 100%,
2026-09-18T20:15:21+00:00,2026-09-18T20:15+00:00,35373181225,ok,HOODx,0xe1385fdd5ffb10081cd52c56584f25efa9084015,18,5.0,0.041647028656516705,120.0565841380,NA,1.,1000000000000000000,Uniswap V3 100%|xStocks wrap V2 100%,
2026-09-18T20:15:22+00:00,2026-09-18T20:15+00:00,35373181225,ok,ASMLx,0xc0b417e7f83db438631eb5e096684dd742e5294f,18,5.0,0.00298371965083193,1675.7606562017,NA,1.002866334414662441,1002866334414662400,Uniswap V3 100%|xStocks wrap V2 100%,
2026-09-18T20:20:00+00:00,2026-09-18T20:20+00:00,35373181225,ok,NVDAx,0xc845b2894dbddd03858fd2d643b4ef725fe0849d,18,5.0,0.022548145024374262,221.7477311147,NA,1.001701196801074056,1001701196801074000,Uniswap V4 100%|Uniswap V3 100%|xStocks wrap V2 100%,
2026-09-18T20:20:01+00:00,2026-09-18T20:20+00:00,35373181225,ok,MSTRx,0xae2f842ef90c0d5213259ab82639d5bbf649b08e,18,5.0,0.032514592937378996,153.7771058561,NA,1.,1000000000000000000,Uniswap V4 100%|Uniswap V3 100%|xStocks wrap V2 100%,
2026-09-18T20:20:03+00:00,2026-09-18T20:20+00:00,35373181225,ok,SPYx,0x90a2a4c76b5d8c0bc892a69ea28aa775a8f2dd48,18,5.0,0.006560144252564689,762.1783618623,NA,1.005714560286254056,1005714560286254000,Uniswap V4 100%|Uniswap V3 100%|xStocks wrap V2 100%,
2026-09-18T20:20:05+00:00,2026-09-18T20:20+00:00,35373181225,ok,QQQx,0xa753a7395cae905cd615da0b82a53e0560f250af,18,5.0,0.006923717570210364,722.1553954645,NA,1.002725029655105127,1002725029655105100,Uniswap V3 100%|xStocks wrap V2 100%,
2026-09-18T20:20:06+00:00,2026-09-18T20:20+00:00,35373181225,ok,GOOGLx,0xe92f673ca36c5e2efd2de7628f815f84807e803f,18,5.0,0.01428526081484181,350.0111103891,NA,1.002377250060348723,1002377250060348700,Uniswap V3 100%|xStocks wrap V2 100%,
2026-09-18T20:20:08+00:00,2026-09-18T20:20+00:00,35373181225,ok,BRK.Bx,0x12992613fdd35abe95dec5a4964331b1ee23b50d,18,5.0,0.009817679207587821,509.2853305021,NA,1.,1000000000000000000,Uniswap V4 100%|Uniswap V3 100%|xStocks wrap V2 100%,
2026-09-18T20:20:10+00:00,2026-09-18T20:20+00:00,35373181225,ok,TSLAx,0x8ad3c73f833d3f9a523ab01476625f269aeb7cf0,18,5.0,0.013720194467780774,364.4263214885,NA,1.,1000000000000000000,Uniswap V3 100%|xStocks wrap V2 100%,
2026-09-18T20:20:11+00:00,2026-09-18T20:20+00:00,35373181225,ok,AAPLx,0x9d275685dc284c8eb1c79f6aba7a63dc75ec890a,18,5.0,0.014896549583687819,335.6481963766,NA,1.003269012539818705,1003269012539818700,Uniswap V4 100%|Uniswap V3 100%|xStocks wrap V2 100%,
2026-09-18T20:20:13+00:00,2026-09-18T20:20+00:00,35373181225,ok,COINx,0x364f210f430ec2448fc68a49203040f6124096f0,18,5.0,0.025770628484656027,194.0193271956,NA,1.,1000000000000000000,Uniswap V3 100%|xStocks wrap V2 100%,
2026-09-18T20:20:14+00:00,2026-09-18T20:20+00:00,35373181225,ok,TSMx,0x9e3bf4ecfc44eedd624f26656b6736a3f093b073,18,5.0,0.01152561700974193,433.8162543293,NA,1.006187447932033185,1006187447932033200,Uniswap V3 100%|xStocks wrap V2 100%,
2026-09-18T20:20:16+00:00,2026-09-18T20:20+00:00,35373181225,ok,AVGOx,0x38bac69cbbd28156796e4163b2b6dcb81e336565,18,5.0,0.013961022209121005,358.1399646176,NA,1.004883768486276807,1004883768486276800,Uniswap V3 100%|xStocks wrap V2 100%,
2026-09-18T20:20:18+00:00,2026-09-18T20:20+00:00,35373181225,ok,IWMx,0xdadfb355c6110eda0908740d52c834d6c2bcddc7,18,5.0,0.017619464956892306,283.7770620296,NA,1.004730320498842033,1004730320498842000,Uniswap V3 100%|xStocks wrap V2 100%,
2026-09-18T20:20:20+00:00,2026-09-18T20:20+00:00,35373181225,ok,HOODx,0xe1385fdd5ffb10081cd52c56584f25efa9084015,18,5.0,0.041647028656516705,120.0565841380,NA,1.,1000000000000000000,Uniswap V3 100%|xStocks wrap V2 100%,
2026-09-18T20:20:21+00:00,2026-09-18T20:20+00:00,35373181225,ok,ASMLx,0xc0b417e7f83db438631eb5e096684dd742e5294f,18,5.0,0.00298371965083193,1675.7606562017,NA,1.002866334414662441,1002866334414662400,Uniswap V3 100%|xStocks wrap V2 100%,
2026-09-18T20:25:00+00:00,2026-09-18T20:25+00:00,35373181225,ok,NVDAx,0xc845b2894dbddd03858fd2d643b4ef725fe0849d,18,5.0,0.022548798839268899,221.7413014166,NA,1.001701196801074056,1001701196801074000,CurveNG 100%|Uniswap V4 100%|Uniswap V3 100%|xStocks wrap V2 100%,
2026-09-18T20:25:01+00:00,2026-09-18T20:25+00:00,35373181225,ok,MSTRx,0xae2f842ef90c0d5213259ab82639d5bbf649b08e,18,5.0,0.032597649951932074,153.3852902701,NA,1.,1000000000000000000,CurveNG 100%|Uniswap V4 100%|Uniswap V3 100%|xStocks wrap V2 100%,
2026-09-18T20:25:03+00:00,2026-09-18T20:25+00:00,35373181225,ok,SPYx,0x90a2a4c76b5d8c0bc892a69ea28aa775a8f2dd48,18,5.0,0.006560291276790259,762.1612805044,NA,1.005714560286254056,1005714560286254000,CurveNG 100%|Uniswap V4 100%|Uniswap V3 100%|xStocks wrap V2 100%,
2026-09-18T20:25:04+00:00,2026-09-18T20:25+00:00,35373181225,ok,QQQx,0xa753a7395cae905cd615da0b82a53e0560f250af,18,5.0,0.006923714825254901,722.1556817681,NA,1.002725029655105127,1002725029655105100,Uniswap V3 100%|xStocks wrap V2 100%,
2026-09-18T20:25:06+00:00,2026-09-18T20:25+00:00,35373181225,ok,GOOGLx,0xe92f673ca36c5e2efd2de7628f815f84807e803f,18,5.0,0.01428526081484181,350.0111103891,NA,1.002377250060348723,1002377250060348700,Uniswap V3 100%|xStocks wrap V2 100%,
2026-09-18T20:25:08+00:00,2026-09-18T20:25+00:00,35373181225,ok,BRK.Bx,0x12992613fdd35abe95dec5a4964331b1ee23b50d,18,5.0,0.00981789923847572,509.2739168075,NA,1.,1000000000000000000,CurveNG 100%|Uniswap V4 100%|Uniswap V3 100%|xStocks wrap V2 100%,
2026-09-18T20:25:09+00:00,2026-09-18T20:25+00:00,35373181225,ok,TSLAx,0x8ad3c73f833d3f9a523ab01476625f269aeb7cf0,18,5.0,0.013720194467780774,364.4263214885,NA,1.,1000000000000000000,Uniswap V3 100%|xStocks wrap V2 100%,
2026-09-18T20:25:11+00:00,2026-09-18T20:25+00:00,35373181225,ok,AAPLx,0x9d275685dc284c8eb1c79f6aba7a63dc75ec890a,18,5.0,0.014895312657461499,335.6760690414,NA,1.003269012539818705,1003269012539818700,CurveNG 100%|Uniswap V4 100%|Uniswap V3 100%|xStocks wrap V2 100%,
2026-09-18T20:25:12+00:00,2026-09-18T20:25+00:00,35373181225,ok,COINx,0x364f210f430ec2448fc68a49203040f6124096f0,18,5.0,0.02580402027141793,193.7682557760,NA,1.,1000000000000000000,CurveNG 100%|ElfomoFi 100%|Uniswap V3 100%|xStocks wrap V2 100%,
2026-09-18T20:25:14+00:00,2026-09-18T20:25+00:00,35373181225,ok,TSMx,0x9e3bf4ecfc44eedd624f26656b6736a3f093b073,18,5.0,0.01152561700974193,433.8162543293,NA,1.006187447932033185,1006187447932033200,Uniswap V3 100%|xStocks wrap V2 100%,
2026-09-18T20:25:16+00:00,2026-09-18T20:25+00:00,35373181225,ok,AVGOx,0x38bac69cbbd28156796e4163b2b6dcb81e336565,18,5.0,0.013961022209121005,358.1399646176,NA,1.004883768486276807,1004883768486276800,Uniswap V3 100%|xStocks wrap V2 100%,
2026-09-18T20:25:18+00:00,2026-09-18T20:25+00:00,35373181225,ok,IWMx,0xdadfb355c6110eda0908740d52c834d6c2bcddc7,18,5.0,0.017619464956892306,283.7770620296,NA,1.004730320498842033,1004730320498842000,Uniswap V3 100%|xStocks wrap V2 100%,
2026-09-18T20:25:19+00:00,2026-09-18T20:25+00:00,35373181225,ok,HOODx,0xe1385fdd5ffb10081cd52c56584f25efa9084015,18,5.0,0.041647028656516705,120.0565841380,NA,1.,1000000000000000000,Uniswap V3 100%|xStocks wrap V2 100%,
2026-09-18T20:25:21+00:00,2026-09-18T20:25+00:00,35373181225,ok,ASMLx,0xc0b417e7f83db438631eb5e096684dd742e5294f,18,5.0,0.002983734513114232,1675.7523090690,NA,1.002866334414662441,1002866334414662400,Uniswap V3 100%|xStocks wrap V2 100%,
2026-09-18T20:30:00+00:00,2026-09-18T20:30+00:00,35373181225,ok,NVDAx,0xc845b2894dbddd03858fd2d643b4ef725fe0849d,18,5.0,0.022548663478708739,221.7426325388,NA,1.001701196801074056,1001701196801074000,CurveNG 100%|Uniswap V4 100%|Uniswap V3 100%|xStocks wrap V2 100%,
2026-09-18T20:30:01+00:00,2026-09-18T20:30+00:00,35373181225,ok,MSTRx,0xae2f842ef90c0d5213259ab82639d5bbf649b08e,18,5.0,0.032597454272901408,153.3862110256,NA,1.,1000000000000000000,CurveNG 100%|Uniswap V4 100%|Uniswap V3 100%|xStocks wrap V2 100%,
2026-09-18T20:30:03+00:00,2026-09-18T20:30+00:00,35373181225,ok,SPYx,0x90a2a4c76b5d8c0bc892a69ea28aa775a8f2dd48,18,5.0,0.006558388950878339,762.3823529604,NA,1.005714560286254056,1005714560286254000,CurveNG 100%|Uniswap V4 100%|Uniswap V3 100%|xStocks wrap V2 100%,
2026-09-18T20:30:05+00:00,2026-09-18T20:30+00:00,35373181225,ok,QQQx,0xa753a7395cae905cd615da0b82a53e0560f250af,18,5.0,0.006923650223115756,722.1624199482,NA,1.002725029655105127,1002725029655105100,Uniswap V3 100%|xStocks wrap V2 100%,
2026-09-18T20:30:07+00:00,2026-09-18T20:30+00:00,35373181225,ok,GOOGLx,0xe92f673ca36c5e2efd2de7628f815f84807e803f,18,5.0,0.01428526081484181,350.0111103891,NA,1.002377250060348723,1002377250060348700,Uniswap V3 100%|xStocks wrap V2 100%,
2026-09-18T20:30:09+00:00,2026-09-18T20:30+00:00,35373181225,ok,BRK.Bx,0x12992613fdd35abe95dec5a4964331b1ee23b50d,18,5.0,0.009817840301630749,509.2769739970,NA,1.,1000000000000000000,CurveNG 100%|Uniswap V4 100%|Uniswap V3 100%|xStocks wrap V2 100%,
2026-09-18T20:30:10+00:00,2026-09-18T20:30+00:00,35373181225,ok,TSLAx,0x8ad3c73f833d3f9a523ab01476625f269aeb7cf0,18,5.0,0.013720194467780774,364.4263214885,NA,1.,1000000000000000000,Uniswap V3 100%|xStocks wrap V2 100%,
2026-09-18T20:30:12+00:00,2026-09-18T20:30+00:00,35373181225,ok,AAPLx,0x9d275685dc284c8eb1c79f6aba7a63dc75ec890a,18,5.0,0.014895474777922316,335.6724155856,NA,1.003269012539818705,1003269012539818700,CurveNG 100%|Uniswap V4 100%|Uniswap V3 100%|xStocks wrap V2 100%,
2026-09-18T20:30:14+00:00,2026-09-18T20:30+00:00,35373181225,ok,COINx,0x364f210f430ec2448fc68a49203040f6124096f0,18,5.0,0.025813264292176771,193.6988651805,NA,1.,1000000000000000000,CurveNG 100%|ElfomoFi 100%|Uniswap V3 100%|xStocks wrap V2 100%,
2026-09-18T20:30:16+00:00,2026-09-18T20:30+00:00,35373181225,ok,TSMx,0x9e3bf4ecfc44eedd624f26656b6736a3f093b073,18,5.0,0.01152561700974193,433.8162543293,NA,1.006187447932033185,1006187447932033200,Uniswap V3 100%|xStocks wrap V2 100%,
2026-09-18T20:30:18+00:00,2026-09-18T20:30+00:00,35373181225,ok,AVGOx,0x38bac69cbbd28156796e4163b2b6dcb81e336565,18,5.0,0.013961215830900296,358.1349977366,NA,1.004883768486276807,1004883768486276800,Uniswap V3 100%|xStocks wrap V2 100%,
2026-09-18T20:30:20+00:00,2026-09-18T20:30+00:00,35373181225,ok,IWMx,0xdadfb355c6110eda0908740d52c834d6c2bcddc7,18,5.0,0.017619486828528746,283.7767097680,NA,1.004730320498842033,1004730320498842000,Uniswap V3 100%|xStocks wrap V2 100%,
2026-09-18T20:30:21+00:00,2026-09-18T20:30+00:00,35373181225,ok,HOODx,0xe1385fdd5ffb10081cd52c56584f25efa9084015,18,5.0,0.041647028656516705,120.0565841380,NA,1.,1000000000000000000,Uniswap V3 100%|xStocks wrap V2 100%,
2026-09-18T20:30:23+00:00,2026-09-18T20:30+00:00,35373181225,ok,ASMLx,0xc0b417e7f83db438631eb5e096684dd742e5294f,18,5.0,0.00298748478049178,1673.6486935933,NA,1.002866334414662441,1002866334414662400,Uniswap V3 100%|xStocks wrap V2 100%,
2026-09-18T20:35:00+00:00,2026-09-18T20:35+00:00,35373181225,ok,NVDAx,0xc845b2894dbddd03858fd2d643b4ef725fe0849d,18,5.0,0.022560959901844813,221.6217759241,NA,1.001701196801074056,1001701196801074000,Uniswap V4 100%|Uniswap V3 100%|xStocks wrap V2 100%,
2026-09-18T20:35:01+00:00,2026-09-18T20:35+00:00,35373181225,ok,MSTRx,0xae2f842ef90c0d5213259ab82639d5bbf649b08e,18,5.0,0.032596854190540335,153.3890347447,NA,1.,1000000000000000000,Uniswap V4 100%|Uniswap V3 100%|xStocks wrap V2 100%,
2026-09-18T20:35:03+00:00,2026-09-18T20:35+00:00,35373181225,ok,SPYx,0x90a2a4c76b5d8c0bc892a69ea28aa775a8f2dd48,18,5.0,0.006558034240429952,762.4235886381,NA,1.005714560286254056,1005714560286254000,Uniswap V4 100%|Uniswap V3 100%|xStocks wrap V2 100%,
2026-09-18T20:35:05+00:00,2026-09-18T20:35+00:00,35373181225,ok,QQQx,0xa753a7395cae905cd615da0b82a53e0560f250af,18,5.0,0.006923557038518691,722.1721395784,NA,1.002725029655105127,1002725029655105100,Uniswap V3 100%|xStocks wrap V2 100%,
2026-09-18T20:35:06+00:00,2026-09-18T20:35+00:00,35373181225,ok,GOOGLx,0xe92f673ca36c5e2efd2de7628f815f84807e803f,18,5.0,0.01428526081484181,350.0111103891,NA,1.002377250060348723,1002377250060348700,Uniswap V3 100%|xStocks wrap V2 100%,
2026-09-18T20:35:08+00:00,2026-09-18T20:35+00:00,35373181225,ok,BRK.Bx,0x12992613fdd35abe95dec5a4964331b1ee23b50d,18,5.0,0.009817659561972831,509.2863496069,NA,1.,1000000000000000000,Uniswap V4 100%|Uniswap V3 100%|xStocks wrap V2 100%,
2026-09-18T20:35:10+00:00,2026-09-18T20:35+00:00,35373181225,ok,TSLAx,0x8ad3c73f833d3f9a523ab01476625f269aeb7cf0,18,5.0,0.013720194467780774,364.4263214885,NA,1.,1000000000000000000,Uniswap V3 100%|xStocks wrap V2 100%,
2026-09-18T20:35:12+00:00,2026-09-18T20:35+00:00,35373181225,ok,AAPLx,0x9d275685dc284c8eb1c79f6aba7a63dc75ec890a,18,5.0,0.014894320097727854,335.6984385452,NA,1.003269012539818705,1003269012539818700,Uniswap V4 100%|Uniswap V3 100%|xStocks wrap V2 100%,
2026-09-18T20:35:13+00:00,2026-09-18T20:35+00:00,35373181225,ok,COINx,0x364f210f430ec2448fc68a49203040f6124096f0,18,5.0,0.025808163939362746,193.7371450270,NA,1.,1000000000000000000,CurveNG 100%|ElfomoFi 100%|Uniswap V3 100%|xStocks wrap V2 100%,
2026-09-18T20:35:15+00:00,2026-09-18T20:35+00:00,35373181225,ok,TSMx,0x9e3bf4ecfc44eedd624f26656b6736a3f093b073,18,5.0,0.01152561700974193,433.8162543293,NA,1.006187447932033185,1006187447932033200,Uniswap V3 100%|xStocks wrap V2 100%,
2026-09-18T20:35:16+00:00,2026-09-18T20:35+00:00,35373181225,ok,AVGOx,0x38bac69cbbd28156796e4163b2b6dcb81e336565,18,5.0,0.013975118249737264,357.7787257789,NA,1.004883768486276807,1004883768486276800,Uniswap V3 100%|xStocks wrap V2 100%,
2026-09-18T20:35:18+00:00,2026-09-18T20:35+00:00,35373181225,ok,IWMx,0xdadfb355c6110eda0908740d52c834d6c2bcddc7,18,5.0,0.017619486828528746,283.7767097680,NA,1.004730320498842033,1004730320498842000,Uniswap V3 100%|xStocks wrap V2 100%,
2026-09-18T20:35:20+00:00,2026-09-18T20:35+00:00,35373181225,ok,HOODx,0xe1385fdd5ffb10081cd52c56584f25efa9084015,18,5.0,0.041647028656516705,120.0565841380,NA,1.,1000000000000000000,Uniswap V3 100%|xStocks wrap V2 100%,
2026-09-18T20:35:22+00:00,2026-09-18T20:35+00:00,35373181225,ok,ASMLx,0xc0b417e7f83db438631eb5e096684dd742e5294f,18,5.0,0.002992163741260957,1671.0315451831,NA,1.002866334414662441,1002866334414662400,Uniswap V3 100%|xStocks wrap V2 100%,
2026-09-18T20:40:00+00:00,2026-09-18T20:40+00:00,35373181225,ok,NVDAx,0xc845b2894dbddd03858fd2d643b4ef725fe0849d,18,5.0,0.022565261586877411,221.5795274852,NA,1.001701196801074056,1001701196801074000,CurveNG 100%|Uniswap V4 100%|Uniswap V3 100%|xStocks wrap V2 100%,
2026-09-18T20:40:01+00:00,2026-09-18T20:40+00:00,35373181225,ok,MSTRx,0xae2f842ef90c0d5213259ab82639d5bbf649b08e,18,5.0,0.032597832585693973,153.3844309083,NA,1.,1000000000000000000,CurveNG 100%|Uniswap V4 100%|Uniswap V3 100%|xStocks wrap V2 100%,
2026-09-18T20:40:03+00:00,2026-09-18T20:40+00:00,35373181225,ok,SPYx,0x90a2a4c76b5d8c0bc892a69ea28aa775a8f2dd48,18,5.0,0.006558231084935286,762.4007045871,NA,1.005714560286254056,1005714560286254000,CurveNG 100%|Uniswap V4 100%|Uniswap V3 100%|xStocks wrap V2 100%,
2026-09-18T20:40:05+00:00,2026-09-18T20:40+00:00,35373181225,ok,QQQx,0xa753a7395cae905cd615da0b82a53e0560f250af,18,5.0,0.006923557038518691,722.1721395784,NA,1.002725029655105127,1002725029655105100,Uniswap V3 100%|xStocks wrap V2 100%,
2026-09-18T20:40:07+00:00,2026-09-18T20:40+00:00,35373181225,ok,GOOGLx,0xe92f673ca36c5e2efd2de7628f815f84807e803f,18,5.0,0.01428526081484181,350.0111103891,NA,1.002377250060348723,1002377250060348700,Uniswap V3 100%|xStocks wrap V2 100%,
2026-09-18T20:40:09+00:00,2026-09-18T20:40+00:00,35373181225,ok,BRK.Bx,0x12992613fdd35abe95dec5a4964331b1ee23b50d,18,5.0,0.009817952281636191,509.2711653684,NA,1.,1000000000000000000,CurveNG 100%|Uniswap V4 100%|Uniswap V3 100%|xStocks wrap V2 100%,
2026-09-18T20:40:10+00:00,2026-09-18T20:40+00:00,35373181225,ok,TSLAx,0x8ad3c73f833d3f9a523ab01476625f269aeb7cf0,18,5.0,0.013720194467780774,364.4263214885,NA,1.,1000000000000000000,Uniswap V3 100%|xStocks wrap V2 100%,
2026-09-18T20:40:12+00:00,2026-09-18T20:40+00:00,35373181225,ok,AAPLx,0x9d275685dc284c8eb1c79f6aba7a63dc75ec890a,18,5.0,0.014894084661988109,335.7037450419,NA,1.003269012539818705,1003269012539818700,CurveNG 100%|Uniswap V4 100%|Uniswap V3 100%|xStocks wrap V2 100%,
2026-09-18T20:40:14+00:00,2026-09-18T20:40+00:00,35373181225,ok,COINx,0x364f210f430ec2448fc68a49203040f6124096f0,18,5.0,0.025810498361790075,193.7196225317,NA,1.,1000000000000000000,Uniswap V3 100%|xStocks wrap V2 100%,
2026-09-18T20:40:15+00:00,2026-09-18T20:40+00:00,35373181225,ok,TSMx,0x9e3bf4ecfc44eedd624f26656b6736a3f093b073,18,5.0,0.01152561700974193,433.8162543293,NA,1.006187447932033185,1006187447932033200,Uniswap V3 100%|xStocks wrap V2 100%,
2026-09-18T20:40:17+00:00,2026-09-18T20:40+00:00,35373181225,ok,AVGOx,0x38bac69cbbd28156796e4163b2b6dcb81e336565,18,5.0,0.013980334889275445,357.6452237804,NA,1.004883768486276807,1004883768486276800,Uniswap V3 100%|xStocks wrap V2 100%,
2026-09-18T20:40:18+00:00,2026-09-18T20:40+00:00,35373181225,ok,IWMx,0xdadfb355c6110eda0908740d52c834d6c2bcddc7,18,5.0,0.017619486828528746,283.7767097680,NA,1.004730320498842033,1004730320498842000,Uniswap V3 100%|xStocks wrap V2 100%,
2026-09-18T20:40:20+00:00,2026-09-18T20:40+00:00,35373181225,ok,HOODx,0xe1385fdd5ffb10081cd52c56584f25efa9084015,18,5.0,0.041647028656516705,120.0565841380,NA,1.,1000000000000000000,Uniswap V3 100%|xStocks wrap V2 100%,
2026-09-18T20:40:22+00:00,2026-09-18T20:40+00:00,35373181225,ok,ASMLx,0xc0b417e7f83db438631eb5e096684dd742e5294f,18,5.0,0.002992163741260957,1671.0315451831,NA,1.002866334414662441,1002866334414662400,Uniswap V3 100%|xStocks wrap V2 100%,
2026-09-18T20:45:00+00:00,2026-09-18T20:45+00:00,35373181225,ok,NVDAx,0xc845b2894dbddd03858fd2d643b4ef725fe0849d,18,5.0,0.022563469017706821,221.5971310119,NA,1.001701196801074056,1001701196801074000,CurveNG 100%|Uniswap V4 100%|Uniswap V3 100%|xStocks wrap V2 100%,
2026-09-18T20:45:01+00:00,2026-09-18T20:45+00:00,35373181225,ok,MSTRx,0xae2f842ef90c0d5213259ab82639d5bbf649b08e,18,5.0,0.032530631990148301,153.7012868829,NA,1.,1000000000000000000,Uniswap V3 100%|xStocks wrap V2 100%,
2026-09-18T20:45:03+00:00,2026-09-18T20:45+00:00,35373181225,ok,SPYx,0x90a2a4c76b5d8c0bc892a69ea28aa775a8f2dd48,18,5.0,0.006557710103144492,762.4612740356,NA,1.005714560286254056,1005714560286254000,CurveNG 100%|Uniswap V4 100%|Uniswap V3 100%|xStocks wrap V2 100%,
2026-09-18T20:45:05+00:00,2026-09-18T20:45+00:00,35373181225,ok,QQQx,0xa753a7395cae905cd615da0b82a53e0560f250af,18,5.0,0.006923557038518691,722.1721395784,NA,1.002725029655105127,1002725029655105100,Uniswap V3 100%|xStocks wrap V2 100%,
2026-09-18T20:45:06+00:00,2026-09-18T20:45+00:00,35373181225,ok,GOOGLx,0xe92f673ca36c5e2efd2de7628f815f84807e803f,18,5.0,0.01428526081484181,350.0111103891,NA,1.002377250060348723,1002377250060348700,Uniswap V3 100%|xStocks wrap V2 100%,
2026-09-18T20:45:08+00:00,2026-09-18T20:45+00:00,35373181225,ok,BRK.Bx,0x12992613fdd35abe95dec5a4964331b1ee23b50d,18,5.0,0.009817174315282486,509.3115227888,NA,1.,1000000000000000000,CurveNG 100%|Uniswap V4 100%|Uniswap V3 100%|xStocks wrap V2 100%,
2026-09-18T20:45:10+00:00,2026-09-18T20:45+00:00,35373181225,ok,TSLAx,0x8ad3c73f833d3f9a523ab01476625f269aeb7cf0,18,5.0,0.013720194467780774,364.4263214885,NA,1.,1000000000000000000,Uniswap V3 100%|xStocks wrap V2 100%,
2026-09-18T20:45:11+00:00,2026-09-18T20:45+00:00,35373181225,ok,AAPLx,0x9d275685dc284c8eb1c79f6aba7a63dc75ec890a,18,5.0,0.014893474826877754,335.7174909227,NA,1.003269012539818705,1003269012539818700,CurveNG 100%|Uniswap V4 100%|Uniswap V3 100%|xStocks wrap V2 100%,
2026-09-18T20:45:13+00:00,2026-09-18T20:45+00:00,35373181225,ok,COINx,0x364f210f430ec2448fc68a49203040f6124096f0,18,5.0,0.025758746245735726,194.1088262721,NA,1.,1000000000000000000,Uniswap V3 100%|xStocks wrap V2 100%,
2026-09-18T20:45:15+00:00,2026-09-18T20:45+00:00,35373181225,ok,TSMx,0x9e3bf4ecfc44eedd624f26656b6736a3f093b073,18,5.0,0.01152561700974193,433.8162543293,NA,1.006187447932033185,1006187447932033200,Uniswap V3 100%|xStocks wrap V2 100%,
2026-09-18T20:45:16+00:00,2026-09-18T20:45+00:00,35373181225,ok,AVGOx,0x38bac69cbbd28156796e4163b2b6dcb81e336565,18,5.0,0.013980334889275445,357.6452237804,NA,1.004883768486276807,1004883768486276800,Uniswap V3 100%|xStocks wrap V2 100%,
2026-09-18T20:45:18+00:00,2026-09-18T20:45+00:00,35373181225,ok,IWMx,0xdadfb355c6110eda0908740d52c834d6c2bcddc7,18,5.0,0.017619486828528746,283.7767097680,NA,1.004730320498842033,1004730320498842000,Uniswap V3 100%|xStocks wrap V2 100%,
2026-09-18T20:45:19+00:00,2026-09-18T20:45+00:00,35373181225,ok,HOODx,0xe1385fdd5ffb10081cd52c56584f25efa9084015,18,5.0,0.041647028656516705,120.0565841380,NA,1.,1000000000000000000,Uniswap V3 100%|xStocks wrap V2 100%,
2026-09-18T20:45:21+00:00,2026-09-18T20:45+00:00,35373181225,ok,ASMLx,0xc0b417e7f83db438631eb5e096684dd742e5294f,18,5.0,0.002989270297731777,1672.6490086206,NA,1.002866334414662441,1002866334414662400,Uniswap V3 100%|xStocks wrap V2 100%,
2026-09-18T20:50:00+00:00,2026-09-18T20:50+00:00,35373181225,ok,NVDAx,0xc845b2894dbddd03858fd2d643b4ef725fe0849d,18,5.0,0.022560033417561888,221.6308773775,NA,1.001701196801074056,1001701196801074000,CurveNG 100%|Uniswap V4 100%|Uniswap V3 100%|xStocks wrap V2 100%,
2026-09-18T20:50:01+00:00,2026-09-18T20:50+00:00,35373181225,ok,MSTRx,0xae2f842ef90c0d5213259ab82639d5bbf649b08e,18,5.0,0.032509511726952843,153.8011410936,NA,1.,1000000000000000000,Uniswap V4 100%|Uniswap V3 100%|xStocks wrap V2 100%,
2026-09-18T20:50:03+00:00,2026-09-18T20:50+00:00,35373181225,ok,SPYx,0x90a2a4c76b5d8c0bc892a69ea28aa775a8f2dd48,18,5.0,0.006557765219605988,762.4548657295,NA,1.005714560286254056,1005714560286254000,CurveNG 100%|Uniswap V4 100%|Uniswap V3 100%|xStocks wrap V2 100%,
2026-09-18T20:50:05+00:00,2026-09-18T20:50+00:00,35373181225,ok,QQQx,0xa753a7395cae905cd615da0b82a53e0560f250af,18,5.0,0.006923520923931467,722.1759065849,NA,1.002725029655105127,1002725029655105100,Uniswap V3 100%|xStocks wrap V2 100%,
2026-09-18T20:50:07+00:00,2026-09-18T20:50+00:00,35373181225,ok,GOOGLx,0xe92f673ca36c5e2efd2de7628f815f84807e803f,18,5.0,0.01428526081484181,350.0111103891,NA,1.002377250060348723,1002377250060348700,Uniswap V3 100%|xStocks wrap V2 100%,
2026-09-18T20:50:08+00:00,2026-09-18T20:50+00:00,35373181225,ok,BRK.Bx,0x12992613fdd35abe95dec5a4964331b1ee23b50d,18,5.0,0.009817248968619468,509.3076498296,NA,1.,1000000000000000000,CurveNG 100%|Uniswap V4 100%|Uniswap V3 100%|xStocks wrap V2 100%,
2026-09-18T20:50:10+00:00,2026-09-18T20:50+00:00,35373181225,ok,TSLAx,0x8ad3c73f833d3f9a523ab01476625f269aeb7cf0,18,5.0,0.013720194467780774,364.4263214885,NA,1.,1000000000000000000,Uniswap V3 100%|xStocks wrap V2 100%,
2026-09-18T20:50:12+00:00,2026-09-18T20:50+00:00,35373181225,ok,AAPLx,0x9d275685dc284c8eb1c79f6aba7a63dc75ec890a,18,5.0,0.014894401390473273,335.6966063234,NA,1.003269012539818705,1003269012539818700,CurveNG 100%|Uniswap V4 100%|Uniswap V3 100%|xStocks wrap V2 100%,
2026-09-18T20:50:14+00:00,2026-09-18T20:50+00:00,35373181225,ok,COINx,0x364f210f430ec2448fc68a49203040f6124096f0,18,5.0,0.02574484462704834,194.2136405340,NA,1.,1000000000000000000,CurveNG 100%|ElfomoFi 100%|Uniswap V3 100%|xStocks wrap V2 100%,
2026-09-18T20:50:15+00:00,2026-09-18T20:50+00:00,35373181225,ok,TSMx,0x9e3bf4ecfc44eedd624f26656b6736a3f093b073,18,5.0,0.01152561700974193,433.8162543293,NA,1.006187447932033185,1006187447932033200,Uniswap V3 100%|xStocks wrap V2 100%,
2026-09-18T20:50:17+00:00,2026-09-18T20:50+00:00,35373181225,ok,AVGOx,0x38bac69cbbd28156796e4163b2b6dcb81e336565,18,5.0,0.013980334889275445,357.6452237804,NA,1.004883768486276807,1004883768486276800,Uniswap V3 100%|xStocks wrap V2 100%,
2026-09-18T20:50:18+00:00,2026-09-18T20:50+00:00,35373181225,ok,IWMx,0xdadfb355c6110eda0908740d52c834d6c2bcddc7,18,5.0,0.017619486828528746,283.7767097680,NA,1.004730320498842033,1004730320498842000,Uniswap V3 100%|xStocks wrap V2 100%,
2026-09-18T20:50:20+00:00,2026-09-18T20:50+00:00,35373181225,ok,HOODx,0xe1385fdd5ffb10081cd52c56584f25efa9084015,18,5.0,0.04164581062243506,120.0600954879,NA,1.,1000000000000000000,Uniswap V3 100%|xStocks wrap V2 100%,
2026-09-18T20:50:22+00:00,2026-09-18T20:50+00:00,35373181225,ok,ASMLx,0xc0b417e7f83db438631eb5e096684dd742e5294f,18,5.0,0.002989270297731777,1672.6490086206,NA,1.002866334414662441,1002866334414662400,Uniswap V3 100%|xStocks wrap V2 100%,
2026-09-18T20:55:00+00:00,2026-09-18T20:55+00:00,35373181225,ok,NVDAx,0xc845b2894dbddd03858fd2d643b4ef725fe0849d,18,5.0,0.022548662757634192,221.7426396298,NA,1.001701196801074056,1001701196801074000,CurveNG 100%|Uniswap V4 100%|Uniswap V3 100%|xStocks wrap V2 100%,
2026-09-18T20:55:01+00:00,2026-09-18T20:55+00:00,35373181225,ok,MSTRx,0xae2f842ef90c0d5213259ab82639d5bbf649b08e,18,5.0,0.032520071858566028,153.7511977755,NA,1.,1000000000000000000,Uniswap V4 100%|Uniswap V3 100%|xStocks wrap V2 100%,
2026-09-18T20:55:03+00:00,2026-09-18T20:55+00:00,35373181225,ok,SPYx,0x90a2a4c76b5d8c0bc892a69ea28aa775a8f2dd48,18,5.0,0.006557652362089591,762.4679876148,NA,1.005714560286254056,1005714560286254000,CurveNG 100%|Uniswap V4 100%|Uniswap V3 100%|xStocks wrap V2 100%,
2026-09-18T20:55:05+00:00,2026-09-18T20:55+00:00,35373181225,ok,QQQx,0xa753a7395cae905cd615da0b82a53e0560f250af,18,5.0,0.006923520923931467,722.1759065849,NA,1.002725029655105127,1002725029655105100,Uniswap V3 100%|xStocks wrap V2 100%,
2026-09-18T20:55:07+00:00,2026-09-18T20:55+00:00,35373181225,ok,GOOGLx,0xe92f673ca36c5e2efd2de7628f815f84807e803f,18,5.0,0.01428526081484181,350.0111103891,NA,1.002377250060348723,1002377250060348700,Uniswap V3 100%|xStocks wrap V2 100%,
2026-09-18T20:55:09+00:00,2026-09-18T20:55+00:00,35373181225,ok,BRK.Bx,0x12992613fdd35abe95dec5a4964331b1ee23b50d,18,5.0,0.009817087874576504,509.3160073415,NA,1.,1000000000000000000,CurveNG 100%|Uniswap V4 100%|Uniswap V3 100%|xStocks wrap V2 100%,
2026-09-18T20:55:10+00:00,2026-09-18T20:55+00:00,35373181225,ok,TSLAx,0x8ad3c73f833d3f9a523ab01476625f269aeb7cf0,18,5.0,0.013720194470567269,364.4263214145,NA,1.,1000000000000000000,Uniswap V3 100%|xStocks wrap V2 100%,
2026-09-18T20:55:12+00:00,2026-09-18T20:55+00:00,35373181225,ok,AAPLx,0x9d275685dc284c8eb1c79f6aba7a63dc75ec890a,18,5.0,0.014894006534596374,335.7055059957,NA,1.003269012539818705,1003269012539818700,CurveNG 100%|Uniswap V4 100%|Uniswap V3 100%|xStocks wrap V2 100%,
2026-09-18T20:55:14+00:00,2026-09-18T20:55+00:00,35373181225,ok,COINx,0x364f210f430ec2448fc68a49203040f6124096f0,18,5.0,0.025755396201772598,194.1340743054,NA,1.,1000000000000000000,CurveNG 100%|ElfomoFi 100%|Uniswap V3 100%|xStocks wrap V2 100%,
2026-09-18T20:55:15+00:00,2026-09-18T20:55+00:00,35373181225,ok,TSMx,0x9e3bf4ecfc44eedd624f26656b6736a3f093b073,18,5.0,0.01152561700974193,433.8162543293,NA,1.006187447932033185,1006187447932033200,Uniswap V3 100%|xStocks wrap V2 100%,
2026-09-18T20:55:17+00:00,2026-09-18T20:55+00:00,35373181225,ok,AVGOx,0x38bac69cbbd28156796e4163b2b6dcb81e336565,18,5.0,0.013980334889275445,357.6452237804,NA,1.004883768486276807,1004883768486276800,Uniswap V3 100%|xStocks wrap V2 100%,
2026-09-18T20:55:19+00:00,2026-09-18T20:55+00:00,35373181225,ok,IWMx,0xdadfb355c6110eda0908740d52c834d6c2bcddc7,18,5.0,0.017619486828528746,283.7767097680,NA,1.004730320498842033,1004730320498842000,Uniswap V3 100%|xStocks wrap V2 100%,
2026-09-18T20:55:21+00:00,2026-09-18T20:55+00:00,35373181225,ok,HOODx,0xe1385fdd5ffb10081cd52c56584f25efa9084015,18,5.0,0.04164581062243506,120.0600954879,NA,1.,1000000000000000000,Uniswap V3 100%|xStocks wrap V2 100%,
2026-09-18T20:55:22+00:00,2026-09-18T20:55+00:00,35373181225,ok,ASMLx,0xc0b417e7f83db438631eb5e096684dd742e5294f,18,5.0,0.002989270297731777,1672.6490086206,NA,1.002866334414662441,1002866334414662400,Uniswap V3 100%|xStocks wrap V2 100%,
2026-09-18T21:00:00+00:00,2026-09-18T21:00+00:00,35373181225,ok,NVDAx,0xc845b2894dbddd03858fd2d643b4ef725fe0849d,18,5.0,0.022547031507248405,221.7586824409,NA,1.001701196801074056,1001701196801074000,CurveNG 100%|Uniswap V4 100%|Uniswap V3 100%|xStocks wrap V2 100%,
2026-09-18T21:00:01+00:00,2026-09-18T21:00+00:00,35373181225,ok,MSTRx,0xae2f842ef90c0d5213259ab82639d5bbf649b08e,18,5.0,0.032552202061987036,153.5994397700,NA,1.,1000000000000000000,CurveNG 100%|Uniswap V4 100%|Uniswap V3 100%|xStocks wrap V2 100%,
2026-09-18T21:00:03+00:00,2026-09-18T21:00+00:00,35373181225,ok,SPYx,0x90a2a4c76b5d8c0bc892a69ea28aa775a8f2dd48,18,5.0,0.00655774291056205,762.4574595547,NA,1.005714560286254056,1005714560286254000,CurveNG 100%|Uniswap V4 100%|Uniswap V3 100%|xStocks wrap V2 100%,
2026-09-18T21:00:05+00:00,2026-09-18T21:00+00:00,35373181225,ok,QQQx,0xa753a7395cae905cd615da0b82a53e0560f250af,18,5.0,0.006923520923931467,722.1759065849,NA,1.002725029655105127,1002725029655105100,Uniswap V3 100%|xStocks wrap V2 100%,
2026-09-18T21:00:07+00:00,2026-09-18T21:00+00:00,35373181225,ok,GOOGLx,0xe92f673ca36c5e2efd2de7628f815f84807e803f,18,5.0,0.014285255778573492,350.0112337855,NA,1.002377250060348723,1002377250060348700,Uniswap V3 100%|xStocks wrap V2 100%,
2026-09-18T21:00:09+00:00,2026-09-18T21:00+00:00,35373181225,ok,BRK.Bx,0x12992613fdd35abe95dec5a4964331b1ee23b50d,18,5.0,0.009817223429319974,509.3089747827,NA,1.,1000000000000000000,CurveNG 100%|Uniswap V4 100%|Uniswap V3 100%|xStocks wrap V2 100%,
2026-09-18T21:00:11+00:00,2026-09-18T21:00+00:00,35373181225,ok,TSLAx,0x8ad3c73f833d3f9a523ab01476625f269aeb7cf0,18,5.0,0.013720189269404222,364.4264595642,NA,1.,1000000000000000000,Uniswap V3 100%|xStocks wrap V2 100%,
2026-09-18T21:00:13+00:00,2026-09-18T21:00+00:00,35373181225,ok,AAPLx,0x9d275685dc284c8eb1c79f6aba7a63dc75ec890a,18,5.0,0.014893738931256791,335.7115377863,NA,1.003269012539818705,1003269012539818700,CurveNG 100%|Uniswap V4 100%|Uniswap V3 100%|xStocks wrap V2 100%,
2026-09-18T21:00:14+00:00,2026-09-18T21:00+00:00,35373181225,ok,COINx,0x364f210f430ec2448fc68a49203040f6124096f0,18,5.0,0.025747372249110601,194.1945745618,NA,1.,1000000000000000000,Uniswap V4 100%|Uniswap V3 100%|xStocks wrap V2 100%,
2026-09-18T21:00:16+00:00,2026-09-18T21:00+00:00,35373181225,ok,TSMx,0x9e3bf4ecfc44eedd624f26656b6736a3f093b073,18,5.0,0.01152561700974193,433.8162543293,NA,1.006187447932033185,1006187447932033200,Uniswap V3 100%|xStocks wrap V2 100%,
2026-09-18T21:00:18+00:00,2026-09-18T21:00+00:00,35373181225,ok,AVGOx,0x38bac69cbbd28156796e4163b2b6dcb81e336565,18,5.0,0.013980334889275445,357.6452237804,NA,1.004883768486276807,1004883768486276800,Uniswap V3 100%|xStocks wrap V2 100%,
2026-09-18T21:00:20+00:00,2026-09-18T21:00+00:00,35373181225,ok,IWMx,0xdadfb355c6110eda0908740d52c834d6c2bcddc7,18,5.0,0.017619486828528746,283.7767097680,NA,1.004730320498842033,1004730320498842000,Uniswap V3 100%|xStocks wrap V2 100%,
2026-09-18T21:00:21+00:00,2026-09-18T21:00+00:00,35373181225,ok,HOODx,0xe1385fdd5ffb10081cd52c56584f25efa9084015,18,5.0,0.04164581062243506,120.0600954879,NA,1.,1000000000000000000,Uniswap V3 100%|xStocks wrap V2 100%,
2026-09-18T21:00:23+00:00,2026-09-18T21:00+00:00,35373181225,ok,ASMLx,0xc0b417e7f83db438631eb5e096684dd742e5294f,18,5.0,0.002989270297731777,1672.6490086206,NA,1.002866334414662441,1002866334414662400,Uniswap V3 100%|xStocks wrap V2 100%,
2026-09-18T21:05:00+00:00,2026-09-18T21:05+00:00,35373181225,ok,NVDAx,0xc845b2894dbddd03858fd2d643b4ef725fe0849d,18,5.0,0.022547072758685872,221.7582767179,NA,1.001701196801074056,1001701196801074000,CurveNG 100%|Uniswap V4 100%|Uniswap V3 100%|xStocks wrap V2 100%,
2026-09-18T21:05:01+00:00,2026-09-18T21:05+00:00,35373181225,ok,MSTRx,0xae2f842ef90c0d5213259ab82639d5bbf649b08e,18,5.0,0.032552267201876615,153.5991324043,NA,1.,1000000000000000000,CurveNG 100%|Uniswap V4 100%|Uniswap V3 100%|xStocks wrap V2 100%,
2026-09-18T21:05:03+00:00,2026-09-18T21:05+00:00,35373181225,ok,SPYx,0x90a2a4c76b5d8c0bc892a69ea28aa775a8f2dd48,18,5.0,0.006557760118239592,762.4554588530,NA,1.005714560286254056,1005714560286254000,CurveNG 100%|Uniswap V4 100%|Uniswap V3 100%|xStocks wrap V2 100%,
2026-09-18T21:05:05+00:00,2026-09-18T21:05+00:00,35373181225,ok,QQQx,0xa753a7395cae905cd615da0b82a53e0560f250af,18,5.0,0.006923456603993208,722.1826157062,NA,1.002725029655105127,1002725029655105100,Uniswap V3 100%|xStocks wrap V2 100%,
2026-09-18T21:05:07+00:00,2026-09-18T21:05+00:00,35373181225,ok,GOOGLx,0xe92f673ca36c5e2efd2de7628f815f84807e803f,18,5.0,0.014285255778573492,350.0112337855,NA,1.002377250060348723,1002377250060348700,Uniswap V3 100%|xStocks wrap V2 100%,
2026-09-18T21:05:09+00:00,2026-09-18T21:05+00:00,35373181225,ok,BRK.Bx,0x12992613fdd35abe95dec5a4964331b1ee23b50d,18,5.0,0.009817243074934969,509.3079555874,NA,1.,1000000000000000000,CurveNG 100%|Uniswap V4 100%|Uniswap V3 100%|xStocks wrap V2 100%,
2026-09-18T21:05:11+00:00,2026-09-18T21:05+00:00,35373181225,ok,TSLAx,0x8ad3c73f833d3f9a523ab01476625f269aeb7cf0,18,5.0,0.013720189269404222,364.4264595642,NA,1.,1000000000000000000,Uniswap V3 100%|xStocks wrap V2 100%,
2026-09-18T21:05:13+00:00,2026-09-18T21:05+00:00,35373181225,ok,AAPLx,0x9d275685dc284c8eb1c79f6aba7a63dc75ec890a,18,5.0,0.014893563416907394,335.7154940049,NA,1.003269012539818705,1003269012539818700,CurveNG 100%|Uniswap V4 100%|Uniswap V3 100%|xStocks wrap V2 100%,
2026-09-18T21:05:14+00:00,2026-09-18T21:05+00:00,35373181225,ok,COINx,0x364f210f430ec2448fc68a49203040f6124096f0,18,5.0,0.025746887933229219,194.1982274893,NA,1.,1000000000000000000,Uniswap V3 100%|xStocks wrap V2 100%,
2026-09-18T21:05:16+00:00,2026-09-18T21:05+00:00,35373181225,ok,TSMx,0x9e3bf4ecfc44eedd624f26656b6736a3f093b073,18,5.0,0.01152561700974193,433.8162543293,NA,1.006187447932033185,1006187447932033200,Uniswap V3 100%|xStocks wrap V2 100%,
2026-09-18T21:05:18+00:00,2026-09-18T21:05+00:00,35373181225,ok,AVGOx,0x38bac69cbbd28156796e4163b2b6dcb81e336565,18,5.0,0.013980334889275445,357.6452237804,NA,1.004883768486276807,1004883768486276800,Uniswap V3 100%|xStocks wrap V2 100%,
2026-09-18T21:05:20+00:00,2026-09-18T21:05+00:00,35373181225,ok,IWMx,0xdadfb355c6110eda0908740d52c834d6c2bcddc7,18,5.0,0.017619486819657512,283.7767099109,NA,1.004730320498842033,1004730320498842000,Uniswap V3 100%|xStocks wrap V2 100%,
2026-09-18T21:05:22+00:00,2026-09-18T21:05+00:00,35373181225,ok,HOODx,0xe1385fdd5ffb10081cd52c56584f25efa9084015,18,5.0,0.041646415908069286,120.0583505442,NA,1.,1000000000000000000,Uniswap V3 100%|xStocks wrap V2 100%,
2026-09-18T21:05:23+00:00,2026-09-18T21:05+00:00,35373181225,ok,ASMLx,0xc0b417e7f83db438631eb5e096684dd742e5294f,18,5.0,0.002989270297731777,1672.6490086206,NA,1.002866334414662441,1002866334414662400,Uniswap V3 100%|xStocks wrap V2 100%,
2026-09-18T21:10:00+00:00,2026-09-18T21:10+00:00,35373181225,ok,NVDAx,0xc845b2894dbddd03858fd2d643b4ef725fe0849d,18,5.0,0.022544123536235323,221.7872871378,NA,1.001701196801074056,1001701196801074000,Uniswap V4 100%|Uniswap V3 100%|xStocks wrap V2 100%,
2026-09-18T21:10:01+00:00,2026-09-18T21:10+00:00,35373181225,ok,MSTRx,0xae2f842ef90c0d5213259ab82639d5bbf649b08e,18,5.0,0.032550905778183072,153.6055566033,NA,1.,1000000000000000000,CurveNG 100%|Uniswap V4 100%|Uniswap V3 100%|xStocks wrap V2 100%,
2026-09-18T21:10:03+00:00,2026-09-18T21:10+00:00,35373181225,ok,SPYx,0x90a2a4c76b5d8c0bc892a69ea28aa775a8f2dd48,18,5.0,0.006557462226702511,762.4900955799,NA,1.005714560286254056,1005714560286254000,Uniswap V4 100%|Uniswap V3 100%|xStocks wrap V2 100%,
2026-09-18T21:10:05+00:00,2026-09-18T21:10+00:00,35373181225,ok,QQQx,0xa753a7395cae905cd615da0b82a53e0560f250af,18,5.0,0.006923456603993208,722.1826157062,NA,1.002725029655105127,1002725029655105100,Uniswap V3 100%|xStocks wrap V2 100%,
2026-09-18T21:10:06+00:00,2026-09-18T21:10+00:00,35373181225,ok,GOOGLx,0xe92f673ca36c5e2efd2de7628f815f84807e803f,18,5.0,0.014285255778573492,350.0112337855,NA,1.002377250060348723,1002377250060348700,Uniswap V3 100%|xStocks wrap V2 100%,
2026-09-18T21:10:08+00:00,2026-09-18T21:10+00:00,35373181225,ok,BRK.Bx,0x12992613fdd35abe95dec5a4964331b1ee23b50d,18,5.0,0.009816797119474543,509.3310923255,NA,1.,1000000000000000000,Uniswap V4 100%|Uniswap V3 100%|xStocks wrap V2 100%,
2026-09-18T21:10:09+00:00,2026-09-18T21:10+00:00,35373181225,ok,TSLAx,0x8ad3c73f833d3f9a523ab01476625f269aeb7cf0,18,5.0,0.013720193062006926,364.4263588277,NA,1.,1000000000000000000,Uniswap V3 100%|xStocks wrap V2 100%,
2026-09-18T21:10:11+00:00,2026-09-18T21:10+00:00,35373181225,ok,AAPLx,0x9d275685dc284c8eb1c79f6aba7a63dc75ec890a,18,5.0,0.014893714968565532,335.7120779170,NA,1.003269012539818705,1003269012539818700,Uniswap V4 100%|Uniswap V3 100%|xStocks wrap V2 100%,
2026-09-18T21:10:13+00:00,2026-09-18T21:10+00:00,35373181225,ok,COINx,0x364f210f430ec2448fc68a49203040f6124096f0,18,5.0,0.025746887933229219,194.1982274893,NA,1.,1000000000000000000,Uniswap V3 100%|xStocks wrap V2 100%,
2026-09-18T21:10:14+00:00,2026-09-18T21:10+00:00,35373181225,ok,TSMx,0x9e3bf4ecfc44eedd624f26656b6736a3f093b073,18,5.0,0.011530746922039783,433.6232538799,NA,1.006187447932033185,1006187447932033200,Uniswap V3 100%|xStocks wrap V2 100%,
2026-09-18T21:10:16+00:00,2026-09-18T21:10+00:00,35373181225,ok,AVGOx,0x38bac69cbbd28156796e4163b2b6dcb81e336565,18,5.0,0.013980334889275445,357.6452237804,NA,1.004883768486276807,1004883768486276800,Uniswap V3 100%|xStocks wrap V2 100%,
2026-09-18T21:10:18+00:00,2026-09-18T21:10+00:00,35373181225,ok,IWMx,0xdadfb355c6110eda0908740d52c834d6c2bcddc7,18,5.0,0.017619486819657512,283.7767099109,NA,1.004730320498842033,1004730320498842000,Uniswap V3 100%|xStocks wrap V2 100%,
2026-09-18T21:10:20+00:00,2026-09-18T21:10+00:00,35373181225,ok,HOODx,0xe1385fdd5ffb10081cd52c56584f25efa9084015,18,5.0,0.041648464400860279,120.0524454365,NA,1.,1000000000000000000,Uniswap V3 100%|xStocks wrap V2 100%,
2026-09-18T21:10:21+00:00,2026-09-18T21:10+00:00,35373181225,ok,ASMLx,0xc0b417e7f83db438631eb5e096684dd742e5294f,18,5.0,0.002989270297731777,1672.6490086206,NA,1.002866334414662441,1002866334414662400,Uniswap V3 100%|xStocks wrap V2 100%,
2026-09-18T21:15:00+00:00,2026-09-18T21:15+00:00,35373181225,ok,NVDAx,0xc845b2894dbddd03858fd2d643b4ef725fe0849d,18,5.0,0.02253324211345769,221.8943894014,NA,1.001701196801074056,1001701196801074000,Uniswap V4 100%|Uniswap V3 100%|xStocks wrap V2 100%,
2026-09-18T21:15:01+00:00,2026-09-18T21:15+00:00,35373181225,ok,MSTRx,0xae2f842ef90c0d5213259ab82639d5bbf649b08e,18,5.0,0.032545739515033527,153.6299397250,NA,1.,1000000000000000000,Uniswap V4 100%|Uniswap V3 100%|xStocks wrap V2 100%,
2026-09-18T21:15:03+00:00,2026-09-18T21:15+00:00,35373181225,ok,SPYx,0x90a2a4c76b5d8c0bc892a69ea28aa775a8f2dd48,18,5.0,0.006557462226702511,762.4900955799,NA,1.005714560286254056,1005714560286254000,Uniswap V4 100%|Uniswap V3 100%|xStocks wrap V2 100%,
2026-09-18T21:15:05+00:00,2026-09-18T21:15+00:00,35373181225,ok,QQQx,0xa753a7395cae905cd615da0b82a53e0560f250af,18,5.0,0.006923440854057209,722.1842585786,NA,1.002725029655105127,1002725029655105100,Uniswap V3 100%|xStocks wrap V2 100%,
2026-09-18T21:15:07+00:00,2026-09-18T21:15+00:00,35373181225,ok,GOOGLx,0xe92f673ca36c5e2efd2de7628f815f84807e803f,18,5.0,0.014285255778573492,350.0112337855,NA,1.002377250060348723,1002377250060348700,Uniswap V3 100%|xStocks wrap V2 100%,
2026-09-18T21:15:08+00:00,2026-09-18T21:15+00:00,35373181225,ok,BRK.Bx,0x12992613fdd35abe95dec5a4964331b1ee23b50d,18,5.0,0.009816797119474543,509.3310923255,NA,1.,1000000000000000000,Uniswap V4 100%|Uniswap V3 100%|xStocks wrap V2 100%,
2026-09-18T21:15:10+00:00,2026-09-18T21:15+00:00,35373181225,ok,TSLAx,0x8ad3c73f833d3f9a523ab01476625f269aeb7cf0,18,5.0,0.013720193062006926,364.4263588277,NA,1.,1000000000000000000,Uniswap V3 100%|xStocks wrap V2 100%,
2026-09-18T21:15:12+00:00,2026-09-18T21:15+00:00,35373181225,ok,AAPLx,0x9d275685dc284c8eb1c79f6aba7a63dc75ec890a,18,5.0,0.014895390452452138,335.6743158872,NA,1.003269012539818705,1003269012539818700,Uniswap V4 100%|Uniswap V3 100%|xStocks wrap V2 100%,
2026-09-18T21:15:14+00:00,2026-09-18T21:15+00:00,35373181225,ok,COINx,0x364f210f430ec2448fc68a49203040f6124096f0,18,5.0,0.025746887933229219,194.1982274893,NA,1.,1000000000000000000,Uniswap V3 100%|xStocks wrap V2 100%,
2026-09-18T21:15:16+00:00,2026-09-18T21:15+00:00,35373181225,ok,TSMx,0x9e3bf4ecfc44eedd624f26656b6736a3f093b073,18,5.0,0.011531779456655105,433.5844280402,NA,1.006187447932033185,1006187447932033200,Uniswap V3 100%|xStocks wrap V2 100%,
2026-09-18T21:15:18+00:00,2026-09-18T21:15+00:00,35373181225,ok,AVGOx,0x38bac69cbbd28156796e4163b2b6dcb81e336565,18,5.0,0.013980334889275445,357.6452237804,NA,1.004883768486276807,1004883768486276800,Uniswap V3 100%|xStocks wrap V2 100%,
2026-09-18T21:15:19+00:00,2026-09-18T21:15+00:00,35373181225,ok,IWMx,0xdadfb355c6110eda0908740d52c834d6c2bcddc7,18,5.0,0.017619486819657512,283.7767099109,NA,1.004730320498842033,1004730320498842000,Uniswap V3 100%|xStocks wrap V2 100%,
2026-09-18T21:15:21+00:00,2026-09-18T21:15+00:00,35373181225,ok,HOODx,0xe1385fdd5ffb10081cd52c56584f25efa9084015,18,5.0,0.041648464400860279,120.0524454365,NA,1.,1000000000000000000,Uniswap V3 100%|xStocks wrap V2 100%,
2026-09-18T21:15:22+00:00,2026-09-18T21:15+00:00,35373181225,ok,ASMLx,0xc0b417e7f83db438631eb5e096684dd742e5294f,18,5.0,0.002989991831220815,1672.2453713054,NA,1.002866334414662441,1002866334414662400,Uniswap V3 100%|xStocks wrap V2 100%,
2026-09-18T21:20:00+00:00,2026-09-18T21:20+00:00,35373181225,ok,NVDAx,0xc845b2894dbddd03858fd2d643b4ef725fe0849d,18,5.0,0.022524380956390318,221.9816833004,NA,1.001701196801074056,1001701196801074000,Uniswap V4 100%|Uniswap V3 100%|xStocks wrap V2 100%,
2026-09-18T21:20:01+00:00,2026-09-18T21:20+00:00,35373181225,ok,MSTRx,0xae2f842ef90c0d5213259ab82639d5bbf649b08e,18,5.0,0.032580782842061229,153.4646980166,NA,1.,1000000000000000000,Uniswap V4 100%|Uniswap V3 100%|xStocks wrap V2 100%,
2026-09-18T21:20:03+00:00,2026-09-18T21:20+00:00,35373181225,ok,SPYx,0x90a2a4c76b5d8c0bc892a69ea28aa775a8f2dd48,18,5.0,0.006557462226702511,762.4900955799,NA,1.005714560286254056,1005714560286254000,Uniswap V4 100%|Uniswap V3 100%|xStocks wrap V2 100%,
2026-09-18T21:20:04+00:00,2026-09-18T21:20+00:00,35373181225,ok,QQQx,0xa753a7395cae905cd615da0b82a53e0560f250af,18,5.0,0.006923620074055861,722.1655646207,NA,1.002725029655105127,1002725029655105100,Uniswap V3 100%|xStocks wrap V2 100%,
2026-09-18T21:20:06+00:00,2026-09-18T21:20+00:00,35373181225,ok,GOOGLx,0xe92f673ca36c5e2efd2de7628f815f84807e803f,18,5.0,0.014285255778573492,350.0112337855,NA,1.002377250060348723,1002377250060348700,Uniswap V3 100%|xStocks wrap V2 100%,
2026-09-18T21:20:08+00:00,2026-09-18T21:20+00:00,35373181225,ok,BRK.Bx,0x12992613fdd35abe95dec5a4964331b1ee23b50d,18,5.0,0.009816797119474543,509.3310923255,NA,1.,1000000000000000000,Uniswap V4 100%|Uniswap V3 100%|xStocks wrap V2 100%,
2026-09-18T21:20:10+00:00,2026-09-18T21:20+00:00,35373181225,ok,TSLAx,0x8ad3c73f833d3f9a523ab01476625f269aeb7cf0,18,5.0,0.013720193062006926,364.4263588277,NA,1.,1000000000000000000,Uniswap V3 100%|xStocks wrap V2 100%,
2026-09-18T21:20:12+00:00,2026-09-18T21:20+00:00,35373181225,ok,AAPLx,0x9d275685dc284c8eb1c79f6aba7a63dc75ec890a,18,5.0,0.014899251954783928,335.5873177508,NA,1.003269012539818705,1003269012539818700,Uniswap V4 100%|Uniswap V3 100%|xStocks wrap V2 100%,
2026-09-18T21:20:13+00:00,2026-09-18T21:20+00:00,35373181225,ok,COINx,0x364f210f430ec2448fc68a49203040f6124096f0,18,5.0,0.025746887933229219,194.1982274893,NA,1.,1000000000000000000,Uniswap V3 100%|xStocks wrap V2 100%,
2026-09-18T21:20:15+00:00,2026-09-18T21:20+00:00,35373181225,ok,TSMx,0x9e3bf4ecfc44eedd624f26656b6736a3f093b073,18,5.0,0.011531779456655105,433.5844280402,NA,1.006187447932033185,1006187447932033200,Uniswap V3 100%|xStocks wrap V2 100%,
2026-09-18T21:20:16+00:00,2026-09-18T21:20+00:00,35373181225,ok,AVGOx,0x38bac69cbbd28156796e4163b2b6dcb81e336565,18,5.0,0.013981853405666307,357.6063812809,NA,1.004883768486276807,1004883768486276800,Uniswap V3 100%|xStocks wrap V2 100%,
2026-09-18T21:20:18+00:00,2026-09-18T21:20+00:00,35373181225,ok,IWMx,0xdadfb355c6110eda0908740d52c834d6c2bcddc7,18,5.0,0.017619486819657512,283.7767099109,NA,1.004730320498842033,1004730320498842000,Uniswap V3 100%|xStocks wrap V2 100%,
2026-09-18T21:20:19+00:00,2026-09-18T21:20+00:00,35373181225,ok,HOODx,0xe1385fdd5ffb10081cd52c56584f25efa9084015,18,5.0,0.041648464400860279,120.0524454365,NA,1.,1000000000000000000,Uniswap V3 100%|xStocks wrap V2 100%,
2026-09-18T21:20:21+00:00,2026-09-18T21:20+00:00,35373181225,ok,ASMLx,0xc0b417e7f83db438631eb5e096684dd742e5294f,18,5.0,0.002989991831220815,1672.2453713054,NA,1.002866334414662441,1002866334414662400,Uniswap V3 100%|xStocks wrap V2 100%,
2026-09-18T21:25:00+00:00,2026-09-18T21:25+00:00,35373181225,ok,NVDAx,0xc845b2894dbddd03858fd2d643b4ef725fe0849d,18,5.0,0.022524324993040183,221.9822348303,NA,1.001701196801074056,1001701196801074000,Uniswap V4 100%|Uniswap V3 100%|xStocks wrap V2 100%,
2026-09-18T21:25:01+00:00,2026-09-18T21:25+00:00,35373181225,ok,MSTRx,0xae2f842ef90c0d5213259ab82639d5bbf649b08e,18,5.0,0.032580782842061229,153.4646980166,NA,1.,1000000000000000000,Uniswap V4 100%|Uniswap V3 100%|xStocks wrap V2 100%,
2026-09-18T21:25:03+00:00,2026-09-18T21:25+00:00,35373181225,ok,SPYx,0x90a2a4c76b5d8c0bc892a69ea28aa775a8f2dd48,18,5.0,0.006557462226702511,762.4900955799,NA,1.005714560286254056,1005714560286254000,Uniswap V4 100%|Uniswap V3 100%|xStocks wrap V2 100%,
2026-09-18T21:25:05+00:00,2026-09-18T21:25+00:00,35373181225,ok,QQQx,0xa753a7395cae905cd615da0b82a53e0560f250af,18,5.0,0.006923570171775565,722.1707696967,NA,1.002725029655105127,1002725029655105100,Uniswap V3 100%|xStocks wrap V2 100%,
2026-09-18T21:25:07+00:00,2026-09-18T21:25+00:00,35373181225,ok,GOOGLx,0xe92f673ca36c5e2efd2de7628f815f84807e803f,18,5.0,0.01428519992559575,350.0126022767,NA,1.002377250060348723,1002377250060348700,Uniswap V3 100%|xStocks wrap V2 100%,
2026-09-18T21:25:08+00:00,2026-09-18T21:25+00:00,35373181225,ok,BRK.Bx,0x12992613fdd35abe95dec5a4964331b1ee23b50d,18,5.0,0.009816797119474543,509.3310923255,NA,1.,1000000000000000000,Uniswap V4 100%|Uniswap V3 100%|xStocks wrap V2 100%,
2026-09-18T21:25:10+00:00,2026-09-18T21:25+00:00,35373181225,ok,TSLAx,0x8ad3c73f833d3f9a523ab01476625f269aeb7cf0,18,5.0,0.013720135370519313,364.4278911959,NA,1.,1000000000000000000,Uniswap V3 100%|xStocks wrap V2 100%,
2026-09-18T21:25:12+00:00,2026-09-18T21:25+00:00,35373181225,ok,AAPLx,0x9d275685dc284c8eb1c79f6aba7a63dc75ec890a,18,5.0,0.014899542033365902,335.5807842149,NA,1.003269012539818705,1003269012539818700,Uniswap V4 100%|Uniswap V3 100%|xStocks wrap V2 100%,
2026-09-18T21:25:13+00:00,2026-09-18T21:25+00:00,35373181225,ok,COINx,0x364f210f430ec2448fc68a49203040f6124096f0,18,5.0,0.025746887933229219,194.1982274893,NA,1.,1000000000000000000,Uniswap V3 100%|xStocks wrap V2 100%,
2026-09-18T21:25:15+00:00,2026-09-18T21:25+00:00,35373181225,ok,TSMx,0x9e3bf4ecfc44eedd624f26656b6736a3f093b073,18,5.0,0.011531779456655105,433.5844280402,NA,1.006187447932033185,1006187447932033200,Uniswap V3 100%|xStocks wrap V2 100%,
2026-09-18T21:25:17+00:00,2026-09-18T21:25+00:00,35373181225,ok,AVGOx,0x38bac69cbbd28156796e4163b2b6dcb81e336565,18,5.0,0.013981853405666307,357.6063812809,NA,1.004883768486276807,1004883768486276800,Uniswap V3 100%|xStocks wrap V2 100%,
2026-09-18T21:25:18+00:00,2026-09-18T21:25+00:00,35373181225,ok,IWMx,0xdadfb355c6110eda0908740d52c834d6c2bcddc7,18,5.0,0.017619486819657512,283.7767099109,NA,1.004730320498842033,1004730320498842000,Uniswap V3 100%|xStocks wrap V2 100%,
2026-09-18T21:25:20+00:00,2026-09-18T21:25+00:00,35373181225,ok,HOODx,0xe1385fdd5ffb10081cd52c56584f25efa9084015,18,5.0,0.041648464400860279,120.0524454365,NA,1.,1000000000000000000,Uniswap V3 100%|xStocks wrap V2 100%,
2026-09-18T21:25:22+00:00,2026-09-18T21:25+00:00,35373181225,ok,ASMLx,0xc0b417e7f83db438631eb5e096684dd742e5294f,18,5.0,0.002990058782041079,1672.2079278277,NA,1.002866334414662441,1002866334414662400,Uniswap V3 100%|xStocks wrap V2 100%,
2026-09-18T21:30:00+00:00,2026-09-18T21:30+00:00,35373181225,ok,NVDAx,0xc845b2894dbddd03858fd2d643b4ef725fe0849d,18,5.0,0.022524324993040183,221.9822348303,NA,1.001701196801074056,1001701196801074000,Uniswap V4 100%|Uniswap V3 100%|xStocks wrap V2 100%,
2026-09-18T21:30:01+00:00,2026-09-18T21:30+00:00,35373181225,ok,MSTRx,0xae2f842ef90c0d5213259ab82639d5bbf649b08e,18,5.0,0.032579732327864111,153.4696463950,NA,1.,1000000000000000000,Uniswap V4 100%|Uniswap V3 100%|xStocks wrap V2 100%,
2026-09-18T21:30:03+00:00,2026-09-18T21:30+00:00,35373181225,ok,SPYx,0x90a2a4c76b5d8c0bc892a69ea28aa775a8f2dd48,18,5.0,0.006557462226702511,762.4900955799,NA,1.005714560286254056,1005714560286254000,Uniswap V4 100%|Uniswap V3 100%|xStocks wrap V2 100%,
2026-09-18T21:30:05+00:00,2026-09-18T21:30+00:00,35373181225,ok,QQQx,0xa753a7395cae905cd615da0b82a53e0560f250af,18,5.0,0.006923570171775565,722.1707696967,NA,1.002725029655105127,1002725029655105100,Uniswap V3 100%|xStocks wrap V2 100%,
2026-09-18T21:30:07+00:00,2026-09-18T21:30+00:00,35373181225,ok,GOOGLx,0xe92f673ca36c5e2efd2de7628f815f84807e803f,18,5.0,0.01428519992559575,350.0126022767,NA,1.002377250060348723,1002377250060348700,Uniswap V3 100%|xStocks wrap V2 100%,
2026-09-18T21:30:09+00:00,2026-09-18T21:30+00:00,35373181225,ok,BRK.Bx,0x12992613fdd35abe95dec5a4964331b1ee23b50d,18,5.0,0.009816797119474543,509.3310923255,NA,1.,1000000000000000000,Uniswap V4 100%|Uniswap V3 100%|xStocks wrap V2 100%,
2026-09-18T21:30:10+00:00,2026-09-18T21:30+00:00,35373181225,ok,TSLAx,0x8ad3c73f833d3f9a523ab01476625f269aeb7cf0,18,5.0,0.013720135370519313,364.4278911959,NA,1.,1000000000000000000,Uniswap V3 100%|xStocks wrap V2 100%,
2026-09-18T21:30:12+00:00,2026-09-18T21:30+00:00,35373181225,ok,AAPLx,0x9d275685dc284c8eb1c79f6aba7a63dc75ec890a,18,5.0,0.014899328922616018,335.5855841541,NA,1.003269012539818705,1003269012539818700,Uniswap V4 100%|Uniswap V3 100%|xStocks wrap V2 100%,
2026-09-18T21:30:14+00:00,2026-09-18T21:30+00:00,35373181225,ok,COINx,0x364f210f430ec2448fc68a49203040f6124096f0,18,5.0,0.025750914068451723,194.1678647488,NA,1.,1000000000000000000,CurveNG 100%|ElfomoFi 100%|Uniswap V3 100%|xStocks wrap V2 100%,
2026-09-18T21:30:16+00:00,2026-09-18T21:30+00:00,35373181225,ok,TSMx,0x9e3bf4ecfc44eedd624f26656b6736a3f093b073,18,5.0,0.011531779456655105,433.5844280402,NA,1.006187447932033185,1006187447932033200,Uniswap V3 100%|xStocks wrap V2 100%,
2026-09-18T21:30:17+00:00,2026-09-18T21:30+00:00,35373181225,ok,AVGOx,0x38bac69cbbd28156796e4163b2b6dcb81e336565,18,5.0,0.013981853405666307,357.6063812809,NA,1.004883768486276807,1004883768486276800,Uniswap V3 100%|xStocks wrap V2 100%,
2026-09-18T21:30:19+00:00,2026-09-18T21:30+00:00,35373181225,ok,IWMx,0xdadfb355c6110eda0908740d52c834d6c2bcddc7,18,5.0,0.017619486819657512,283.7767099109,NA,1.004730320498842033,1004730320498842000,Uniswap V3 100%|xStocks wrap V2 100%,
2026-09-18T21:30:21+00:00,2026-09-18T21:30+00:00,35373181225,ok,HOODx,0xe1385fdd5ffb10081cd52c56584f25efa9084015,18,5.0,0.041649069705779238,120.0507006596,NA,1.,1000000000000000000,Uniswap V3 100%|xStocks wrap V2 100%,
2026-09-18T21:30:23+00:00,2026-09-18T21:30+00:00,35373181225,ok,ASMLx,0xc0b417e7f83db438631eb5e096684dd742e5294f,18,5.0,0.002990058782041079,1672.2079278277,NA,1.002866334414662441,1002866334414662400,Uniswap V3 100%|xStocks wrap V2 100%,
2026-09-18T21:35:00+00:00,2026-09-18T21:35+00:00,35373181225,ok,NVDAx,0xc845b2894dbddd03858fd2d643b4ef725fe0849d,18,5.0,0.0225243290354619,221.9821949914,NA,1.001701196801074056,1001701196801074000,CurveNG 100%|Uniswap V4 100%|Uniswap V3 100%|xStocks wrap V2 100%,
2026-09-18T21:35:02+00:00,2026-09-18T21:35+00:00,35373181225,ok,MSTRx,0xae2f842ef90c0d5213259ab82639d5bbf649b08e,18,5.0,0.03261483056691708,153.3044910272,NA,1.,1000000000000000000,Uniswap V4 100%|Uniswap V3 100%|xStocks wrap V2 100%,
2026-09-18T21:35:04+00:00,2026-09-18T21:35+00:00,35373181225,ok,SPYx,0x90a2a4c76b5d8c0bc892a69ea28aa775a8f2dd48,18,5.0,0.006557462226702511,762.4900955799,NA,1.005714560286254056,1005714560286254000,Uniswap V4 100%|Uniswap V3 100%|xStocks wrap V2 100%,
2026-09-18T21:35:06+00:00,2026-09-18T21:35+00:00,35373181225,ok,QQQx,0xa753a7395cae905cd615da0b82a53e0560f250af,18,5.0,0.006923568625763405,722.1709309552,NA,1.002725029655105127,1002725029655105100,Uniswap V3 100%|xStocks wrap V2 100%,
2026-09-18T21:35:07+00:00,2026-09-18T21:35+00:00,35373181225,ok,GOOGLx,0xe92f673ca36c5e2efd2de7628f815f84807e803f,18,5.0,0.01428519992559575,350.0126022767,NA,1.002377250060348723,1002377250060348700,Uniswap V3 100%|xStocks wrap V2 100%,
2026-09-18T21:35:09+00:00,2026-09-18T21:35+00:00,35373181225,ok,BRK.Bx,0x12992613fdd35abe95dec5a4964331b1ee23b50d,18,5.0,0.009816791225790043,509.3313981115,NA,1.,1000000000000000000,CurveNG 100%|Uniswap V4 100%|Uniswap V3 100%|xStocks wrap V2 100%,
2026-09-18T21:35:10+00:00,2026-09-18T21:35+00:00,35373181225,ok,TSLAx,0x8ad3c73f833d3f9a523ab01476625f269aeb7cf0,18,5.0,0.013720135370519313,364.4278911959,NA,1.,1000000000000000000,Uniswap V3 100%|xStocks wrap V2 100%,
2026-09-18T21:35:12+00:00,2026-09-18T21:35+00:00,35373181225,ok,AAPLx,0x9d275685dc284c8eb1c79f6aba7a63dc75ec890a,18,5.0,0.014899399587099835,335.5839925475,NA,1.003269012539818705,1003269012539818700,CurveNG 100%|Uniswap V4 100%|Uniswap V3 100%|xStocks wrap V2 100%,
2026-09-18T21:35:14+00:00,2026-09-18T21:35+00:00,35373181225,ok,COINx,0x364f210f430ec2448fc68a49203040f6124096f0,18,5.0,0.025777386161603525,193.9684640116,NA,1.,1000000000000000000,CurveNG 100%|ElfomoFi 100%|Uniswap V3 100%|xStocks wrap V2 100%,
2026-09-18T21:35:16+00:00,2026-09-18T21:35+00:00,35373181225,ok,TSMx,0x9e3bf4ecfc44eedd624f26656b6736a3f093b073,18,5.0,0.011531779456655105,433.5844280402,NA,1.006187447932033185,1006187447932033200,Uniswap V3 100%|xStocks wrap V2 100%,
2026-09-18T21:35:18+00:00,2026-09-18T21:35+00:00,35373181225,ok,AVGOx,0x38bac69cbbd28156796e4163b2b6dcb81e336565,18,5.0,0.013981853405666307,357.6063812809,NA,1.004883768486276807,1004883768486276800,Uniswap V3 100%|xStocks wrap V2 100%,
2026-09-18T21:35:19+00:00,2026-09-18T21:35+00:00,35373181225,ok,IWMx,0xdadfb355c6110eda0908740d52c834d6c2bcddc7,18,5.0,0.017619486819657512,283.7767099109,NA,1.004730320498842033,1004730320498842000,Uniswap V3 100%|xStocks wrap V2 100%,
2026-09-18T21:35:21+00:00,2026-09-18T21:35+00:00,35373181225,ok,HOODx,0xe1385fdd5ffb10081cd52c56584f25efa9084015,18,5.0,0.041649069705779238,120.0507006596,NA,1.,1000000000000000000,Uniswap V3 100%|xStocks wrap V2 100%,
2026-09-18T21:35:22+00:00,2026-09-18T21:35+00:00,35373181225,ok,ASMLx,0xc0b417e7f83db438631eb5e096684dd742e5294f,18,5.0,0.002990058782041079,1672.2079278277,NA,1.002866334414662441,1002866334414662400,Uniswap V3 100%|xStocks wrap V2 100%,
2026-09-18T21:40:00+00:00,2026-09-18T21:40+00:00,35373181225,ok,NVDAx,0xc845b2894dbddd03858fd2d643b4ef725fe0849d,18,5.0,0.022521323724206666,222.0118169442,NA,1.001701196801074056,1001701196801074000,CurveNG 100%|Uniswap V4 100%|Uniswap V3 100%|xStocks wrap V2 100%,
2026-09-18T21:40:01+00:00,2026-09-18T21:40+00:00,35373181225,ok,MSTRx,0xae2f842ef90c0d5213259ab82639d5bbf649b08e,18,5.0,0.032615783285697218,153.3000129478,NA,1.,1000000000000000000,CurveNG 100%|Uniswap V4 100%|Uniswap V3 100%|xStocks wrap V2 100%,
2026-09-18T21:40:03+00:00,2026-09-18T21:40+00:00,35373181225,ok,SPYx,0x90a2a4c76b5d8c0bc892a69ea28aa775a8f2dd48,18,5.0,0.006557653822140458,762.4678178526,NA,1.005714560286254056,1005714560286254000,CurveNG 100%|Uniswap V4 100%|Uniswap V3 100%|xStocks wrap V2 100%,
2026-09-18T21:40:05+00:00,2026-09-18T21:40+00:00,35373181225,ok,QQQx,0xa753a7395cae905cd615da0b82a53e0560f250af,18,5.0,0.006923503385273483,722.1777360050,NA,1.002725029655105127,1002725029655105100,Uniswap V3 100%|xStocks wrap V2 100%,
2026-09-18T21:40:06+00:00,2026-09-18T21:40+00:00,35373181225,ok,GOOGLx,0xe92f673ca36c5e2efd2de7628f815f84807e803f,18,5.0,0.01428519992559575,350.0126022767,NA,1.002377250060348723,1002377250060348700,Uniswap V3 100%|xStocks wrap V2 100%,
2026-09-18T21:40:08+00:00,2026-09-18T21:40+00:00,35373181225,ok,BRK.Bx,0x12992613fdd35abe95dec5a4964331b1ee23b50d,18,5.0,0.009817083945453504,509.3162111867,NA,1.,1000000000000000000,CurveNG 100%|Uniswap V4 100%|Uniswap V3 100%|xStocks wrap V2 100%,
2026-09-18T21:40:10+00:00,2026-09-18T21:40+00:00,35373181225,ok,TSLAx,0x8ad3c73f833d3f9a523ab01476625f269aeb7cf0,18,5.0,0.013720135370519313,364.4278911959,NA,1.,1000000000000000000,Uniswap V3 100%|xStocks wrap V2 100%,
2026-09-18T21:40:12+00:00,2026-09-18T21:40+00:00,35373181225,ok,AAPLx,0x9d275685dc284c8eb1c79f6aba7a63dc75ec890a,18,5.0,0.014900061391286332,335.5690871800,NA,1.003269012539818705,1003269012539818700,CurveNG 100%|Uniswap V4 100%|Uniswap V3 100%|xStocks wrap V2 100%,
2026-09-18T21:40:14+00:00,2026-09-18T21:40+00:00,35373181225,ok,COINx,0x364f210f430ec2448fc68a49203040f6124096f0,18,5.0,0.025764516777567876,194.0653513189,NA,1.,1000000000000000000,Uniswap V3 100%|xStocks wrap V2 100%,
2026-09-18T21:40:15+00:00,2026-09-18T21:40+00:00,35373181225,ok,TSMx,0x9e3bf4ecfc44eedd624f26656b6736a3f093b073,18,5.0,0.011531779456655105,433.5844280402,NA,1.006187447932033185,1006187447932033200,Uniswap V3 100%|xStocks wrap V2 100%,
2026-09-18T21:40:17+00:00,2026-09-18T21:40+00:00,35373181225,ok,AVGOx,0x38bac69cbbd28156796e4163b2b6dcb81e336565,18,5.0,0.013981853405666307,357.6063812809,NA,1.004883768486276807,1004883768486276800,Uniswap V3 100%|xStocks wrap V2 100%,
2026-09-18T21:40:19+00:00,2026-09-18T21:40+00:00,35373181225,ok,IWMx,0xdadfb355c6110eda0908740d52c834d6c2bcddc7,18,5.0,0.017619486819657512,283.7767099109,NA,1.004730320498842033,1004730320498842000,Uniswap V3 100%|xStocks wrap V2 100%,
2026-09-18T21:40:20+00:00,2026-09-18T21:40+00:00,35373181225,ok,HOODx,0xe1385fdd5ffb10081cd52c56584f25efa9084015,18,5.0,0.041649069705779238,120.0507006596,NA,1.,1000000000000000000,Uniswap V3 100%|xStocks wrap V2 100%,
2026-09-18T21:40:22+00:00,2026-09-18T21:40+00:00,35373181225,ok,ASMLx,0xc0b417e7f83db438631eb5e096684dd742e5294f,18,5.0,0.002990586975903965,1671.9125844814,NA,1.002866334414662441,1002866334414662400,Uniswap V3 100%|xStocks wrap V2 100%,
2026-09-18T21:45:00+00:00,2026-09-18T21:45+00:00,35373181225,ok,NVDAx,0xc845b2894dbddd03858fd2d643b4ef725fe0849d,18,5.0,0.0225214318896905,222.0107506703,NA,1.001701196801074056,1001701196801074000,Uniswap V4 100%|Uniswap V3 100%|xStocks wrap V2 100%,
2026-09-18T21:45:01+00:00,2026-09-18T21:45+00:00,35373181225,ok,MSTRx,0xae2f842ef90c0d5213259ab82639d5bbf649b08e,18,5.0,0.032702674299983192,152.8926947728,NA,1.,1000000000000000000,Uniswap V4 100%|Uniswap V3 100%|xStocks wrap V2 100%,
2026-09-18T21:45:03+00:00,2026-09-18T21:45+00:00,35373181225,ok,SPYx,0x90a2a4c76b5d8c0bc892a69ea28aa775a8f2dd48,18,5.0,0.006557685317280943,762.4641558850,NA,1.005714560286254056,1005714560286254000,Uniswap V4 100%|Uniswap V3 100%|xStocks wrap V2 100%,
2026-09-18T21:45:05+00:00,2026-09-18T21:45+00:00,35373181225,ok,QQQx,0xa753a7395cae905cd615da0b82a53e0560f250af,18,5.0,0.006923503385273483,722.1777360050,NA,1.002725029655105127,1002725029655105100,Uniswap V3 100%|xStocks wrap V2 100%,
2026-09-18T21:45:07+00:00,2026-09-18T21:45+00:00,35373181225,ok,GOOGLx,0xe92f673ca36c5e2efd2de7628f815f84807e803f,18,5.0,0.014276998573902843,350.2136652965,NA,1.002377250060348723,1002377250060348700,Uniswap V3 100%|xStocks wrap V2 100%,
2026-09-18T21:45:09+00:00,2026-09-18T21:45+00:00,35373181225,ok,BRK.Bx,0x12992613fdd35abe95dec5a4964331b1ee23b50d,18,5.0,0.009817131094929495,509.3137650553,NA,1.,1000000000000000000,Uniswap V4 100%|Uniswap V3 100%|xStocks wrap V2 100%,
2026-09-18T21:45:10+00:00,2026-09-18T21:45+00:00,35373181225,ok,TSLAx,0x8ad3c73f833d3f9a523ab01476625f269aeb7cf0,18,5.0,0.013720135370519313,364.4278911959,NA,1.,1000000000000000000,Uniswap V3 100%|xStocks wrap V2 100%,
2026-09-18T21:45:12+00:00,2026-09-18T21:45+00:00,35373181225,ok,AAPLx,0x9d275685dc284c8eb1c79f6aba7a63dc75ec890a,18,5.0,0.014901274560087281,335.5417672386,NA,1.003269012539818705,1003269012539818700,Uniswap V4 100%|Uniswap V3 100%|xStocks wrap V2 100%,
2026-09-18T21:45:14+00:00,2026-09-18T21:45+00:00,35373181225,ok,COINx,0x364f210f430ec2448fc68a49203040f6124096f0,18,5.0,0.025783138247561902,193.9251906417,NA,1.,1000000000000000000,CurveNG 100%|ElfomoFi 100%|Uniswap V3 100%|xStocks wrap V2 100%,
2026-09-18T21:45:15+00:00,2026-09-18T21:45+00:00,35373181225,ok,TSMx,0x9e3bf4ecfc44eedd624f26656b6736a3f093b073,18,5.0,0.011531779456655105,433.5844280402,NA,1.006187447932033185,1006187447932033200,Uniswap V3 100%|xStocks wrap V2 100%,
2026-09-18T21:45:17+00:00,2026-09-18T21:45+00:00,35373181225,ok,AVGOx,0x38bac69cbbd28156796e4163b2b6dcb81e336565,18,5.0,0.013983910022715209,357.5537880234,NA,1.004883768486276807,1004883768486276800,Uniswap V3 100%|xStocks wrap V2 100%,
2026-09-18T21:45:19+00:00,2026-09-18T21:45+00:00,35373181225,ok,IWMx,0xdadfb355c6110eda0908740d52c834d6c2bcddc7,18,5.0,0.017619486819657512,283.7767099109,NA,1.004730320498842033,1004730320498842000,Uniswap V3 100%|xStocks wrap V2 100%,
2026-09-18T21:45:20+00:00,2026-09-18T21:45+00:00,35373181225,ok,HOODx,0xe1385fdd5ffb10081cd52c56584f25efa9084015,18,5.0,0.041671707870122712,119.9854830904,NA,1.,1000000000000000000,Uniswap V3 100%|xStocks wrap V2 100%,
2026-09-18T21:45:22+00:00,2026-09-18T21:45+00:00,35373181225,ok,ASMLx,0xc0b417e7f83db438631eb5e096684dd742e5294f,18,5.0,0.002990586975903965,1671.9125844814,NA,1.002866334414662441,1002866334414662400,Uniswap V3 100%|xStocks wrap V2 100%,
2026-09-18T21:50:00+00:00,2026-09-18T21:50+00:00,35373181225,ok,NVDAx,0xc845b2894dbddd03858fd2d643b4ef725fe0849d,18,5.0,0.022521427382795341,222.0107950982,NA,1.001701196801074056,1001701196801074000,Uniswap V4 100%|Uniswap V3 100%|xStocks wrap V2 100%,
2026-09-18T21:50:01+00:00,2026-09-18T21:50+00:00,35373181225,ok,MSTRx,0xae2f842ef90c0d5213259ab82639d5bbf649b08e,18,5.0,0.032659802541393217,153.0933934356,NA,1.,1000000000000000000,Uniswap V3 100%|xStocks wrap V2 100%,
2026-09-18T21:50:03+00:00,2026-09-18T21:50+00:00,35373181225,ok,SPYx,0x90a2a4c76b5d8c0bc892a69ea28aa775a8f2dd48,18,5.0,0.006557674818900782,762.4653765369,NA,1.005714560286254056,1005714560286254000,Uniswap V4 100%|Uniswap V3 100%|xStocks wrap V2 100%,
2026-09-18T21:50:05+00:00,2026-09-18T21:50+00:00,35373181225,ok,QQQx,0xa753a7395cae905cd615da0b82a53e0560f250af,18,5.0,0.006923546064932382,722.1732841968,NA,1.002725029655105127,1002725029655105100,Uniswap V3 100%|xStocks wrap V2 100%,
2026-09-18T21:50:07+00:00,2026-09-18T21:50+00:00,35373181225,ok,GOOGLx,0xe92f673ca36c5e2efd2de7628f815f84807e803f,18,5.0,0.014276998573902843,350.2136652965,NA,1.002377250060348723,1002377250060348700,Uniswap V3 100%|xStocks wrap V2 100%,
2026-09-18T21:50:09+00:00,2026-09-18T21:50+00:00,35373181225,ok,BRK.Bx,0x12992613fdd35abe95dec5a4964331b1ee23b50d,18,5.0,0.009817115378437498,509.3145804298,NA,1.,1000000000000000000,Uniswap V4 100%|Uniswap V3 100%|xStocks wrap V2 100%,
2026-09-18T21:50:10+00:00,2026-09-18T21:50+00:00,35373181225,ok,TSLAx,0x8ad3c73f833d3f9a523ab01476625f269aeb7cf0,18,5.0,0.013720139151212797,364.4277907748,NA,1.,1000000000000000000,Uniswap V3 100%|xStocks wrap V2 100%,
2026-09-18T21:50:12+00:00,2026-09-18T21:50+00:00,35373181225,ok,AAPLx,0x9d275685dc284c8eb1c79f6aba7a63dc75ec890a,18,5.0,0.014901268966210858,335.5418931997,NA,1.003269012539818705,1003269012539818700,Uniswap V4 100%|Uniswap V3 100%|xStocks wrap V2 100%,
2026-09-18T21:50:13+00:00,2026-09-18T21:50+00:00,35373181225,ok,COINx,0x364f210f430ec2448fc68a49203040f6124096f0,18,5.0,0.025782717261235613,193.9283570982,NA,1.,1000000000000000000,Uniswap V4 100%|Uniswap V3 100%|xStocks wrap V2 100%,
2026-09-18T21:50:15+00:00,2026-09-18T21:50+00:00,35373181225,ok,TSMx,0x9e3bf4ecfc44eedd624f26656b6736a3f093b073,18,5.0,0.011531779456655105,433.5844280402,NA,1.006187447932033185,1006187447932033200,Uniswap V3 100%|xStocks wrap V2 100%,
2026-09-18T21:50:17+00:00,2026-09-18T21:50+00:00,35373181225,ok,AVGOx,0x38bac69cbbd28156796e4163b2b6dcb81e336565,18,5.0,0.013983910022715209,357.5537880234,NA,1.004883768486276807,1004883768486276800,Uniswap V3 100%|xStocks wrap V2 100%,
2026-09-18T21:50:19+00:00,2026-09-18T21:50+00:00,35373181225,ok,IWMx,0xdadfb355c6110eda0908740d52c834d6c2bcddc7,18,5.0,0.017619486819657512,283.7767099109,NA,1.004730320498842033,1004730320498842000,Uniswap V3 100%|xStocks wrap V2 100%,
2026-09-18T21:50:20+00:00,2026-09-18T21:50+00:00,35373181225,ok,HOODx,0xe1385fdd5ffb10081cd52c56584f25efa9084015,18,5.0,0.041671707870122712,119.9854830904,NA,1.,1000000000000000000,Uniswap V3 100%|xStocks wrap V2 100%,
2026-09-18T21:50:22+00:00,2026-09-18T21:50+00:00,35373181225,ok,ASMLx,0xc0b417e7f83db438631eb5e096684dd742e5294f,18,5.0,0.002990586975903965,1671.9125844814,NA,1.002866334414662441,1002866334414662400,Uniswap V3 100%|xStocks wrap V2 100%,
2026-09-18T21:55:00+00:00,2026-09-18T21:55+00:00,35373181225,ok,NVDAx,0xc845b2894dbddd03858fd2d643b4ef725fe0849d,18,5.0,0.022521269641464749,222.0123500850,NA,1.001701196801074056,1001701196801074000,Uniswap V4 100%|Uniswap V3 100%|xStocks wrap V2 100%,
2026-09-18T21:55:01+00:00,2026-09-18T21:55+00:00,35373181225,ok,MSTRx,0xae2f842ef90c0d5213259ab82639d5bbf649b08e,18,5.0,0.032630944805075231,153.2287842068,NA,1.,1000000000000000000,Uniswap V3 100%|xStocks wrap V2 100%,
2026-09-18T21:55:03+00:00,2026-09-18T21:55+00:00,35373181225,ok,SPYx,0x90a2a4c76b5d8c0bc892a69ea28aa775a8f2dd48,18,5.0,0.006557638074570217,762.4696488496,NA,1.005714560286254056,1005714560286254000,Uniswap V4 100%|Uniswap V3 100%|xStocks wrap V2 100%,
2026-09-18T21:55:05+00:00,2026-09-18T21:55+00:00,35373181225,ok,QQQx,0xa753a7395cae905cd615da0b82a53e0560f250af,18,5.0,0.006923545766963318,722.1733152770,NA,1.002725029655105127,1002725029655105100,Uniswap V3 100%|xStocks wrap V2 100%,
2026-09-18T21:55:07+00:00,2026-09-18T21:55+00:00,35373181225,ok,GOOGLx,0xe92f673ca36c5e2efd2de7628f815f84807e803f,18,5.0,0.014277336322742045,350.2053805398,NA,1.002377250060348723,1002377250060348700,Uniswap V3 100%|xStocks wrap V2 100%,
2026-09-18T21:55:09+00:00,2026-09-18T21:55+00:00,35373181225,ok,BRK.Bx,0x12992613fdd35abe95dec5a4964331b1ee23b50d,18,5.0,0.009817060370715509,509.3174342612,NA,1.,1000000000000000000,Uniswap V4 100%|Uniswap V3 100%|xStocks wrap V2 100%,
2026-09-18T21:55:10+00:00,2026-09-18T21:55+00:00,35373181225,ok,TSLAx,0x8ad3c73f833d3f9a523ab01476625f269aeb7cf0,18,5.0,0.013720139151212797,364.4277907748,NA,1.,1000000000000000000,Uniswap V3 100%|xStocks wrap V2 100%,
2026-09-18T21:55:12+00:00,2026-09-18T21:55+00:00,35373181225,ok,AAPLx,0x9d275685dc284c8eb1c79f6aba7a63dc75ec890a,18,5.0,0.014900714369888142,335.5543818828,NA,1.003269012539818705,1003269012539818700,Uniswap V4 100%|Uniswap V3 100%|xStocks wrap V2 100%,
2026-09-18T21:55:14+00:00,2026-09-18T21:55+00:00,35373181225,ok,COINx,0x364f210f430ec2448fc68a49203040f6124096f0,18,5.0,0.025796330462493904,193.8260175132,NA,1.,1000000000000000000,CurveNG 100%|ElfomoFi 100%|Uniswap V3 100%|xStocks wrap V2 100%,
2026-09-18T21:55:16+00:00,2026-09-18T21:55+00:00,35373181225,ok,TSMx,0x9e3bf4ecfc44eedd624f26656b6736a3f093b073,18,5.0,0.011531779456655105,433.5844280402,NA,1.006187447932033185,1006187447932033200,Uniswap V3 100%|xStocks wrap V2 100%,
2026-09-18T21:55:18+00:00,2026-09-18T21:55+00:00,35373181225,ok,AVGOx,0x38bac69cbbd28156796e4163b2b6dcb81e336565,18,5.0,0.013983910022715209,357.5537880234,NA,1.004883768486276807,1004883768486276800,Uniswap V3 100%|xStocks wrap V2 100%,
2026-09-18T21:55:20+00:00,2026-09-18T21:55+00:00,35373181225,ok,IWMx,0xdadfb355c6110eda0908740d52c834d6c2bcddc7,18,5.0,0.017619486819657512,283.7767099109,NA,1.004730320498842033,1004730320498842000,Uniswap V3 100%|xStocks wrap V2 100%,
2026-09-18T21:55:21+00:00,2026-09-18T21:55+00:00,35373181225,ok,HOODx,0xe1385fdd5ffb10081cd52c56584f25efa9084015,18,5.0,0.041677863435091111,119.9677619700,NA,1.,1000000000000000000,Uniswap V3 100%|xStocks wrap V2 100%,
2026-09-18T21:55:23+00:00,2026-09-18T21:55+00:00,35373181225,ok,ASMLx,0xc0b417e7f83db438631eb5e096684dd742e5294f,18,5.0,0.002990586975903965,1671.9125844814,NA,1.002866334414662441,1002866334414662400,Uniswap V3 100%|xStocks wrap V2 100%,
2026-09-18T22:00:00+00:00,2026-09-18T22:00+00:00,35373181225,ok,NVDAx,0xc845b2894dbddd03858fd2d643b4ef725fe0849d,18,5.0,0.022517663935840804,222.0479004503,NA,1.001701196801074056,1001701196801074000,Uniswap V4 100%|Uniswap V3 100%|xStocks wrap V2 100%,
2026-09-18T22:00:01+00:00,2026-09-18T22:00+00:00,35373181225,ok,MSTRx,0xae2f842ef90c0d5213259ab82639d5bbf649b08e,18,5.0,0.032609185484414382,153.3310300679,NA,1.,1000000000000000000,Uniswap V3 100%|xStocks wrap V2 100%,
2026-09-18T22:00:03+00:00,2026-09-18T22:00+00:00,35373181225,ok,SPYx,0x90a2a4c76b5d8c0bc892a69ea28aa775a8f2dd48,18,5.0,0.006557600017942131,762.4740737952,NA,1.005714560286254056,1005714560286254000,Uniswap V4 100%|Uniswap V3 100%|xStocks wrap V2 100%,
2026-09-18T22:00:05+00:00,2026-09-18T22:00+00:00,35373181225,ok,QQQx,0xa753a7395cae905cd615da0b82a53e0560f250af,18,5.0,0.006923545766963318,722.1733152770,NA,1.002725029655105127,1002725029655105100,Uniswap V3 100%|xStocks wrap V2 100%,
2026-09-18T22:00:07+00:00,2026-09-18T22:00+00:00,35373181225,ok,GOOGLx,0xe92f673ca36c5e2efd2de7628f815f84807e803f,18,5.0,0.014277336322742045,350.2053805398,NA,1.002377250060348723,1002377250060348700,Uniswap V3 100%|xStocks wrap V2 100%,
2026-09-18T22:00:09+00:00,2026-09-18T22:00+00:00,35373181225,ok,BRK.Bx,0x12992613fdd35abe95dec5a4964331b1ee23b50d,18,5.0,0.009817003398432018,509.3203900488,NA,1.,1000000000000000000,Uniswap V4 100%|Uniswap V3 100%|xStocks wrap V2 100%,
2026-09-18T22:00:10+00:00,2026-09-18T22:00+00:00,35373181225,ok,TSLAx,0x8ad3c73f833d3f9a523ab01476625f269aeb7cf0,18,5.0,0.013720139151212797,364.4277907748,NA,1.,1000000000000000000,Uniswap V3 100%|xStocks wrap V2 100%,
2026-09-18T22:00:12+00:00,2026-09-18T22:00+00:00,35373181225,ok,AAPLx,0x9d275685dc284c8eb1c79f6aba7a63dc75ec890a,18,5.0,0.014905722260830702,335.4416453297,NA,1.003269012539818705,1003269012539818700,Uniswap V4 100%|Uniswap V3 100%|xStocks wrap V2 100%,
2026-09-18T22:00:14+00:00,2026-09-18T22:00+00:00,35373181225,ok,COINx,0x364f210f430ec2448fc68a49203040f6124096f0,18,5.0,0.025783541015393013,193.9221613127,NA,1.,1000000000000000000,Uniswap V3 100%|xStocks wrap V2 100%,
2026-09-18T22:00:16+00:00,2026-09-18T22:00+00:00,35373181225,ok,TSMx,0x9e3bf4ecfc44eedd624f26656b6736a3f093b073,18,5.0,0.011531779456655105,433.5844280402,NA,1.006187447932033185,1006187447932033200,Uniswap V3 100%|xStocks wrap V2 100%,
2026-09-18T22:00:17+00:00,2026-09-18T22:00+00:00,35373181225,ok,AVGOx,0x38bac69cbbd28156796e4163b2b6dcb81e336565,18,5.0,0.013983910022715209,357.5537880234,NA,1.004883768486276807,1004883768486276800,Uniswap V3 100%|xStocks wrap V2 100%,
2026-09-18T22:00:19+00:00,2026-09-18T22:00+00:00,35373181225,ok,IWMx,0xdadfb355c6110eda0908740d52c834d6c2bcddc7,18,5.0,0.017619486819657512,283.7767099109,NA,1.004730320498842033,1004730320498842000,Uniswap V3 100%|xStocks wrap V2 100%,
2026-09-18T22:00:21+00:00,2026-09-18T22:00+00:00,35373181225,ok,HOODx,0xe1385fdd5ffb10081cd52c56584f25efa9084015,18,5.0,0.041677863435091111,119.9677619700,NA,1.,1000000000000000000,Uniswap V3 100%|xStocks wrap V2 100%,
2026-09-18T22:00:23+00:00,2026-09-18T22:00+00:00,35373181225,ok,ASMLx,0xc0b417e7f83db438631eb5e096684dd742e5294f,18,5.0,0.002990802730477245,1671.7919737896,NA,1.002866334414662441,1002866334414662400,Uniswap V3 100%|xStocks wrap V2 100%,
2026-09-18T22:05:00+00:00,2026-09-18T22:05+00:00,35373181225,ok,NVDAx,0xc845b2894dbddd03858fd2d643b4ef725fe0849d,18,5.0,0.022506592067181017,222.1571344553,NA,1.001701196801074056,1001701196801074000,Uniswap V4 100%|Uniswap V3 100%|xStocks wrap V2 100%,
2026-09-18T22:05:01+00:00,2026-09-18T22:05+00:00,35373181225,ok,MSTRx,0xae2f842ef90c0d5213259ab82639d5bbf649b08e,18,5.0,0.032598591266399496,153.3808611280,NA,1.,1000000000000000000,Uniswap V3 100%|xStocks wrap V2 100%,
2026-09-18T22:05:03+00:00,2026-09-18T22:05+00:00,35373181225,ok,SPYx,0x90a2a4c76b5d8c0bc892a69ea28aa775a8f2dd48,18,5.0,0.006557634137677656,762.4701066002,NA,1.005714560286254056,1005714560286254000,Uniswap V4 100%|Uniswap V3 100%|xStocks wrap V2 100%,
2026-09-18T22:05:05+00:00,2026-09-18T22:05+00:00,35373181225,ok,QQQx,0xa753a7395cae905cd615da0b82a53e0560f250af,18,5.0,0.006923545766963318,722.1733152770,NA,1.002725029655105127,1002725029655105100,Uniswap V3 100%|xStocks wrap V2 100%,
2026-09-18T22:05:07+00:00,2026-09-18T22:05+00:00,35373181225,ok,GOOGLx,0xe92f673ca36c5e2efd2de7628f815f84807e803f,18,5.0,0.014277336322742045,350.2053805398,NA,1.002377250060348723,1002377250060348700,Uniswap V3 100%|xStocks wrap V2 100%,
2026-09-18T22:05:08+00:00,2026-09-18T22:05+00:00,35373181225,ok,BRK.Bx,0x12992613fdd35abe95dec5a4964331b1ee23b50d,18,5.0,0.009817054477031011,509.3177400307,NA,1.,1000000000000000000,Uniswap V4 100%|Uniswap V3 100%|xStocks wrap V2 100%,
2026-09-18T22:05:10+00:00,2026-09-18T22:05+00:00,35373181225,ok,TSLAx,0x8ad3c73f833d3f9a523ab01476625f269aeb7cf0,18,5.0,0.013720139151212797,364.4277907748,NA,1.,1000000000000000000,Uniswap V3 100%|xStocks wrap V2 100%,
2026-09-18T22:05:11+00:00,2026-09-18T22:05+00:00,35373181225,ok,AAPLx,0x9d275685dc284c8eb1c79f6aba7a63dc75ec890a,18,5.0,0.01490863792268274,335.3760434676,NA,1.003269012539818705,1003269012539818700,Uniswap V4 100%|Uniswap V3 100%|xStocks wrap V2 100%,
2026-09-18T22:05:13+00:00,2026-09-18T22:05+00:00,35373181225,ok,COINx,0x364f210f430ec2448fc68a49203040f6124096f0,18,5.0,0.025736108630224075,194.2795654090,NA,1.,1000000000000000000,Uniswap V3 100%|xStocks wrap V2 100%,
2026-09-18T22:05:15+00:00,2026-09-18T22:05+00:00,35373181225,ok,TSMx,0x9e3bf4ecfc44eedd624f26656b6736a3f093b073,18,5.0,0.011531779456655105,433.5844280402,NA,1.006187447932033185,1006187447932033200,Uniswap V3 100%|xStocks wrap V2 100%,
2026-09-18T22:05:17+00:00,2026-09-18T22:05+00:00,35373181225,ok,AVGOx,0x38bac69cbbd28156796e4163b2b6dcb81e336565,18,5.0,0.013983910022715209,357.5537880234,NA,1.004883768486276807,1004883768486276800,Uniswap V3 100%|xStocks wrap V2 100%,
2026-09-18T22:05:19+00:00,2026-09-18T22:05+00:00,35373181225,ok,IWMx,0xdadfb355c6110eda0908740d52c834d6c2bcddc7,18,5.0,0.017619486810786542,283.7767100537,NA,1.004730320498842033,1004730320498842000,Uniswap V3 100%|xStocks wrap V2 100%,
2026-09-18T22:05:20+00:00,2026-09-18T22:05+00:00,35373181225,ok,HOODx,0xe1385fdd5ffb10081cd52c56584f25efa9084015,18,5.0,0.041677863435091111,119.9677619700,NA,1.,1000000000000000000,Uniswap V3 100%|xStocks wrap V2 100%,
2026-09-18T22:05:22+00:00,2026-09-18T22:05+00:00,35373181225,ok,ASMLx,0xc0b417e7f83db438631eb5e096684dd742e5294f,18,5.0,0.002991613739678124,1671.3387606443,NA,1.002866334414662441,1002866334414662400,Uniswap V3 100%|xStocks wrap V2 100%,
2026-09-18T22:10:00+00:00,2026-09-18T22:10+00:00,35373181225,ok,NVDAx,0xc845b2894dbddd03858fd2d643b4ef725fe0849d,18,5.0,0.022506592067181017,222.1571344553,NA,1.001701196801074056,1001701196801074000,Uniswap V4 100%|Uniswap V3 100%|xStocks wrap V2 100%,
2026-09-18T22:10:01+00:00,2026-09-18T22:10+00:00,35373181225,ok,MSTRx,0xae2f842ef90c0d5213259ab82639d5bbf649b08e,18,5.0,0.032567933029696884,153.5252481464,NA,1.,1000000000000000000,Uniswap V4 100%|Uniswap V3 100%|xStocks wrap V2 100%,
2026-09-18T22:10:03+00:00,2026-09-18T22:10+00:00,35373181225,ok,SPYx,0x90a2a4c76b5d8c0bc892a69ea28aa775a8f2dd48,18,5.0,0.006557634137677656,762.4701066002,NA,1.005714560286254056,1005714560286254000,Uniswap V4 100%|Uniswap V3 100%|xStocks wrap V2 100%,
2026-09-18T22:10:04+00:00,2026-09-18T22:10+00:00,35373181225,ok,QQQx,0xa753a7395cae905cd615da0b82a53e0560f250af,18,5.0,0.006923565015313764,722.1713075476,NA,1.002725029655105127,1002725029655105100,Uniswap V3 100%|xStocks wrap V2 100%,
2026-09-18T22:10:06+00:00,2026-09-18T22:10+00:00,35373181225,ok,GOOGLx,0xe92f673ca36c5e2efd2de7628f815f84807e803f,18,5.0,0.014277336322742045,350.2053805398,NA,1.002377250060348723,1002377250060348700,Uniswap V3 100%|xStocks wrap V2 100%,
2026-09-18T22:10:08+00:00,2026-09-18T22:10+00:00,35373181225,ok,BRK.Bx,0x12992613fdd35abe95dec5a4964331b1ee23b50d,18,5.0,0.009817054477031011,509.3177400307,NA,1.,1000000000000000000,Uniswap V4 100%|Uniswap V3 100%|xStocks wrap V2 100%,
2026-09-18T22:10:09+00:00,2026-09-18T22:10+00:00,35373181225,ok,TSLAx,0x8ad3c73f833d3f9a523ab01476625f269aeb7cf0,18,5.0,0.013720139151212797,364.4277907748,NA,1.,1000000000000000000,Uniswap V3 100%|xStocks wrap V2 100%,
2026-09-18T22:10:11+00:00,2026-09-18T22:10+00:00,35373181225,ok,AAPLx,0x9d275685dc284c8eb1c79f6aba7a63dc75ec890a,18,5.0,0.014910092338451031,335.3433289682,NA,1.003269012539818705,1003269012539818700,Uniswap V4 100%|Uniswap V3 100%|xStocks wrap V2 100%,
2026-09-18T22:10:13+00:00,2026-09-18T22:10+00:00,35373181225,ok,COINx,0x364f210f430ec2448fc68a49203040f6124096f0,18,5.0,0.025761963913457527,194.0845820915,NA,1.,1000000000000000000,Uniswap V3 100%|xStocks wrap V2 100%,
2026-09-18T22:10:15+00:00,2026-09-18T22:10+00:00,35373181225,ok,TSMx,0x9e3bf4ecfc44eedd624f26656b6736a3f093b073,18,5.0,0.011531779456655105,433.5844280402,NA,1.006187447932033185,1006187447932033200,Uniswap V3 100%|xStocks wrap V2 100%,
2026-09-18T22:10:16+00:00,2026-09-18T22:10+00:00,35373181225,ok,AVGOx,0x38bac69cbbd28156796e4163b2b6dcb81e336565,18,5.0,0.013983910022715209,357.5537880234,NA,1.004883768486276807,1004883768486276800,Uniswap V3 100%|xStocks wrap V2 100%,
2026-09-18T22:10:18+00:00,2026-09-18T22:10+00:00,35373181225,ok,IWMx,0xdadfb355c6110eda0908740d52c834d6c2bcddc7,18,5.0,0.017613101444825956,283.8795890470,NA,1.004730320498842033,1004730320498842000,Uniswap V3 100%|xStocks wrap V2 100%,
2026-09-18T22:10:20+00:00,2026-09-18T22:10+00:00,35373181225,ok,HOODx,0xe1385fdd5ffb10081cd52c56584f25efa9084015,18,5.0,0.041677162687125166,119.9697790739,NA,1.,1000000000000000000,Uniswap V3 100%|xStocks wrap V2 100%,
2026-09-18T22:10:21+00:00,2026-09-18T22:10+00:00,35373181225,ok,ASMLx,0xc0b417e7f83db438631eb5e096684dd742e5294f,18,5.0,0.002991613739678124,1671.3387606443,NA,1.002866334414662441,1002866334414662400,Uniswap V3 100%|xStocks wrap V2 100%,
2026-09-18T22:15:00+00:00,2026-09-18T22:15+00:00,35373181225,ok,NVDAx,0xc845b2894dbddd03858fd2d643b4ef725fe0849d,18,5.0,0.022506592067181017,222.1571344553,NA,1.001701196801074056,1001701196801074000,Uniswap V4 100%|Uniswap V3 100%|xStocks wrap V2 100%,
2026-09-18T22:15:01+00:00,2026-09-18T22:15+00:00,35373181225,ok,MSTRx,0xae2f842ef90c0d5213259ab82639d5bbf649b08e,18,5.0,0.032573907753963002,153.4970884601,NA,1.,1000000000000000000,Uniswap V4 100%|Uniswap V3 100%|xStocks wrap V2 100%,
2026-09-18T22:15:03+00:00,2026-09-18T22:15+00:00,35373181225,ok,SPYx,0x90a2a4c76b5d8c0bc892a69ea28aa775a8f2dd48,18,5.0,0.006557634137677656,762.4701066002,NA,1.005714560286254056,1005714560286254000,Uniswap V4 100%|Uniswap V3 100%|xStocks wrap V2 100%,
2026-09-18T22:15:05+00:00,2026-09-18T22:15+00:00,35373181225,ok,QQQx,0xa753a7395cae905cd615da0b82a53e0560f250af,18,5.0,0.006923565015313764,722.1713075476,NA,1.002725029655105127,1002725029655105100,Uniswap V3 100%|xStocks wrap V2 100%,
2026-09-18T22:15:06+00:00,2026-09-18T22:15+00:00,35373181225,ok,GOOGLx,0xe92f673ca36c5e2efd2de7628f815f84807e803f,18,5.0,0.014277336322742045,350.2053805398,NA,1.002377250060348723,1002377250060348700,Uniswap V3 100%|xStocks wrap V2 100%,
2026-09-18T22:15:08+00:00,2026-09-18T22:15+00:00,35373181225,ok,BRK.Bx,0x12992613fdd35abe95dec5a4964331b1ee23b50d,18,5.0,0.009817054477031011,509.3177400307,NA,1.,1000000000000000000,Uniswap V4 100%|Uniswap V3 100%|xStocks wrap V2 100%,
2026-09-18T22:15:10+00:00,2026-09-18T22:15+00:00,35373181225,ok,TSLAx,0x8ad3c73f833d3f9a523ab01476625f269aeb7cf0,18,5.0,0.013720139151212797,364.4277907748,NA,1.,1000000000000000000,Uniswap V3 100%|xStocks wrap V2 100%,
2026-09-18T22:15:12+00:00,2026-09-18T22:15+00:00,35373181225,ok,AAPLx,0x9d275685dc284c8eb1c79f6aba7a63dc75ec890a,18,5.0,0.014910646326155194,335.3308696773,NA,1.003269012539818705,1003269012539818700,Uniswap V4 100%|Uniswap V3 100%|xStocks wrap V2 100%,
2026-09-18T22:15:14+00:00,2026-09-18T22:15+00:00,35373181225,ok,COINx,0x364f210f430ec2448fc68a49203040f6124096f0,18,5.0,0.025761963913457527,194.0845820915,NA,1.,1000000000000000000,Uniswap V3 100%|xStocks wrap V2 100%,
2026-09-18T22:15:15+00:00,2026-09-18T22:15+00:00,35373181225,ok,TSMx,0x9e3bf4ecfc44eedd624f26656b6736a3f093b073,18,5.0,0.011531779456655105,433.5844280402,NA,1.006187447932033185,1006187447932033200,Uniswap V3 100%|xStocks wrap V2 100%,
2026-09-18T22:15:17+00:00,2026-09-18T22:15+00:00,35373181225,ok,AVGOx,0x38bac69cbbd28156796e4163b2b6dcb81e336565,18,5.0,0.013983910022715209,357.5537880234,NA,1.004883768486276807,1004883768486276800,Uniswap V3 100%|xStocks wrap V2 100%,
2026-09-18T22:15:19+00:00,2026-09-18T22:15+00:00,35373181225,ok,IWMx,0xdadfb355c6110eda0908740d52c834d6c2bcddc7,18,5.0,0.017604592681429696,284.0167955305,NA,1.004730320498842033,1004730320498842000,Uniswap V3 100%|xStocks wrap V2 100%,
2026-09-18T22:15:21+00:00,2026-09-18T22:15+00:00,35373181225,ok,HOODx,0xe1385fdd5ffb10081cd52c56584f25efa9084015,18,5.0,0.041676158376950739,119.9726701002,NA,1.,1000000000000000000,Uniswap V3 100%|xStocks wrap V2 100%,
2026-09-18T22:15:22+00:00,2026-09-18T22:15+00:00,35373181225,ok,ASMLx,0xc0b417e7f83db438631eb5e096684dd742e5294f,18,5.0,0.00299258114211592,1670.7984721392,NA,1.002866334414662441,1002866334414662400,Uniswap V3 100%|xStocks wrap V2 100%,
2026-09-18T22:20:00+00:00,2026-09-18T22:20+00:00,35373181225,ok,NVDAx,0xc845b2894dbddd03858fd2d643b4ef725fe0849d,18,5.0,0.022506773270103541,222.1553458594,NA,1.001701196801074056,1001701196801074000,Uniswap V4 100%|Uniswap V3 100%|xStocks wrap V2 100%,
2026-09-18T22:20:02+00:00,2026-09-18T22:20+00:00,35373181225,ok,MSTRx,0xae2f842ef90c0d5213259ab82639d5bbf649b08e,18,5.0,0.032573901235518413,153.4971191767,NA,1.,1000000000000000000,Uniswap V4 100%|Uniswap V3 100%|xStocks wrap V2 100%,
2026-09-18T22:20:03+00:00,2026-09-18T22:20+00:00,35373181225,ok,SPYx,0x90a2a4c76b5d8c0bc892a69ea28aa775a8f2dd48,18,5.0,0.006557632825380136,762.4702591838,NA,1.005714560286254056,1005714560286254000,Uniswap V4 100%|Uniswap V3 100%|xStocks wrap V2 100%,
2026-09-18T22:20:05+00:00,2026-09-18T22:20+00:00,35373181225,ok,QQQx,0xa753a7395cae905cd615da0b82a53e0560f250af,18,5.0,0.006923565015313764,722.1713075476,NA,1.002725029655105127,1002725029655105100,Uniswap V3 100%|xStocks wrap V2 100%,
2026-09-18T22:20:07+00:00,2026-09-18T22:20+00:00,35373181225,ok,GOOGLx,0xe92f673ca36c5e2efd2de7628f815f84807e803f,18,5.0,0.014277336322742045,350.2053805398,NA,1.002377250060348723,1002377250060348700,Uniswap V3 100%|xStocks wrap V2 100%,
2026-09-18T22:20:09+00:00,2026-09-18T22:20+00:00,35373181225,ok,BRK.Bx,0x12992613fdd35abe95dec5a4964331b1ee23b50d,18,5.0,0.009817052512469509,509.3178419540,NA,1.,1000000000000000000,Uniswap V4 100%|Uniswap V3 100%|xStocks wrap V2 100%,
2026-09-18T22:20:10+00:00,2026-09-18T22:20+00:00,35373181225,ok,TSLAx,0x8ad3c73f833d3f9a523ab01476625f269aeb7cf0,18,5.0,0.01372014294021359,364.4276901332,NA,1.,1000000000000000000,Uniswap V3 100%|xStocks wrap V2 100%,
2026-09-18T22:20:12+00:00,2026-09-18T22:20+00:00,35373181225,ok,AAPLx,0x9d275685dc284c8eb1c79f6aba7a63dc75ec890a,18,5.0,0.014911734034158283,335.3064096065,NA,1.003269012539818705,1003269012539818700,Uniswap V4 100%|Uniswap V3 100%|xStocks wrap V2 100%,
2026-09-18T22:20:14+00:00,2026-09-18T22:20+00:00,35373181225,ok,COINx,0x364f210f430ec2448fc68a49203040f6124096f0,18,5.0,0.025761963913457527,194.0845820915,NA,1.,1000000000000000000,Uniswap V3 100%|xStocks wrap V2 100%,
2026-09-18T22:20:15+00:00,2026-09-18T22:20+00:00,35373181225,ok,TSMx,0x9e3bf4ecfc44eedd624f26656b6736a3f093b073,18,5.0,0.011531779456655105,433.5844280402,NA,1.006187447932033185,1006187447932033200,Uniswap V3 100%|xStocks wrap V2 100%,
2026-09-18T22:20:17+00:00,2026-09-18T22:20+00:00,35373181225,ok,AVGOx,0x38bac69cbbd28156796e4163b2b6dcb81e336565,18,5.0,0.013983910022715209,357.5537880234,NA,1.004883768486276807,1004883768486276800,Uniswap V3 100%|xStocks wrap V2 100%,
2026-09-18T22:20:19+00:00,2026-09-18T22:20+00:00,35373181225,ok,IWMx,0xdadfb355c6110eda0908740d52c834d6c2bcddc7,18,5.0,0.017600340611714484,284.0854112035,NA,1.004730320498842033,1004730320498842000,Uniswap V3 100%|xStocks wrap V2 100%,
2026-09-18T22:20:21+00:00,2026-09-18T22:20+00:00,35373181225,ok,HOODx,0xe1385fdd5ffb10081cd52c56584f25efa9084015,18,5.0,0.041675556842686423,119.9744017548,NA,1.,1000000000000000000,Uniswap V3 100%|xStocks wrap V2 100%,
2026-09-18T22:20:23+00:00,2026-09-18T22:20+00:00,35373181225,ok,ASMLx,0xc0b417e7f83db438631eb5e096684dd742e5294f,18,5.0,0.00299258114211592,1670.7984721392,NA,1.002866334414662441,1002866334414662400,Uniswap V3 100%|xStocks wrap V2 100%,
2026-09-18T22:25:00+00:00,2026-09-18T22:25+00:00,35373181225,ok,NVDAx,0xc845b2894dbddd03858fd2d643b4ef725fe0849d,18,5.0,0.022506768766105752,222.1553903166,NA,1.001701196801074056,1001701196801074000,Uniswap V4 100%|Uniswap V3 100%|xStocks wrap V2 100%,
2026-09-18T22:25:01+00:00,2026-09-18T22:25+00:00,35373181225,ok,MSTRx,0xae2f842ef90c0d5213259ab82639d5bbf649b08e,18,5.0,0.032574459933228654,153.4944864857,NA,1.,1000000000000000000,Uniswap V4 100%|Uniswap V3 100%|xStocks wrap V2 100%,
2026-09-18T22:25:03+00:00,2026-09-18T22:25+00:00,35373181225,ok,SPYx,0x90a2a4c76b5d8c0bc892a69ea28aa775a8f2dd48,18,5.0,0.006557631513082616,762.4704117676,NA,1.005714560286254056,1005714560286254000,Uniswap V4 100%|Uniswap V3 100%|xStocks wrap V2 100%,
2026-09-18T22:25:04+00:00,2026-09-18T22:25+00:00,35373181225,ok,QQQx,0xa753a7395cae905cd615da0b82a53e0560f250af,18,5.0,0.00692381493818091,722.1452399641,NA,1.002725029655105127,1002725029655105100,Uniswap V3 100%|xStocks wrap V2 100%,
2026-09-18T22:25:06+00:00,2026-09-18T22:25+00:00,35373181225,ok,GOOGLx,0xe92f673ca36c5e2efd2de7628f815f84807e803f,18,5.0,0.014277336322742045,350.2053805398,NA,1.002377250060348723,1002377250060348700,Uniswap V3 100%|xStocks wrap V2 100%,
2026-09-18T22:25:08+00:00,2026-09-18T22:25+00:00,35373181225,ok,BRK.Bx,0x12992613fdd35abe95dec5a4964331b1ee23b50d,18,5.0,0.009817050547908011,509.3179438773,NA,1.,1000000000000000000,Uniswap V4 100%|Uniswap V3 100%|xStocks wrap V2 100%,
2026-09-18T22:25:10+00:00,2026-09-18T22:25+00:00,35373181225,ok,TSLAx,0x8ad3c73f833d3f9a523ab01476625f269aeb7cf0,18,5.0,0.013725636322327196,364.2818360171,NA,1.,1000000000000000000,Uniswap V3 100%|xStocks wrap V2 100%,
2026-09-18T22:25:12+00:00,2026-09-18T22:25+00:00,35373181225,ok,AAPLx,0x9d275685dc284c8eb1c79f6aba7a63dc75ec890a,18,5.0,0.014911729231972542,335.3065175888,NA,1.003269012539818705,1003269012539818700,Uniswap V4 100%|Uniswap V3 100%|xStocks wrap V2 100%,
2026-09-18T22:25:13+00:00,2026-09-18T22:25+00:00,35373181225,ok,COINx,0x364f210f430ec2448fc68a49203040f6124096f0,18,5.0,0.025755444583678212,194.1337096223,NA,1.,1000000000000000000,Uniswap V3 100%|xStocks wrap V2 100%,
2026-09-18T22:25:15+00:00,2026-09-18T22:25+00:00,35373181225,ok,TSMx,0x9e3bf4ecfc44eedd624f26656b6736a3f093b073,18,5.0,0.011531779456655105,433.5844280402,NA,1.006187447932033185,1006187447932033200,Uniswap V3 100%|xStocks wrap V2 100%,
2026-09-18T22:25:17+00:00,2026-09-18T22:25+00:00,35373181225,ok,AVGOx,0x38bac69cbbd28156796e4163b2b6dcb81e336565,18,5.0,0.013983910022715209,357.5537880234,NA,1.004883768486276807,1004883768486276800,Uniswap V3 100%|xStocks wrap V2 100%,
2026-09-18T22:25:18+00:00,2026-09-18T22:25+00:00,35373181225,ok,IWMx,0xdadfb355c6110eda0908740d52c834d6c2bcddc7,18,5.0,0.017600340611714484,284.0854112035,NA,1.004730320498842033,1004730320498842000,Uniswap V3 100%|xStocks wrap V2 100%,
2026-09-18T22:25:20+00:00,2026-09-18T22:25+00:00,35373181225,ok,HOODx,0xe1385fdd5ffb10081cd52c56584f25efa9084015,18,5.0,0.041675556842686423,119.9744017548,NA,1.,1000000000000000000,Uniswap V3 100%|xStocks wrap V2 100%,
2026-09-18T22:25:21+00:00,2026-09-18T22:25+00:00,35373181225,ok,ASMLx,0xc0b417e7f83db438631eb5e096684dd742e5294f,18,5.0,0.00299258114211592,1670.7984721392,NA,1.002866334414662441,1002866334414662400,Uniswap V3 100%|xStocks wrap V2 100%,
2026-09-18T22:30:00+00:00,2026-09-18T22:30+00:00,35373181225,ok,NVDAx,0xc845b2894dbddd03858fd2d643b4ef725fe0849d,18,5.0,0.022506579586763956,222.1572576466,NA,1.001701196801074056,1001701196801074000,Uniswap V4 100%|Uniswap V3 100%|xStocks wrap V2 100%,
2026-09-18T22:30:01+00:00,2026-09-18T22:30+00:00,35373181225,ok,MSTRx,0xae2f842ef90c0d5213259ab82639d5bbf649b08e,18,5.0,0.03257417311669001,153.4958380091,NA,1.,1000000000000000000,Uniswap V4 100%|Uniswap V3 100%|xStocks wrap V2 100%,
2026-09-18T22:30:03+00:00,2026-09-18T22:30+00:00,35373181225,ok,SPYx,0x90a2a4c76b5d8c0bc892a69ea28aa775a8f2dd48,18,5.0,0.006557574743210025,762.4770125841,NA,1.005714560286254056,1005714560286254000,Uniswap V4 100%|Uniswap V3 100%|xStocks wrap V2 100%,
2026-09-18T22:30:05+00:00,2026-09-18T22:30+00:00,35373181225,ok,QQQx,0xa753a7395cae905cd615da0b82a53e0560f250af,18,5.0,0.006923820084996083,722.1447031582,NA,1.002725029655105127,1002725029655105100,Uniswap V3 100%|xStocks wrap V2 100%,
2026-09-18T22:30:07+00:00,2026-09-18T22:30+00:00,35373181225,ok,GOOGLx,0xe92f673ca36c5e2efd2de7628f815f84807e803f,18,5.0,0.014277336322742045,350.2053805398,NA,1.002377250060348723,1002377250060348700,Uniswap V3 100%|xStocks wrap V2 100%,
2026-09-18T22:30:09+00:00,2026-09-18T22:30+00:00,35373181225,ok,BRK.Bx,0x12992613fdd35abe95dec5a4964331b1ee23b50d,18,5.0,0.009816964107202024,509.3224285430,NA,1.,1000000000000000000,Uniswap V4 100%|Uniswap V3 100%|xStocks wrap V2 100%,
2026-09-18T22:30:11+00:00,2026-09-18T22:30+00:00,35373181225,ok,TSLAx,0x8ad3c73f833d3f9a523ab01476625f269aeb7cf0,18,5.0,0.013725636322327196,364.2818360171,NA,1.,1000000000000000000,Uniswap V3 100%|xStocks wrap V2 100%,
2026-09-18T22:30:13+00:00,2026-09-18T22:30+00:00,35373181225,ok,AAPLx,0x9d275685dc284c8eb1c79f6aba7a63dc75ec890a,18,5.0,0.014911363385773075,335.3147442420,NA,1.003269012539818705,1003269012539818700,Uniswap V4 100%|Uniswap V3 100%|xStocks wrap V2 100%,
2026-09-18T22:30:15+00:00,2026-09-18T22:30+00:00,35373181225,ok,COINx,0x364f210f430ec2448fc68a49203040f6124096f0,18,5.0,0.025748911186904418,194.1829681149,NA,1.,1000000000000000000,Uniswap V3 100%|xStocks wrap V2 100%,
2026-09-18T22:30:16+00:00,2026-09-18T22:30+00:00,35373181225,ok,TSMx,0x9e3bf4ecfc44eedd624f26656b6736a3f093b073,18,5.0,0.011531779456655105,433.5844280402,NA,1.006187447932033185,1006187447932033200,Uniswap V3 100%|xStocks wrap V2 100%,
2026-09-18T22:30:18+00:00,2026-09-18T22:30+00:00,35373181225,ok,AVGOx,0x38bac69cbbd28156796e4163b2b6dcb81e336565,18,5.0,0.013983910022715209,357.5537880234,NA,1.004883768486276807,1004883768486276800,Uniswap V3 100%|xStocks wrap V2 100%,
2026-09-18T22:30:19+00:00,2026-09-18T22:30+00:00,35373181225,ok,IWMx,0xdadfb355c6110eda0908740d52c834d6c2bcddc7,18,5.0,0.017600340611714484,284.0854112035,NA,1.004730320498842033,1004730320498842000,Uniswap V3 100%|xStocks wrap V2 100%,
2026-09-18T22:30:21+00:00,2026-09-18T22:30+00:00,35373181225,ok,HOODx,0xe1385fdd5ffb10081cd52c56584f25efa9084015,18,5.0,0.041675556842686423,119.9744017548,NA,1.,1000000000000000000,Uniswap V3 100%|xStocks wrap V2 100%,
2026-09-18T22:30:22+00:00,2026-09-18T22:30+00:00,35373181225,ok,ASMLx,0xc0b417e7f83db438631eb5e096684dd742e5294f,18,5.0,0.00299258114211592,1670.7984721392,NA,1.002866334414662441,1002866334414662400,Uniswap V3 100%|xStocks wrap V2 100%,
2026-09-18T22:35:00+00:00,2026-09-18T22:35+00:00,35373181225,ok,NVDAx,0xc845b2894dbddd03858fd2d643b4ef725fe0849d,18,5.0,0.022506579586763956,222.1572576466,NA,1.001701196801074056,1001701196801074000,Uniswap V4 100%|Uniswap V3 100%|xStocks wrap V2 100%,
2026-09-18T22:35:01+00:00,2026-09-18T22:35+00:00,35373181225,ok,MSTRx,0xae2f842ef90c0d5213259ab82639d5bbf649b08e,18,5.0,0.032609262074882142,153.3306699342,NA,1.,1000000000000000000,Uniswap V4 100%|Uniswap V3 100%|xStocks wrap V2 100%,
2026-09-18T22:35:03+00:00,2026-09-18T22:35+00:00,35373181225,ok,SPYx,0x90a2a4c76b5d8c0bc892a69ea28aa775a8f2dd48,18,5.0,0.006557574743210025,762.4770125841,NA,1.005714560286254056,1005714560286254000,Uniswap V4 100%|Uniswap V3 100%|xStocks wrap V2 100%,
2026-09-18T22:35:05+00:00,2026-09-18T22:35+00:00,35373181225,ok,QQQx,0xa753a7395cae905cd615da0b82a53e0560f250af,18,5.0,0.006923820084996083,722.1447031582,NA,1.002725029655105127,1002725029655105100,Uniswap V3 100%|xStocks wrap V2 100%,
2026-09-18T22:35:07+00:00,2026-09-18T22:35+00:00,35373181225,ok,GOOGLx,0xe92f673ca36c5e2efd2de7628f815f84807e803f,18,5.0,0.014277336322742045,350.2053805398,NA,1.002377250060348723,1002377250060348700,Uniswap V3 100%|xStocks wrap V2 100%,
2026-09-18T22:35:09+00:00,2026-09-18T22:35+00:00,35373181225,ok,BRK.Bx,0x12992613fdd35abe95dec5a4964331b1ee23b50d,18,5.0,0.009816964107202024,509.3224285430,NA,1.,1000000000000000000,Uniswap V4 100%|Uniswap V3 100%|xStocks wrap V2 100%,
2026-09-18T22:35:10+00:00,2026-09-18T22:35+00:00,35373181225,ok,TSLAx,0x8ad3c73f833d3f9a523ab01476625f269aeb7cf0,18,5.0,0.013725636322327196,364.2818360171,NA,1.,1000000000000000000,Uniswap V3 100%|xStocks wrap V2 100%,
2026-09-18T22:35:12+00:00,2026-09-18T22:35+00:00,35373181225,ok,AAPLx,0x9d275685dc284c8eb1c79f6aba7a63dc75ec890a,18,5.0,0.01491130877472668,335.3159722958,NA,1.003269012539818705,1003269012539818700,Uniswap V4 100%|Uniswap V3 100%|xStocks wrap V2 100%,
2026-09-18T22:35:14+00:00,2026-09-18T22:35+00:00,35373181225,ok,COINx,0x364f210f430ec2448fc68a49203040f6124096f0,18,5.0,0.025789216993331976,193.8794807649,NA,1.,1000000000000000000,CurveNG 100%|ElfomoFi 100%|Uniswap V3 100%|xStocks wrap V2 100%,
2026-09-18T22:35:16+00:00,2026-09-18T22:35+00:00,35373181225,ok,TSMx,0x9e3bf4ecfc44eedd624f26656b6736a3f093b073,18,5.0,0.011531779456655105,433.5844280402,NA,1.006187447932033185,1006187447932033200,Uniswap V3 100%|xStocks wrap V2 100%,
2026-09-18T22:35:18+00:00,2026-09-18T22:35+00:00,35373181225,ok,AVGOx,0x38bac69cbbd28156796e4163b2b6dcb81e336565,18,5.0,0.013983910022715209,357.5537880234,NA,1.004883768486276807,1004883768486276800,Uniswap V3 100%|xStocks wrap V2 100%,
2026-09-18T22:35:20+00:00,2026-09-18T22:35+00:00,35373181225,ok,IWMx,0xdadfb355c6110eda0908740d52c834d6c2bcddc7,18,5.0,0.017600340611714484,284.0854112035,NA,1.004730320498842033,1004730320498842000,Uniswap V3 100%|xStocks wrap V2 100%,
2026-09-18T22:35:21+00:00,2026-09-18T22:35+00:00,35373181225,ok,HOODx,0xe1385fdd5ffb10081cd52c56584f25efa9084015,18,5.0,0.041675556842686423,119.9744017548,NA,1.,1000000000000000000,Uniswap V3 100%|xStocks wrap V2 100%,
2026-09-18T22:35:23+00:00,2026-09-18T22:35+00:00,35373181225,ok,ASMLx,0xc0b417e7f83db438631eb5e096684dd742e5294f,18,5.0,0.002993117001528979,1670.4993481531,NA,1.002866334414662441,1002866334414662400,Uniswap V3 100%|xStocks wrap V2 100%,
2026-09-18T22:40:00+00:00,2026-09-18T22:40+00:00,35373181225,ok,NVDAx,0xc845b2894dbddd03858fd2d643b4ef725fe0849d,18,5.0,0.022506818298742362,222.1549014007,NA,1.001701196801074056,1001701196801074000,CurveNG 100%|Uniswap V4 100%|Uniswap V3 100%|xStocks wrap V2 100%,
2026-09-18T22:40:01+00:00,2026-09-18T22:40+00:00,35373181225,ok,MSTRx,0xae2f842ef90c0d5213259ab82639d5bbf649b08e,18,5.0,0.032666889785660257,153.0601790623,NA,1.,1000000000000000000,CurveNG 100%|Uniswap V4 100%|Uniswap V3 100%|xStocks wrap V2 100%,
2026-09-18T22:40:03+00:00,2026-09-18T22:40+00:00,35373181225,ok,SPYx,0x90a2a4c76b5d8c0bc892a69ea28aa775a8f2dd48,18,5.0,0.006557644294988895,762.4689255898,NA,1.005714560286254056,1005714560286254000,CurveNG 100%|Uniswap V4 100%|Uniswap V3 100%|xStocks wrap V2 100%,
2026-09-18T22:40:05+00:00,2026-09-18T22:40+00:00,35373181225,ok,QQQx,0xa753a7395cae905cd615da0b82a53e0560f250af,18,5.0,0.006923806396901085,722.1461308101,NA,1.002725029655105127,1002725029655105100,Uniswap V3 100%|xStocks wrap V2 100%,
2026-09-18T22:40:07+00:00,2026-09-18T22:40+00:00,35373181225,ok,GOOGLx,0xe92f673ca36c5e2efd2de7628f815f84807e803f,18,5.0,0.014277336322742045,350.2053805398,NA,1.002377250060348723,1002377250060348700,Uniswap V3 100%|xStocks wrap V2 100%,
2026-09-18T22:40:08+00:00,2026-09-18T22:40+00:00,35373181225,ok,BRK.Bx,0x12992613fdd35abe95dec5a4964331b1ee23b50d,18,5.0,0.009817068228961508,509.3170265690,NA,1.,1000000000000000000,CurveNG 100%|Uniswap V4 100%|Uniswap V3 100%|xStocks wrap V2 100%,
2026-09-18T22:40:10+00:00,2026-09-18T22:40+00:00,35373181225,ok,TSLAx,0x8ad3c73f833d3f9a523ab01476625f269aeb7cf0,18,5.0,0.013725636322327196,364.2818360171,NA,1.,1000000000000000000,Uniswap V3 100%|xStocks wrap V2 100%,
2026-09-18T22:40:12+00:00,2026-09-18T22:40+00:00,35373181225,ok,AAPLx,0x9d275685dc284c8eb1c79f6aba7a63dc75ec890a,18,5.0,0.014911004404167282,335.3228169259,NA,1.003269012539818705,1003269012539818700,CurveNG 100%|Uniswap V4 100%|Uniswap V3 100%|xStocks wrap V2 100%,
2026-09-18T22:40:13+00:00,2026-09-18T22:40+00:00,35373181225,ok,COINx,0x364f210f430ec2448fc68a49203040f6124096f0,18,5.0,0.025738045947463421,194.2649418766,NA,1.,1000000000000000000,Uniswap V3 100%|xStocks wrap V2 100%,
2026-09-18T22:40:15+00:00,2026-09-18T22:40+00:00,35373181225,ok,TSMx,0x9e3bf4ecfc44eedd624f26656b6736a3f093b073,18,5.0,0.011531779456655105,433.5844280402,NA,1.006187447932033185,1006187447932033200,Uniswap V3 100%|xStocks wrap V2 100%,
2026-09-18T22:40:17+00:00,2026-09-18T22:40+00:00,35373181225,ok,AVGOx,0x38bac69cbbd28156796e4163b2b6dcb81e336565,18,5.0,0.013983910022715209,357.5537880234,NA,1.004883768486276807,1004883768486276800,Uniswap V3 100%|xStocks wrap V2 100%,
2026-09-18T22:40:19+00:00,2026-09-18T22:40+00:00,35373181225,ok,IWMx,0xdadfb355c6110eda0908740d52c834d6c2bcddc7,18,5.0,0.017600340611714484,284.0854112035,NA,1.004730320498842033,1004730320498842000,Uniswap V3 100%|xStocks wrap V2 100%,
2026-09-18T22:40:21+00:00,2026-09-18T22:40+00:00,35373181225,ok,HOODx,0xe1385fdd5ffb10081cd52c56584f25efa9084015,18,5.0,0.041685692762043453,119.9452298548,NA,1.,1000000000000000000,Uniswap V3 100%|xStocks wrap V2 100%,
2026-09-18T22:40:22+00:00,2026-09-18T22:40+00:00,35373181225,ok,ASMLx,0xc0b417e7f83db438631eb5e096684dd742e5294f,18,5.0,0.002993117001528979,1670.4993481531,NA,1.002866334414662441,1002866334414662400,Uniswap V3 100%|xStocks wrap V2 100%,
